选项,指标,20250930,20250630,20250331,20241231,20240930,20240630,20240331,20231231,20230930,20230630,20230331,20221231,20220930,20220630,20220331,20211231,20210930,20210630,20210331,20201231,20200930,20200630,20200331,20191231,20190930,20190630,20190331,20181231,20180930,20180630,20180331,20171231,20170930,20170630,20170331,20161231,20160930,20160630,20160331,20151231,20150930,20150630,20150331,20141231,20140930,20140630,20140331,20131231,20130930,20130630,20130331,20121231,20120930,20120630,20120331,20111231,20110930,20110630,20110331,20101231,20100930,20100630,20100331,20091231,20090930,20090630,20090331,20081231,20080930,20080630,20080331,20071231,20070930,20070630,20070331,20061231,20060930,20060630,20060331,20051231,20050930,20050630,20050331,20041231,20040930,20040630,20040331,20031231,20030930,20030630,20030331,20021231,20020630,20011231,20001231
常用指标,归母净利润,1095810320.33,750045894.17,295855594.61,925847484.77,667939034.32,437791469.9,187599319.75,441905715.29,274071381.14,158022499.5,44726227.5,-1071204611.73,-627184925.64,-517233391.47,-82702163.22,-405846660.4,-490145413.05,-410046869.28,-154723719.92,-250252741.45,-299385012.9,-168377102.34,-63008996.95,1073896263.95,646009904.87,472998415.29,243466874.34,1129170962.91,918641025.99,703051235.0,432826612.21,1595784592.59,1176700708.32,780903028.42,407846549.47,1393853026.37,1056932376.4,699161580.52,347243361.49,1252912553.39,926277348.71,618245247.4,309451513.69,1087642575.52,744891353.11,524344963.94,249154031.79,894957615.68,664635416.02,451345703.26,216375017.35,753089789.84,576252796.06,389103213.64,180215609.8,697102478.89,494608509.16,328126981.55,166598374.14,587778570.54,456151344.95,274013149.08,157556852.5,543894656.68,378685744.03,253905290.54,120362159.31,485774462.75,375066200.54,250235105.32,132641967.28,360862631.91,302777791.6,186879370.18,95421081.16,293881503.35,222818143.74,129282630.95,72191445.42,251512856.24,193439102.17,129581746.29,62531691.47,300390688.05,263207860.8,223202810.32,120968226.44,296143763.64,201695428.91,93269866.43,71703867.16,286680304.5,136567896.71,296790169.3,196757724.33
常用指标,营业总收入,5696989177.67,3726046191.85,1821504052.94,7423597248.19,5300466961.13,3460271426.09,1663169168.77,6430868267.12,4607371885.85,2890411446.82,1359270870.5,3970959862.12,3307660191.44,2032359107.9,1238918088.11,5180238340.82,3629240652.5,2395562379.95,1185443639.61,5224638139.32,3761200353.53,2353508327.45,1314178096.01,8238623227.28,6116260772.09,4042560015.27,2008767235.77,7746817875.68,5803394924.71,3720615775.06,1723798620.17,6761550874.37,4918489181.87,3213661518.38,1583747526.69,6166683056.12,4534592334.78,3019266583.12,1458481996.2,5632533698.58,4196487790.03,2773932728.75,1389542513.23,5527678576.31,4079988837.69,2681437778.79,1288196061.04,5141313419.26,3796730790.04,2462324707.53,1184294457.58,4673315397.0,3460081754.52,2289404113.94,1111786173.66,4239351634.93,3105533447.91,2028306165.18,986571753.74,3865479479.2,2735574710.42,1772855408.44,866730658.67,3306089482.58,2349252600.06,1549833425.46,768414498.45,3049701649.16,2265222000.34,1511455848.98,754796835.01,2683440041.75,1953381247.08,1274734794.43,621061130.22,2409797561.55,1782559040.05,1187910368.91,589704365.51,2149308234.93,1520411535.9,979579514.6,446053032.57,1573941614.2,1093635054.1,714288559.48,349186247.05,1074704071.12,707547899.46,403001804.17,251104992.19,953267504.3,438115290.63,851587747.68,783349967.97
常用指标,营业成本,4637197074.48,3022619170.51,1499276003.09,6209452605.37,4445303898.76,2877290783.74,1421057727.78,5845329163.75,4298241273.98,2719842138.6,1310380177.32,5578197809.52,4212766213.16,2800748177.81,1377989748.94,5864561699.34,4317764263.61,2954114222.79,1398921238.67,5722639515.75,4237039570.07,2684853401.39,1301411816.35,6959268450.64,5322348369.42,3445505051.96,1656942441.21,6274446776.81,4627133097.53,2795845084.14,1143989444.92,4676282519.9,3379648080.37,2193721979.53,1083057259.85,4297098365.89,3144787863.07,2100396176.28,1002078097.22,3903693337.42,2922531397.73,1921963843.27,959915021.18,3961419574.69,3052362503.66,1980701849.98,942245089.01,3827968044.52,2875850278.28,1840802770.54,876138737.59,3531216533.52,2681512803.2,1769334812.25,872552738.76,3289189793.41,2399503923.82,1564615630.01,760778114.63,3034051569.74,2085893753.03,1379440693.94,642326171.09,2553120529.57,1806742862.18,1190660991.54,593418074.99,2341595780.97,1709630227.94,1141254015.2,565231062.0,2088946561.71,1443003437.07,968434725.99,467357823.94,1937505837.53,1414902665.26,970482777.77,469200480.32,1749645338.42,1204651242.57,764455505.87,351559523.19,1094512809.97,674923650.5,362078237.84,160408066.69,605314683.54,391289373.19,260232819.79,139095172.77,581293157.72,266415027.2,531782586.66,465476576.44
常用指标,净利润,1123100344.68,769771449.32,306795021.89,965752959.58,697351127.95,466977569.5,198973042.0,481003664.14,291482304.56,170430299.56,51150627.1,-1091789852.15,-632197812.49,-530623709.84,-77106896.98,-385406197.12,-482221301.92,-398967903.86,-152625642.33,-231929979.51,-285486472.21,-168821898.41,-63499154.35,1130647703.38,687930527.14,494846402.02,265072071.73,1161928946.16,939631066.07,715790949.4,436436314.2,1601244176.32,1180049882.34,786451405.75,410774438.58,1391941654.59,1059693410.16,702212899.01,346777207.37,1293305229.2,963266648.28,649543648.95,323870176.92,1156854699.43,795687915.22,557628693.83,266014710.68,950544033.99,707267177.96,478932761.39,231148687.45,791113116.51,608419202.34,408646352.71,190838853.21,730351975.23,516053775.41,338989572.7,171247892.84,622596120.29,484984203.71,292537697.19,166953807.41,566414871.8,400267874.44,269309766.39,128730371.03,517354519.46,404477056.48,270937349.97,143947088.67,392337364.15,338280716.22,197252285.1,101218384.32,306614045.16,245983643.31,144448567.17,82168111.4,261558105.73,197217004.55,130849772.21,61824644.44,310891146.57,277743555.6,234393483.71,127236038.12,312149875.5,209321026.94,94666964.26,75007201.43,296590044.66,140611151.48,300977320.37,201929320.36
常用指标,扣非净利润,855337481.64,561820232.98,265065067.3,906113528.96,652431317.3,425067327.33,186161491.52,382603900.06,248506096.22,139708902.78,38262999.79,-1122150771.32,-653202990.1,-535900038.65,-90839201.65,-454625431.05,-523264094.46,-431409322.63,-165855895.88,-652981325.94,-482430603.18,-338023087.61,-186544940.33,942148612.29,521723728.85,405681295.77,214298074.99,1078229015.37,914633402.37,700857214.35,431843540.39,1564238738.86,1198716151.01,780332987.27,380561596.13,1391704515.38,1038191660.43,685756148.88,341105561.88,1237164126.66,910266848.94,609181943.73,304780212.9,1109822180.45,728634643.2,512456052.91,241242513.55,915748005.55,649549067.16,441335400.71,211250215.13,806728917.26,551263376.48,368405806.69,164639655.71,672617938.34,480660408.45,318916937.0,161675939.64,579579931.44,452407528.76,270074620.87,157193491.98,543523889.92,376258989.79,251572756.54,118836210.07,488286010.39,375834816.13,250883867.64,132567211.82,359047850.52,302200773.48,186444184.28,95319413.74,292573577.92,,127962960.97,71512191.09,250678611.76,192229258.94,129027021.22,62288072.62,284261692.89,266147919.59,225471451.35,122457933.39,295438801.64,202122756.97,93547376.99,71832404.3,,136405881.56,198524349.12,
常用指标,股东权益合计(净资产),19320723319.26,18992920218.57,18895861110.89,18591974090.92,18316761435.02,18085013841.7,17990799814.79,17806342884.11,17686118523.42,17579032198.75,17457813858.34,17408601899.19,17914532833.67,18060333480.28,18523220521.56,18600973641.19,18500387419.37,18546266558.13,18902414342.78,19463369309.63,16226889606.13,16640304472.04,16747534034.14,17170974885.48,16013082801.27,16195990093.55,16000116890.93,15742310661.96,15823669691.74,15801292850.25,15549228655.2,15099787202.04,14685905337.31,14291459227.26,11363719531.42,10874475844.16,10797248435.01,10434593352.69,10490897006.99,9561151214.26,9429678065.68,9163775542.45,9172536118.51,8856587611.47,8399177028.74,8153186246.87,8285182294.9,8026385121.61,7793229120.55,7566214703.98,7709450477.62,7472691790.17,7281057406.82,7087224557.19,7275481581.46,7088626454.11,6876525680.27,6730320670.6,6927660764.17,6761157945.75,6555366029.17,6378121423.68,6552325387.93,6385371580.52,6222824583.16,6107964289.19,6162884893.83,6034154522.8,5924945056.52,5799998716.64,5880040238.99,5736093150.32,4518023282.89,4416501478.16,4328331244.31,4373223016.98,4300928485.45,4204568309.03,4249838571.7,4153097839.31,4078963343.87,4012837470.49,4199258452.62,4135591036.8,4082735527.83,4114857579.94,4017536059.83,3890300021.7,3788581547.33,3673927484.86,1371837731.03,1433330529.6,,1129696762.56,972486180.53
常用指标,商誉,,,,,,,,,,,,,,,,,,,,,,,,,,,,,,,,,,,,,,,,,,,,,,,,,,,,,,,,,,,,,,,,,,,,,,,,,,,,,,,,,,,,,,,,,,,,,,,
常用指标,经营现金流量净额,2761901371.66,1735597434.27,914405207.75,3410126652.46,2783033198.39,1969548873.21,1086953944.59,2359665123.9,1899870144.05,1010641723.39,251852443.52,868506661.92,443502027.22,166837065.95,177793365.01,844850285.57,350381642.4,348335314.11,171780523.88,-34625928.27,448419562.11,378581239.86,627766711.22,3062424617.05,2452080806.78,1413914118.15,423617496.99,3119314301.61,2578877273.71,1725639371.98,636535663.17,2153068900.14,1591489962.48,1607753054.48,443738332.73,1956099715.66,1314892443.81,1010386361.69,97578728.65,1765759045.9,1209008984.12,1064719807.89,224087496.09,1823799354.15,1141974147.04,827492221.07,110414871.86,1965968927.28,1425917380.56,895776602.7,216988976.32,1796659660.92,1231863627.05,878603093.71,265016285.38,1310123346.88,759127008.42,452665299.04,60278942.15,1646454332.71,1581501597.63,674812182.06,214291040.36,1155240866.83,630370222.09,471014601.11,149132306.82,996375080.46,526013901.84,227605028.86,77241738.45,1143664416.49,907792375.78,244059635.2,168491635.71,1041718763.71,606963883.08,360662052.42,176842749.96,465104333.38,461333359.83,182709932.55,81641987.8,291479375.66,275925669.53,198410515.18,142955995.04,381992837.72,276182380.85,210184480.28,113662704.92,284358823.68,124769472.61,,
常用指标,基本每股收益,0.46,0.32,0.13,0.39,0.28,0.18,0.08,0.19,0.12,0.07,0.02,-0.45,-0.27,-0.22,-0.03,-0.17,-0.21,-0.17,-0.07,-0.12,-0.14,-0.08,-0.03,0.52,0.31,0.23,0.12,0.55,0.44,0.34,0.21,0.82,0.57,0.55,0.35,0.84,0.92,0.61,0.3,1.09,0.81,0.54,0.27,0.95,0.65,0.46,0.217,0.78,0.578,0.39,0.188,0.65,0.501,0.338,0.157,0.61,0.43,0.285,0.145,0.51,0.4,0.238,0.137,0.47,0.329,0.221,0.105,0.42,0.326,0.22,0.115,0.36,0.303,0.187,0.095,0.29,0.223,0.129,0.07,0.25,,0.13,,0.28,,0.22,,0.34,,0.13,,0.48,,0.49,0.33
常用指标,每股净资产,8.050927,7.915618,7.875659,7.751881,7.640029,7.539754,7.516142,7.433613,7.379236,7.330203,7.281513,7.263434,7.466006,7.515057,7.702617,7.737834,7.707063,7.746231,7.900507,8.138373,7.746009,7.952723,8.004564,7.871557,7.656895,7.754923,7.660447,7.546303,7.591424,7.577458,7.46107,7.251751,6.856068,9.673558,9.395402,9.023905,9.247269,8.931874,8.947911,8.322929,8.034355,7.808084,7.648123,7.383249,7.001306,6.802629,6.931689,6.720098,6.525767,6.341446,6.476593,6.283562,6.1186,5.961026,6.129672,5.973823,5.799481,5.666462,5.839776,5.698639,5.521415,5.363034,5.521768,5.384762,5.241102,5.132597,5.186472,5.08181,4.98446,4.875748,4.953684,4.83818,4.342503,4.226789,4.137164,4.177802,4.102721,4.01436,4.057696,3.985932,3.910131,3.846274,4.029175,3.966643,3.946161,4.003607,3.900358,3.779389,3.684941,3.576515,2.120523,2.001016,,1.763216,1.498566
常用指标,每股现金流,1.166975,0.733335,0.386359,1.440867,1.175903,0.832185,0.459266,0.997019,0.802744,0.427022,0.106414,0.366966,0.187391,0.070492,0.075122,0.356971,0.148045,0.14718,0.072581,-0.01463,0.216698,0.182949,0.303368,1.45589,1.181263,0.679452,0.190005,1.507409,1.246243,0.833915,0.307606,1.040471,0.769088,1.126573,0.383718,1.70086,1.143358,0.872881,0.078321,1.512271,1.051312,0.925843,0.194858,1.585912,0.99302,0.719558,0.096012,1.709538,1.239928,0.778936,0.188686,1.562312,1.071185,0.764002,0.230448,1.139237,0.66011,0.393621,0.052416,1.431699,1.375218,0.586793,0.18634,1.004557,0.548148,0.409577,0.12968,0.866413,0.457403,0.197917,0.067166,0.99449,0.907792,0.244059,0.168491,1.041718,0.606963,0.360662,0.176842,0.465104,0.461333,0.182709,0.081641,0.291479,0.275925,0.19841,0.142955,0.381992,0.276182,0.210184,0.189437,0.473931,,,
常用指标,净资产收益率(ROE),5.84,4.02,1.6,5.15,3.74,2.46,1.06,2.54,1.58,0.92,0.26,-6.03,-3.49,-2.87,-0.45,-2.18,-2.64,-2.2,-0.82,-1.46,-1.81,-1.01,-0.09,6.42,3.91,2.86,0.72,7.36,5.9,4.55,2.85,12.24,10.43,6.93,2.94,13.53,10.59,7.01,3.86,13.97,10.48,7.03,3.434,13.38,9.36,6.56,3.173,11.91,8.94,6.06,2.95,10.64,8.2,5.51,2.589,10.36,7.4,4.88,2.51,9.28,7.22,4.33,2.481,9.04,,4.25,,8.52,,,,8.4,,,,7.19,,3.17,,6.35,,3.25,,7.23,,5.74,,10.27,,4.64,,23.86,,28.33,
常用指标,总资产报酬率(ROA),5.485095,3.783411,1.533687,5.444952,3.914671,2.613085,1.135463,3.064677,1.516467,0.899161,0.365525,-4.799963,-2.85343,-2.453551,-0.364329,-1.509647,-2.044735,-1.728622,-0.668697,-0.528212,-0.725557,-0.267649,0.704441,5.326306,3.400975,2.424787,1.383345,6.81573,5.337776,3.960828,2.570862,10.947797,8.308015,5.698806,2.993674,12.638611,9.538617,6.464895,3.177253,14.977538,11.102051,7.569411,3.772743,14.741956,10.109176,7.000917,3.49616,13.042506,9.484589,6.328878,3.176138,10.871287,8.220002,5.518433,2.667393,9.591692,6.65345,4.49966,2.209273,7.890788,6.67373,4.193074,2.164431,8.152216,6.94809,4.579251,2.228955,8.765256,6.922355,4.642527,2.417849,8.368217,7.995915,4.753733,2.345462,8.073873,6.149059,3.757646,2.027984,6.376855,4.700573,3.209284,1.385412,7.629953,7.533259,7.763452,4.156563,15.414095,10.102901,4.980508,6.021275,23.124721,,23.276049,25.469118
常用指标,毛利率,29.032178,28.851752,27.848493,27.046255,27.055078,27.557358,25.563354,21.125423,20.284612,19.27726,16.925263,-24.123751,-10.776395,-21.157045,1.817792,-0.915747,-5.405804,-9.263499,-3.34593,-1.155579,-2.563562,-5.120607,4.713887,24.11178,21.071008,22.038338,21.340796,29.748148,28.560307,32.150736,39.712422,40.562664,38.951458,39.462722,38.675561,39.610373,39.360239,39.158641,39.840929,40.100819,40.011836,39.848031,39.687548,38.623691,34.375979,34.974665,35.997562,36.567728,34.201965,35.318494,36.170595,38.953914,37.326218,36.974593,37.041324,37.386322,38.244431,38.067787,39.80234,36.553125,39.284402,38.881494,41.59761,42.547725,42.44242,42.918235,40.065645,42.17509,43.51449,43.916196,45.499818,46.75426,48.208031,47.486477,48.565978,47.671741,47.88309,46.578336,48.447077,44.818649,46.783393,49.415255,49.915628,54.398018,61.102529,69.681705,70.498529,64.327698,63.720944,57.800752,64.35505,61.033066,61.503906,58.987136,59.77274
常用指标,销售净利率,19.713928,20.659203,16.84295,13.009231,13.156409,13.495402,11.963487,7.479606,6.326433,5.896402,3.763093,-27.494356,-19.113142,-26.108757,-6.223728,-7.439931,-13.287112,-16.654456,-12.87498,-4.439158,-7.590302,-7.173201,-4.831853,13.42593,10.539846,11.659165,12.784214,14.99879,16.191058,19.238507,25.318288,23.681611,23.992121,24.472129,25.936863,22.571966,23.369099,23.388913,23.936066,23.036069,22.954115,23.415984,23.307683,20.9284,19.502208,20.795884,20.650172,18.48835,18.62832,19.45043,19.517839,16.928305,17.583954,17.849463,17.165068,17.227916,16.617234,16.712939,17.357875,16.106569,17.728786,16.500933,19.262478,17.132472,17.038094,17.376691,16.752725,16.964102,17.855956,17.925588,19.070971,14.620686,17.3177,15.473986,16.297652,12.585102,13.602157,12.087932,13.861306,12.169408,12.97129,13.357748,13.860379,19.485805,25.396365,32.814957,36.437872,29.396766,29.977286,23.946897,30.389817,31.563696,32.522594,35.899676,25.879917
常用指标,期间费用率,7.937632,7.34126,7.441231,8.493319,8.720107,8.525835,8.755788,9.624357,11.129081,10.769631,10.572064,13.826128,13.524022,13.458064,10.349297,10.579223,11.937024,12.046581,11.91934,6.703859,8.099013,7.2501,3.356945,7.062723,5.938019,5.310321,2.186832,9.085704,7.431603,6.361564,4.401657,8.136015,6.794339,6.87956,5.588771,7.906168,8.137237,8.077554,6.978633,9.090191,8.552104,8.112816,7.001495,9.272437,8.026178,7.743579,7.815974,10.172132,8.80682,8.801518,8.783385,11.198813,10.501145,9.929504,11.124548,11.493863,11.127515,10.78119,12.307311,11.111688,11.320979,12.024087,11.151959,13.524711,13.277057,13.381565,12.404404,14.328595,14.759568,15.086559,16.281897,20.692729,18.25821,19.480109,20.21729,24.404213,23.802311,24.852252,24.684902,22.668253,22.521777,23.909263,25.38258,21.769026,19.450885,17.075368,13.245663,18.163495,16.569317,20.388671,17.452682,19.444239,19.748068,18.907122,15.972726
常用指标,资产负债率,30.698191,30.536137,30.99558,31.135569,32.11377,32.907489,32.356856,32.011027,33.921468,33.325459,35.182794,35.381987,34.828528,34.739647,32.029443,32.470676,33.632599,34.256301,33.84132,25.989969,37.232512,34.937961,35.833968,34.144514,38.247041,37.793886,37.311575,41.835089,43.347314,43.631611,33.763025,32.948062,27.194759,26.232891,38.931138,38.712775,36.27758,37.177225,34.983596,20.70727,19.530517,22.28177,20.661355,20.022851,20.190297,22.81085,19.106274,19.330702,22.084191,28.626194,25.471558,26.336032,29.762818,33.694847,30.56713,33.374219,42.958517,40.109574,38.392054,40.116439,37.473992,40.305261,42.728719,43.146921,32.357482,35.995673,33.710148,33.110461,36.722147,38.020171,35.523283,37.043669,38.85054,41.730367,44.108498,41.903306,46.237016,46.958611,47.166895,47.068785,48.830255,49.251429,47.921351,47.195898,41.91955,11.463592,11.665666,9.875351,9.593713,8.491875,25.674211,22.706254,,21.664356,17.404764
每股指标,基本每股收益,0.46,0.32,0.13,0.39,0.28,0.18,0.08,0.19,0.12,0.07,0.02,-0.45,-0.27,-0.22,-0.03,-0.17,-0.21,-0.17,-0.07,-0.12,-0.14,-0.08,-0.03,0.52,0.31,0.23,0.12,0.55,0.44,0.34,0.21,0.82,0.57,0.55,0.35,0.84,0.92,0.61,0.3,1.09,0.81,0.54,0.27,0.95,0.65,0.46,0.217,0.78,0.578,0.39,0.188,0.65,0.501,0.338,0.157,0.61,0.43,0.285,0.145,0.51,0.4,0.238,0.137,0.47,0.329,0.221,0.105,0.42,0.326,0.22,0.115,0.36,0.303,0.187,0.095,0.29,0.223,0.129,0.07,0.25,,0.13,,0.28,,0.22,,0.34,,0.13,,0.48,,0.49,0.33
每股指标,稀释每股收益,0.46,0.32,0.13,0.39,0.28,0.18,0.08,0.19,0.12,0.07,0.02,-0.45,-0.27,-0.22,-0.03,-0.17,-0.21,-0.17,-0.07,-0.12,-0.14,-0.08,-0.03,0.52,0.31,0.23,0.12,0.55,0.44,0.34,0.21,0.82,0.57,0.55,0.29,0.72,0.92,0.61,0.3,1.09,0.81,0.54,0.27,0.95,0.65,0.46,0.217,0.78,0.578,0.39,0.188,0.65,0.501,0.338,0.157,0.61,0.43,0.285,0.145,0.51,0.4,0.238,0.137,0.47,0.329,0.221,0.105,0.42,0.326,0.22,0.115,0.36,0.303,0.187,0.095,0.29,0.223,0.129,0.07,,,,,,,,,,,,,,,,
每股指标,摊薄每股收益_最新股数,0.463008,0.316913,0.125006,0.391194,0.282221,0.184978,0.079265,0.186716,0.115802,0.066768,0.018897,-0.452611,-0.265001,-0.218544,-0.034943,-0.17148,-0.207099,-0.173255,-0.065374,-0.105738,-0.126497,-0.071143,-0.026622,0.422467,0.242057,0.180904,0.094474,0.477104,0.388149,0.297057,0.18288,0.67426,0.497186,0.329951,0.172325,0.588939,0.446581,0.293666,0.146105,0.529463,0.391376,0.261224,0.130751,0.459557,0.314735,0.221549,0.105274,0.378142,0.280825,0.190705,0.091424,0.3182,0.243481,0.164406,0.076145,0.294543,0.208984,0.138642,0.070392,0.248351,0.192735,0.115777,0.066571,0.229809,0.160004,0.107281,0.050856,0.205252,0.158475,0.10573,0.056044,0.152473,0.127931,0.078961,0.040317,0.123463,0.09266,0.054264,0.030322,0.10627,0.081733,0.054751,0.026421,0.119816,0.111212,0.094308,0.051112,0.125128,0.085221,0.039408,0.030296,0.121129,0.057703,0.125401,0.083135
每股指标,摊薄每股净资产_期末股数,8.050927,7.915618,7.875659,7.751881,7.640029,7.539754,7.516142,7.433613,7.379236,7.330203,7.281513,7.263434,7.466006,7.515057,7.702617,7.737834,7.707063,7.746231,7.900507,8.138373,7.746009,7.952723,8.004564,7.871557,7.656895,7.754923,7.660447,7.546303,7.591424,7.577458,7.46107,7.251751,6.856068,9.673558,9.395402,9.023905,9.247269,8.931874,8.947911,8.322929,8.034355,7.808084,7.648123,7.383249,7.001306,6.802629,6.931689,6.720098,6.525767,6.341446,6.476593,6.283562,6.1186,5.961026,6.129672,5.973823,5.799481,5.666462,5.839776,5.698639,5.521415,5.363034,5.521768,5.384762,5.241102,5.132597,5.186472,5.08181,4.98446,4.875748,4.953684,4.83818,4.342503,4.226789,4.137164,4.177802,4.102721,4.01436,4.057696,3.985932,3.910131,3.846274,4.029175,3.966643,3.946161,4.003607,3.900358,3.779389,3.684941,3.576515,2.120523,2.001016,,1.763216,1.498566
每股指标,调整每股净资产_期末股数,7.843641,7.675063,7.593469,7.432473,7.271693,7.139683,7.075307,6.958952,6.853313,6.779601,6.709121,6.687293,6.961838,7.025969,7.261243,7.306542,7.297483,7.341194,7.51381,7.827054,7.337585,7.537019,7.589622,7.455484,7.259016,7.351213,7.25174,7.125974,7.179116,7.163899,7.306915,7.093312,6.662716,9.39396,9.060784,8.676211,8.972962,8.656273,8.677311,8.044586,7.866677,7.650355,7.463634,7.214381,6.881929,6.700104,6.842164,6.629545,6.425103,6.24097,6.382812,6.187876,5.992107,5.835556,6.014296,5.85596,5.668431,5.536059,5.709352,5.569468,5.398873,5.239644,5.401275,5.265681,5.138791,5.02926,5.082942,4.978132,4.871442,4.762335,4.858969,4.727945,4.232403,4.091605,3.998946,4.067462,3.984054,3.894665,3.937173,3.864769,3.822588,3.742768,3.942217,3.883842,3.873505,3.941295,3.838079,3.716204,3.620763,3.511156,2.009675,1.887291,,1.653681,1.398533
每股指标,每股净资产_最新股数,8.050927,7.915618,7.875659,7.751881,7.640029,7.539754,7.516142,7.433613,7.379236,7.330203,7.281513,7.263434,7.466006,7.515057,7.702617,7.737834,7.707063,7.746231,7.900507,8.138373,6.772659,6.953397,6.998724,6.88243,6.694743,6.780453,6.697848,6.598047,6.637498,6.625288,6.523525,6.340508,5.994546,5.8331,4.590745,4.385005,4.493395,4.340041,4.347833,4.044152,3.903932,3.793986,3.71626,3.587557,3.401968,3.305431,3.368141,3.265328,3.170902,3.081339,3.147008,3.053213,2.973057,2.896492,2.978437,2.90271,2.817996,2.753361,2.837576,2.768996,2.682882,2.605924,2.683054,2.616482,2.546677,2.493954,2.520132,2.469276,2.421973,2.369149,2.407019,2.350895,1.83482,1.785928,1.748059,1.76523,1.733506,1.696171,1.714482,1.68416,1.652132,1.625151,1.702431,1.676009,1.667355,1.691628,1.648002,1.59689,1.556983,1.51117,0.537585,0.507288,,0.447002,0.379909
每股指标,每股经营现金流,1.166975,0.733335,0.386359,1.440867,1.175903,0.832185,0.459266,0.997019,0.802744,0.427022,0.106414,0.366966,0.187391,0.070492,0.075122,0.356971,0.148045,0.14718,0.072581,-0.01463,0.216698,0.182949,0.303368,1.45589,1.181263,0.679452,0.190005,1.507409,1.246243,0.833915,0.307606,1.040471,0.769088,1.126573,0.383718,1.70086,1.143358,0.872881,0.078321,1.512271,1.051312,0.925843,0.194858,1.585912,0.99302,0.719558,0.096012,1.709538,1.239928,0.778936,0.188686,1.562312,1.071185,0.764002,0.230448,1.139237,0.66011,0.393621,0.052416,1.431699,1.375218,0.586793,0.18634,1.004557,0.548148,0.409577,0.12968,0.866413,0.457403,0.197917,0.067166,0.99449,0.907792,0.244059,0.168491,1.041718,0.606963,0.360662,0.176842,0.465104,0.461333,0.182709,0.081641,0.291479,0.275925,0.19841,0.142955,0.381992,0.276182,0.210184,0.189437,0.473931,,,
每股指标,每股现金流量净额,0.740885,0.418962,0.337736,0.928266,0.794466,0.602278,0.274578,0.127771,0.088518,-0.183386,0.020806,0.277995,0.308652,0.249035,-0.078956,-0.317751,-0.187084,-0.106967,-0.097521,0.458346,0.115211,0.005665,0.201657,-0.504636,-0.190006,-0.323877,-0.670485,-0.26384,0.311493,0.09379,-0.014918,0.893343,0.007115,0.228823,-0.306562,-0.307691,0.954382,1.520987,1.20541,-1.526681,-1.1824,-0.744538,0.186333,1.175401,0.595515,0.696845,0.084554,0.485165,0.044214,0.558797,0.016133,0.270333,-0.021693,0.258986,-0.211021,-0.069925,0.917498,0.174613,-0.139052,-0.207196,-0.165505,-0.355391,0.17042,0.518566,0.204313,0.371169,0.102324,0.00443,0.06884,0.025111,-0.120508,0.063039,0.041062,-0.054533,0.034976,0.107549,0.108764,0.041614,0.134343,-0.642547,-0.425053,-0.518102,0.031687,0.072183,0.116796,0.167336,0.141684,0.014612,-0.083266,-0.143509,0.192033,0.184586,,,
每股指标,每股企业自由现金流量,,0.04674,,0.147242,,0.037753,,-0.040536,,-0.10171,,0.175787,,-0.516675,,0.229422,,0.085861,,-1.019346,,0.181757,,0.084566,,-0.140804,,2.676526,,2.15402,,-0.496103,,0.502424,,-2.55737,,-2.554837,,0.736164,,0.314726,,0.418999,,0.395705,,0.284119,,0.381989,,0.201826,,0.408924,,-0.091442,,0.326149,,-0.518683,,-0.540362,,1.718674,,0.220703,,-0.18374,,0.165049,,0.831292,,0.195879,,1.258065,1.182034,0.144165,0.012548,-3.650719,-3.067689,-3.009322,-0.012629,3.253058,2.516307,0.027045,0.001007,-2.138588,-2.172532,-2.147219,0.208066,0.217198,,,
每股指标,每股股东自由现金流量,,0.04674,,0.147242,,0.037753,,-0.463062,,-0.524236,,0.598105,,-0.094253,,0.220972,,0.085861,,-1.264464,,0.169675,,-1.157387,,-0.839101,,2.09635,,1.959771,,1.6157,,0.642566,,0.446435,,0.452119,,0.736164,,0.314726,,0.418999,,0.395705,,-0.482836,,0.223728,,-0.409477,,-0.028466,,-0.252312,,0.169627,,-0.501292,,-0.575145,,1.937805,,0.220703,,-0.289827,,0.052005,,0.271944,,-0.00834,,0.618065,0.9067,-0.087847,0.015868,-1.122694,-0.967689,-0.909322,-0.012629,3.253058,2.516307,0.027045,0.001007,-2.138588,-2.172532,-2.147219,0.205666,0.217198,,,
每股指标,每股未分配利润,2.45404,2.307946,2.273038,2.148032,2.052337,1.955094,1.940462,1.861197,1.811273,1.762239,1.714368,1.69547,1.883346,1.929803,2.113404,2.148348,2.121144,2.154987,2.305168,2.544263,2.886966,3.095137,3.146435,3.17797,3.013392,3.11345,3.014599,2.906547,2.918229,2.9846,2.853701,2.64485,2.499166,3.806049,4.838199,4.510294,4.399041,4.084439,4.100757,3.800069,3.515883,3.248029,3.269513,3.000425,2.702815,2.510601,2.641304,2.424648,2.23978,2.054311,2.179989,1.991836,1.897647,1.734908,1.903266,1.746557,1.624299,1.479801,1.639342,1.494473,1.426626,1.268245,1.426978,1.289972,1.19222,1.083715,1.13759,1.032928,0.97703,0.868317,0.946226,0.830722,0.88549,0.769591,0.679462,0.570099,0.680714,0.58984,0.533177,0.461413,0.530586,0.466728,0.399678,0.337147,0.615621,0.575616,0.473381,0.352413,0.408426,0.300001,0.464058,0.344552,,0.179969,-0.010899
每股指标,每股资本公积金,4.159136,4.159136,4.159136,4.159136,4.159202,4.161697,4.170124,4.169864,4.184041,4.184041,4.184041,4.184041,4.201825,4.201825,4.201825,4.201825,4.196858,4.196858,4.196858,4.196858,3.403322,3.403322,3.403322,3.226546,3.226546,3.226546,3.226546,3.226546,3.224413,3.218593,3.226546,3.226546,3.043475,4.413039,2.994671,2.953593,3.291562,3.291599,3.291599,2.953537,2.959264,2.959264,2.79552,2.79552,2.79849,2.792028,2.790385,2.795449,2.801398,2.802546,2.812016,2.807137,2.795946,2.801111,2.801398,2.802259,2.804268,2.815746,2.82952,2.83325,2.770485,2.770485,2.770485,2.770485,2.770485,2.770485,2.770485,2.770485,2.770485,2.770485,2.770485,2.770485,2.186918,2.186918,2.186918,2.186918,2.18474,2.187253,2.187253,2.187253,2.186345,2.186345,2.186296,2.186296,2.186177,2.183628,2.182614,2.182614,2.182614,2.182614,0.499963,0.499963,,0.499963,0.499963
每股指标,每股盈余公积金,0.425509,0.425509,0.425509,0.425509,0.412231,0.412231,0.39585,0.39585,0.375071,0.375071,0.375071,0.375071,0.375071,0.375071,0.375071,0.375071,0.375071,0.375071,0.375071,0.375071,0.428976,0.428976,0.428976,0.428976,0.388145,0.388145,0.388145,0.388145,0.415779,0.345166,0.345166,0.345166,0.277868,0.40291,0.497225,0.499971,0.499988,0.5,0.5,0.5,0.5,0.5,0.5,0.5,0.5,0.5,0.5,0.5,0.484588,0.484588,0.484588,0.484588,0.425006,0.425006,0.425006,0.425006,0.370914,0.370914,0.370914,0.370914,0.324303,0.324303,0.324303,0.324303,0.278396,0.278396,0.278396,0.278396,0.238189,0.238189,0.238189,0.238189,0.270783,0.270783,0.270783,0.270783,0.237266,0.237266,0.237266,0.237266,0.1932,0.1932,0.1932,0.1932,0.144361,0.144361,0.144361,0.144361,0.0939,0.0939,0.1565,0.1565,,0.083282,0.009502
每股指标,每股留存收益,2.87955,2.733456,2.698548,2.573542,2.464569,2.367325,2.336313,2.257047,2.186344,2.137311,2.08944,2.070542,2.258418,2.304875,2.488476,2.52342,2.496216,2.530059,2.68024,2.919335,3.315942,3.524114,3.575411,3.606946,3.401537,3.501595,3.402744,3.294692,3.334008,3.329767,3.198868,2.990017,2.777035,4.20896,5.335425,5.010266,4.899029,4.584439,4.600757,4.300069,4.015883,3.748029,3.769513,3.500425,3.202815,3.010601,3.141304,2.924648,2.724368,2.538899,2.664577,2.476424,2.322653,2.159914,2.328273,2.171564,1.995213,1.850715,2.010256,1.865388,1.750929,1.592548,1.751282,1.614276,1.470616,1.362111,1.415987,1.311324,1.21522,1.106507,1.184416,1.068911,1.156273,1.040375,0.950245,0.840883,0.91798,0.827107,0.770443,0.698679,0.723786,0.659929,0.592878,0.530347,0.759983,0.719978,0.617743,0.496775,0.502327,0.393901,0.620559,0.501053,,0.263252,-0.001397
每股指标,每股营业收入,2.407126,1.574351,0.769632,3.136662,2.239585,1.462054,0.702732,2.717209,1.946734,1.221273,0.574327,1.677833,1.397572,0.858724,0.523475,2.188785,1.533448,1.012187,0.50088,2.207545,1.817601,1.137333,0.635077,3.803152,2.818857,1.865152,0.926865,3.743652,2.804493,1.797989,0.833026,3.267522,2.376861,2.251854,1.369529,5.362032,3.943034,2.595348,1.254519,4.886726,3.649119,2.412115,1.208297,4.806677,3.547816,2.331685,1.12017,4.470707,3.301505,2.141151,1.029821,4.063752,3.008766,1.990786,0.96677,3.686392,2.700463,1.763744,0.857888,3.361286,2.37876,1.541613,0.753678,2.87486,2.042828,1.347681,0.668186,2.651914,1.969758,1.314309,0.656345,2.333426,1.953381,1.274734,0.621061,2.409797,1.782559,1.18791,0.589704,2.149308,1.520411,0.979579,0.446053,1.540782,1.093635,0.714288,0.349186,1.061851,0.698265,0.39532,0.411361,1.566092,,1.397307,1.300424
每股指标,每股营业总收入,2.407126,1.574351,0.769632,3.136662,2.239585,1.462054,0.702732,2.717209,1.946734,1.221273,0.574327,1.677833,1.397572,0.858724,0.523475,2.188785,1.533448,1.012187,0.50088,2.207545,1.817601,1.137333,0.635077,3.803152,2.818857,1.865152,0.926865,3.743652,2.804493,1.797989,0.833026,3.267522,2.376861,2.251854,1.369529,5.362032,3.943034,2.595348,1.254519,4.886726,3.649119,2.412115,1.208297,4.806677,3.547816,2.331685,1.12017,4.470707,3.301505,2.141151,1.029821,4.063752,3.008766,1.990786,0.96677,3.686392,2.700463,1.763744,0.857888,3.361286,2.37876,1.541613,0.753678,2.87486,2.042828,1.347681,0.668186,2.651914,1.969758,1.314309,0.656345,2.333426,1.953381,1.274734,0.621061,2.409797,1.782559,1.18791,0.589704,2.149308,1.520411,0.979579,0.446053,1.540782,1.093635,0.714288,0.349186,1.074704,0.707547,0.403001,0.418508,1.588779,,1.419312,1.305583
每股指标,每股息税前利润,0.635913,0.434337,0.176202,0.61183,0.439742,0.293388,0.126625,0.343997,0.17206,0.10126,0.041603,-0.552516,-0.331754,-0.286226,-0.042176,-0.171723,-0.234019,-0.19906,-0.077514,-0.058573,-0.091238,-0.033478,0.089005,0.670151,0.435499,0.311113,0.175776,0.816583,0.650681,0.483798,0.285712,1.065062,0.761114,0.741087,0.470524,1.657564,1.217892,0.816052,0.394514,1.523713,1.100175,0.752495,0.371289,1.347519,0.899881,0.62437,0.306929,1.139463,0.830784,0.57084,0.282933,0.982375,0.750731,0.511733,0.244911,0.914545,0.675348,0.440736,0.216463,0.772675,0.630104,0.399543,0.213358,0.717835,0.550429,0.369607,0.177521,0.691018,0.556033,0.372797,0.191649,0.604971,0.59589,0.358807,0.178965,0.619556,0.48719,0.29635,0.161124,0.5003,0.371729,0.252766,0.110197,0.462693,0.427362,0.347966,0.184233,0.461241,0.295949,0.14152,0.176313,0.599357,,0.508103,0.499794
盈利能力,净资产收益率(ROE),5.84,4.02,1.6,5.15,3.74,2.46,1.06,2.54,1.58,0.92,0.26,-6.03,-3.49,-2.87,-0.45,-2.18,-2.64,-2.2,-0.82,-1.46,-1.81,-1.01,-0.09,6.42,3.91,2.86,0.72,7.36,5.9,4.55,2.85,12.24,10.43,6.93,2.94,13.53,10.59,7.01,3.86,13.97,10.48,7.03,3.434,13.38,9.36,6.56,3.173,11.91,8.94,6.06,2.95,10.64,8.2,5.51,2.589,10.36,7.4,4.88,2.51,9.28,7.22,4.33,2.481,9.04,,4.25,,8.52,,,,8.4,,,,7.19,,3.17,,6.35,,3.25,,7.23,,5.74,,10.27,,4.64,,23.86,,28.33,
盈利能力,摊薄净资产收益率,5.750993,4.003652,1.587253,5.046447,3.693985,2.453372,1.054604,2.511788,1.569298,0.910869,0.259533,-6.231374,-3.549446,-2.908088,-0.453661,-2.216133,-2.687134,-2.236641,-0.827475,-1.299255,-1.867773,-1.02315,-0.380397,6.138346,3.615631,2.668023,1.410515,7.230988,5.847831,4.48369,2.803399,10.63417,8.293982,5.656542,3.753764,13.430749,9.938617,6.766445,3.360425,13.092078,10.025179,6.885229,3.518356,12.809754,9.251582,6.702586,3.125582,11.580545,8.856335,6.189038,2.90511,10.421805,8.189608,5.676046,2.556567,10.147203,7.416082,5.035377,2.480713,8.969015,7.183906,4.442863,2.481197,8.783152,6.28,4.3,2.018,8.31,6.54,4.46,2.328,6.49,7.22,4.521,2.334,6.99,5.74,3.2,1.95,6.31,4.95,3.37,1.55,7.15,6.67,5.58,3.1,7.84,5.47,2.61,5.64,23.88,11.43,28.05,21.88
盈利能力,净资产收益率_平均,5.859823,4.045494,1.599825,5.152214,3.74457,2.470763,1.060426,2.540872,1.581709,0.915037,0.259856,-6.034313,-3.485986,-2.865614,-0.452626,-2.160223,-2.613991,-2.181426,-0.815203,-1.38061,-1.813344,-1.0068,-0.375553,6.267841,3.641932,2.704399,1.421102,7.37492,5.981653,4.582169,2.843283,12.573018,9.580116,6.458179,3.839807,14.12163,10.570799,7.079725,3.519017,13.875359,10.448556,7.077779,3.580355,13.41208,9.441185,6.743493,3.174026,11.969306,9.023794,6.217413,2.949057,10.685159,8.287658,5.669959,2.589486,10.386429,7.481124,5.021121,2.511057,9.223013,7.27392,4.433881,2.512365,9.037378,6.379826,4.323054,2.038563,8.51639,6.640668,4.480077,2.35585,7.39903,7.096699,4.440414,2.291688,7.158597,5.422434,3.210579,1.78437,6.311968,4.901166,3.309989,1.560826,7.321725,6.813956,5.735651,3.150317,11.559085,8.020413,3.79059,5.480011,25.386339,,30.330059,21.882888
盈利能力,净资产收益率_平均_扣除非经常损益,4.573899,3.030268,1.433326,5.042397,3.657631,2.398952,1.052299,2.199898,1.434168,0.808991,0.222305,-6.321303,-3.630598,-2.969032,-0.49716,-2.41986,-2.790616,-2.295073,-0.873856,-3.602409,-2.922032,-2.021187,-1.111867,5.906055,3.316712,2.562482,1.362021,7.042204,5.955558,4.56787,2.836825,12.324472,9.759355,6.453465,3.582923,14.099863,10.383365,6.9853,3.471334,13.699002,10.267955,6.974021,3.526308,13.685584,9.235138,6.590592,3.073239,12.24736,8.818966,6.079519,2.879209,11.446214,7.92826,5.36836,2.365678,10.021623,7.270154,4.880186,2.436864,9.094366,7.21422,4.370151,2.506571,9.031217,6.338942,4.28334,2.012718,8.560422,6.654277,4.491692,2.354522,7.36182,7.083175,4.430073,2.289246,7.16764,,3.198956,1.778107,6.291032,4.870512,3.29582,1.554745,7.339542,6.890069,5.793949,3.189113,11.531569,8.037406,3.801868,5.489834,,,20.28792,
盈利能力,摊薄净资产收益率_扣除非经常损益,4.488952,2.998927,1.422063,4.938884,3.608221,2.382066,1.046521,2.174717,1.422915,0.805307,0.222029,-6.527736,-3.696691,-3.01304,-0.498297,-2.482491,-2.868702,-2.353165,-0.887011,-3.390131,-3.00974,-2.05401,-1.126206,5.784036,3.29276,2.528015,1.351874,6.904766,5.822319,4.469698,2.797032,10.423951,8.449158,5.652413,3.502643,13.410046,9.762393,6.676198,3.314891,12.925676,9.882096,6.784294,3.465245,13.070975,9.049673,6.550613,3.026334,11.849567,8.655307,6.051772,2.836303,11.164102,7.834462,5.374122,2.335604,9.7908,7.206946,4.894042,2.407416,8.84391,7.124945,4.379004,2.475475,8.777165,6.24,4.26,1.992,8.36,6.56,4.474387,2.328,6.45,7.21,4.411011,2.331,7.0,,3.19,1.762383,6.29,4.916183,3.35,1.545926,7.17,6.744476,5.63,3.139658,7.82,5.4851,2.62,5.645807,18.63,,18.77,
盈利能力,息税前利润率,26.41797,27.588353,22.894319,19.505773,19.635,20.066842,18.019013,12.659943,8.838395,8.291364,7.243793,-32.93032,-23.737896,-33.331571,-8.057072,-7.845624,-15.260974,-19.666401,-15.475723,-2.653346,-5.019742,-2.943568,14.014933,17.620938,15.449497,16.680305,18.964631,21.812478,23.201399,26.907737,34.29809,32.595421,32.02183,32.910101,34.356665,30.912993,30.887197,31.442888,31.44743,31.180667,30.149075,31.196504,30.728313,28.034332,25.36437,26.777658,27.40024,25.487319,25.163814,26.660452,27.474011,24.174085,24.951453,25.705073,25.333,24.808694,25.00862,24.988681,25.232093,22.987479,26.488753,25.917253,28.308941,24.969407,26.944469,27.425459,26.567623,26.057344,28.228531,28.364482,29.199562,25.926314,30.50559,28.147591,28.816041,25.709898,27.330953,24.947173,27.322923,23.277292,24.449292,25.803599,24.704981,30.029774,39.077277,48.715123,52.76067,42.91798,41.827527,35.116485,42.128915,37.724385,38.441721,35.799268,38.281285
盈利能力,总资产报酬率,5.485095,3.783411,1.533687,5.444952,3.914671,2.613085,1.135463,3.064677,1.516467,0.899161,0.365525,-4.799963,-2.85343,-2.453551,-0.364329,-1.509647,-2.044735,-1.728622,-0.668697,-0.528212,-0.725557,-0.267649,0.704441,5.326306,3.400975,2.424787,1.383345,6.81573,5.337776,3.960828,2.570862,10.947797,8.308015,5.698806,2.993674,12.638611,9.538617,6.464895,3.177253,14.977538,11.102051,7.569411,3.772743,14.741956,10.109176,7.000917,3.49616,13.042506,9.484589,6.328878,3.176138,10.871287,8.220002,5.518433,2.667393,9.591692,6.65345,4.49966,2.209273,7.890788,6.67373,4.193074,2.164431,8.152216,6.94809,4.579251,2.228955,8.765256,6.922355,4.642527,2.417849,8.368217,7.995915,4.753733,2.345462,8.073873,6.149059,3.757646,2.027984,6.376855,4.700573,3.209284,1.385412,7.629953,7.533259,7.763452,4.156563,15.414095,10.102901,4.980508,6.021275,23.124721,,23.276049,25.469118
盈利能力,总资本回报率,7.242809,4.933274,2.019751,7.084744,5.13787,3.420997,1.491017,4.063453,2.039037,1.194185,0.498327,-6.364001,-3.68639,-3.149953,-0.47443,-1.989907,-2.715266,-2.287212,-0.890243,-0.750999,-1.081435,-0.398536,1.069253,8.034572,5.239018,3.636897,2.150371,9.584111,6.92631,5.504831,3.236037,13.66197,10.279833,7.321639,3.771615,16.031598,12.036922,8.192941,3.957626,19.402732,14.271683,9.906907,4.940194,19.109219,13.11646,9.234389,4.496545,16.549199,12.23876,8.154483,4.00307,13.64163,10.545721,7.180212,3.385401,12.536737,8.834194,6.169824,2.993926,10.925625,9.348661,5.808804,3.058901,10.801894,8.519803,5.76628,2.757933,10.941372,8.877374,6.004006,3.080187,10.212391,10.694799,6.33496,3.18494,9.278263,7.625265,4.315794,2.322519,9.196196,7.451904,5.099744,2.756373,11.946593,11.06362,8.94171,4.797891,18.523746,12.115307,5.924904,8.555685,31.844848,,31.154968,33.351486
盈利能力,投入资本回报率,5.637199,3.840137,1.559815,5.066412,3.721664,2.428958,1.087737,2.886187,1.438977,0.85279,0.419257,-4.541744,-2.917758,-2.401232,-0.391242,-1.38207,-2.381841,-1.984956,-0.748505,-1.278473,-1.553108,-0.879291,-0.320513,6.137381,3.803939,2.666103,1.50191,7.263392,5.208795,4.119665,2.340795,10.128647,7.665197,5.4504,2.812441,11.839343,8.989692,6.123513,2.96768,13.875359,10.122375,7.077779,3.478999,13.41208,9.232931,6.743493,3.126541,11.566421,8.691941,5.868821,2.789239,9.845523,7.657155,5.237762,2.42576,9.200868,6.211206,4.366168,2.203045,7.891264,6.762642,4.233156,2.219456,8.009993,6.225037,4.295708,1.992137,7.925831,6.384067,4.334818,2.281433,6.716292,6.877124,4.211264,2.142982,6.605145,5.350593,3.036998,1.622319,6.479986,4.979462,3.376519,1.960437,7.866971,7.13933,5.736262,3.099037,11.559085,7.216948,3.791272,5.051814,24.572015,,29.309965,20.835938
盈利能力,息前税后总资产报酬率_平均,4.3686,3.017667,1.224669,4.043825,2.946259,1.965164,0.871444,2.323953,1.13503,0.688661,0.331375,-3.501112,-2.276692,-1.918859,-0.280025,-0.972584,-1.764394,-1.459533,-0.554585,-0.846503,-1.009564,-0.604164,-0.217339,4.286587,2.627579,1.859829,1.048354,5.297483,4.097379,3.014578,1.897768,8.143546,6.224719,4.272222,2.260013,9.239016,7.21687,4.808937,2.418352,11.065305,8.452589,5.681573,2.861657,11.005276,7.772763,5.437005,2.634878,9.668817,7.021271,4.820886,2.256363,8.211988,5.792854,4.208802,1.807365,7.342696,4.420953,3.280687,1.519821,6.008478,4.466693,3.224747,1.472761,6.267557,4.393563,3.577366,1.40551,6.697802,4.378735,3.576029,1.579158,5.887129,4.539196,3.301066,1.326536,5.89202,3.060284,2.836533,1.028825,4.628355,2.493835,2.144558,0.777266,5.299179,4.895873,5.230063,2.870629,10.43165,7.145636,3.3322,4.269291,19.071994,,22.979441,17.150269
盈利能力,毛利率,29.032178,28.851752,27.848493,27.046255,27.055078,27.557358,25.563354,21.125423,20.284612,19.27726,16.925263,-24.123751,-10.776395,-21.157045,1.817792,-0.915747,-5.405804,-9.263499,-3.34593,-1.155579,-2.563562,-5.120607,4.713887,24.11178,21.071008,22.038338,21.340796,29.748148,28.560307,32.150736,39.712422,40.562664,38.951458,39.462722,38.675561,39.610373,39.360239,39.158641,39.840929,40.100819,40.011836,39.848031,39.687548,38.623691,34.375979,34.974665,35.997562,36.567728,34.201965,35.318494,36.170595,38.953914,37.326218,36.974593,37.041324,37.386322,38.244431,38.067787,39.80234,36.553125,39.284402,38.881494,41.59761,42.547725,42.44242,42.918235,40.065645,42.17509,43.51449,43.916196,45.499818,46.75426,48.208031,47.486477,48.565978,47.671741,47.88309,46.578336,48.447077,44.818649,46.783393,49.415255,49.915628,54.398018,61.102529,69.681705,70.498529,64.327698,63.720944,57.800752,64.35505,61.033066,61.503906,58.987136,59.77274
盈利能力,销售净利率,19.713928,20.659203,16.84295,13.009231,13.156409,13.495402,11.963487,7.479606,6.326433,5.896402,3.763093,-27.494356,-19.113142,-26.108757,-6.223728,-7.439931,-13.287112,-16.654456,-12.87498,-4.439158,-7.590302,-7.173201,-4.831853,13.42593,10.539846,11.659165,12.784214,14.99879,16.191058,19.238507,25.318288,23.681611,23.992121,24.472129,25.936863,22.571966,23.369099,23.388913,23.936066,23.036069,22.954115,23.415984,23.307683,20.9284,19.502208,20.795884,20.650172,18.48835,18.62832,19.45043,19.517839,16.928305,17.583954,17.849463,17.165068,17.227916,16.617234,16.712939,17.357875,16.106569,17.728786,16.500933,19.262478,17.132472,17.038094,17.376691,16.752725,16.964102,17.855956,17.925588,19.070971,14.620686,17.3177,15.473986,16.297652,12.585102,13.602157,12.087932,13.861306,12.169408,12.97129,13.357748,13.860379,19.485805,25.396365,32.814957,36.437872,29.396766,29.977286,23.946897,30.389817,31.563696,32.522594,35.899676,25.879917
盈利能力,成本费用利润率,31.799226,33.434986,26.95705,22.135323,22.058056,22.812617,19.416776,11.909159,9.411198,8.566257,4.741055,-26.390142,-19.236513,-24.791099,-7.452303,-9.176236,-13.106423,-16.252449,-13.46103,-2.633338,-5.083389,-3.089993,13.692876,20.332037,16.559,18.668408,21.493554,25.029328,27.364348,34.586354,53.482421,47.401597,47.269007,48.51982,51.543438,45.225469,45.559491,45.623019,47.73657,45.196335,44.992728,45.699264,46.585822,39.681288,34.985768,36.79821,38.555008,34.075574,33.239113,35.114039,36.634289,31.617029,32.099432,32.828189,31.57335,31.096556,32.040452,32.294534,32.48322,28.957269,33.319307,30.742871,37.30469,32.271012,33.00189,33.176189,31.851173,32.029253,34.36852,34.342355,35.524854,30.170444,37.640778,33.441091,34.569711,25.455776,26.943918,23.255822,26.767413,23.830461,27.472488,29.423118,27.980182,42.539377,65.00276,102.781243,124.744218,80.685113,85.673814,57.19088,84.996001,67.19521,68.082682,62.673033,70.533126
盈利能力,营业利润率,21.882919,22.028214,21.356451,18.009672,18.008719,18.407016,16.135782,10.438984,8.433887,7.766371,4.359249,-36.490947,-23.939267,-33.390737,-8.067014,-10.453084,-15.573517,-19.877505,-15.57546,-3.34614,-6.019832,-3.999911,13.298977,16.717573,13.775289,15.135479,17.228887,19.725875,21.490355,25.585249,34.513674,32.018344,32.673266,32.685526,32.174359,30.802897,30.763337,31.024603,31.613212,31.092891,30.399264,30.752676,30.899729,28.51032,25.224497,26.177745,26.855459,25.58479,24.254564,25.241266,26.020194,24.56395,22.501461,22.71636,21.517935,22.511089,22.734565,22.860973,22.886692,21.55552,23.815005,22.19102,25.890913,22.877184,23.236367,23.174905,22.773701,23.217703,24.52548,24.490734,25.132025,22.151303,26.327273,24.028532,24.748498,19.539505,20.394167,18.144829,20.357396,18.494033,20.690889,21.834138,21.062726,28.762126,38.192133,49.186741,53.912195,43.792811,44.773357,35.215095,44.436567,38.802714,39.088,37.271866,40.593728
盈利能力,总资产净利率_平均,3.993693,2.760561,1.088074,3.481416,2.51239,1.647523,0.710782,1.663462,1.020634,0.592885,0.166037,-3.932049,-2.27929,-1.873378,-0.301849,-1.507509,-1.809522,-1.504531,-0.563968,-0.953536,-1.150519,-0.650517,-0.240991,3.840302,2.161986,1.612584,0.850357,4.554531,3.641748,2.781512,1.882072,7.926803,6.207052,4.207766,2.243904,9.241099,7.198067,4.787917,2.421616,10.710796,8.128011,5.407805,2.734257,10.346854,7.276552,5.112481,2.467873,8.907693,6.598052,4.351342,2.112149,7.246905,5.486593,3.648709,1.706756,6.357531,4.237234,2.913029,1.478557,5.219626,4.201143,2.500585,1.389867,5.371154,4.156665,2.73544,1.314144,5.358112,4.060343,2.709769,1.455136,4.340524,4.062802,2.475911,1.250559,3.80792,2.767901,1.628434,0.903254,3.205793,2.446063,1.64525,0.786155,4.67618,4.639648,4.979859,2.729218,9.896746,6.885319,3.282441,4.081271,18.434756,,22.659755,16.711035
盈利能力,总资产净利率_平均(含少数股东损益),4.093152,2.833161,1.128306,3.63147,2.62302,1.757358,0.753875,1.810638,1.085472,0.639438,0.189887,-4.00761,-2.297508,-1.921877,-0.281428,-1.431584,-1.780268,-1.463881,-0.556321,-0.883721,-1.097107,-0.652235,-0.242866,4.058275,2.320189,1.694872,0.932524,4.686661,3.724958,2.831914,1.897768,7.953923,6.224719,4.237663,2.260013,9.228427,7.21687,4.808937,2.418352,11.065305,8.452589,5.681573,2.861657,11.005276,7.772763,5.437005,2.634878,9.460956,7.021271,4.617304,2.256363,7.612799,5.792854,3.83197,1.807365,6.660765,4.420953,3.009464,1.519821,5.528815,4.466693,2.669636,1.472761,5.593549,4.393563,2.9014,1.40551,5.706441,4.378735,2.933951,1.579158,4.719108,4.539196,2.613339,1.326536,3.952194,3.060284,1.820734,1.028825,3.333831,2.493835,1.66135,0.777266,4.950946,4.895873,5.229533,2.870629,10.43165,7.145636,3.331609,4.269291,19.071994,,22.979441,17.150269
成长能力,归母净利润,1095810320.33,750045894.17,295855594.61,925847484.77,667939034.32,437791469.9,187599319.75,441905715.29,274071381.14,158022499.5,44726227.5,-1071204611.73,-627184925.64,-517233391.47,-82702163.22,-405846660.4,-490145413.05,-410046869.28,-154723719.92,-250252741.45,-299385012.9,-168377102.34,-63008996.95,1073896263.95,646009904.87,472998415.29,243466874.34,1129170962.91,918641025.99,703051235.0,432826612.21,1595784592.59,1176700708.32,780903028.42,407846549.47,1393853026.37,1056932376.4,699161580.52,347243361.49,1252912553.39,926277348.71,618245247.4,309451513.69,1087642575.52,744891353.11,524344963.94,249154031.79,894957615.68,664635416.02,451345703.26,216375017.35,753089789.84,576252796.06,389103213.64,180215609.8,697102478.89,494608509.16,328126981.55,166598374.14,587778570.54,456151344.95,274013149.08,157556852.5,543894656.68,378685744.03,253905290.54,120362159.31,485774462.75,375066200.54,250235105.32,132641967.28,360862631.91,302777791.6,186879370.18,95421081.16,293881503.35,222818143.74,129282630.95,72191445.42,251512856.24,193439102.17,129581746.29,62531691.47,300390688.05,263207860.8,223202810.32,120968226.44,296143763.64,201695428.91,93269866.43,71703867.16,286680304.5,136567896.71,296790169.3,196757724.33
成长能力,营业总收入,5696989177.67,3726046191.85,1821504052.94,7423597248.19,5300466961.13,3460271426.09,1663169168.77,6430868267.12,4607371885.85,2890411446.82,1359270870.5,3970959862.12,3307660191.44,2032359107.9,1238918088.11,5180238340.82,3629240652.5,2395562379.95,1185443639.61,5224638139.32,3761200353.53,2353508327.45,1314178096.01,8238623227.28,6116260772.09,4042560015.27,2008767235.77,7746817875.68,5803394924.71,3720615775.06,1723798620.17,6761550874.37,4918489181.87,3213661518.38,1583747526.69,6166683056.12,4534592334.78,3019266583.12,1458481996.2,5632533698.58,4196487790.03,2773932728.75,1389542513.23,5527678576.31,4079988837.69,2681437778.79,1288196061.04,5141313419.26,3796730790.04,2462324707.53,1184294457.58,4673315397.0,3460081754.52,2289404113.94,1111786173.66,4239351634.93,3105533447.91,2028306165.18,986571753.74,3865479479.2,2735574710.42,1772855408.44,866730658.67,3306089482.58,2349252600.06,1549833425.46,768414498.45,3049701649.16,2265222000.34,1511455848.98,754796835.01,2683440041.75,1953381247.08,1274734794.43,621061130.22,2409797561.55,1782559040.05,1187910368.91,589704365.51,2149308234.93,1520411535.9,979579514.6,446053032.57,1573941614.2,1093635054.1,714288559.48,349186247.05,1074704071.12,707547899.46,403001804.17,251104992.19,953267504.3,438115290.63,851587747.68,783349967.97
成长能力,净利润,1123100344.68,769771449.32,306795021.89,965752959.58,697351127.95,466977569.5,198973042.0,481003664.14,291482304.56,170430299.56,51150627.1,-1091789852.15,-632197812.49,-530623709.84,-77106896.98,-385406197.12,-482221301.92,-398967903.86,-152625642.33,-231929979.51,-285486472.21,-168821898.41,-63499154.35,1130647703.38,687930527.14,494846402.02,265072071.73,1161928946.16,939631066.07,715790949.4,436436314.2,1601244176.32,1180049882.34,786451405.75,410774438.58,1391941654.59,1059693410.16,702212899.01,346777207.37,1293305229.2,963266648.28,649543648.95,323870176.92,1156854699.43,795687915.22,557628693.83,266014710.68,950544033.99,707267177.96,478932761.39,231148687.45,791113116.51,608419202.34,408646352.71,190838853.21,730351975.23,516053775.41,338989572.7,171247892.84,622596120.29,484984203.71,292537697.19,166953807.41,566414871.8,400267874.44,269309766.39,128730371.03,517354519.46,404477056.48,270937349.97,143947088.67,392337364.15,338280716.22,197252285.1,101218384.32,306614045.16,245983643.31,144448567.17,82168111.4,261558105.73,197217004.55,130849772.21,61824644.44,310891146.57,277743555.6,234393483.71,127236038.12,312149875.5,209321026.94,94666964.26,75007201.43,296590044.66,140611151.48,300977320.37,201929320.36
成长能力,扣非净利润,855337481.64,561820232.98,265065067.3,906113528.96,652431317.3,425067327.33,186161491.52,382603900.06,248506096.22,139708902.78,38262999.79,-1122150771.32,-653202990.1,-535900038.65,-90839201.65,-454625431.05,-523264094.46,-431409322.63,-165855895.88,-652981325.94,-482430603.18,-338023087.61,-186544940.33,942148612.29,521723728.85,405681295.77,214298074.99,1078229015.37,914633402.37,700857214.35,431843540.39,1564238738.86,1198716151.01,780332987.27,380561596.13,1391704515.38,1038191660.43,685756148.88,341105561.88,1237164126.66,910266848.94,609181943.73,304780212.9,1109822180.45,728634643.2,512456052.91,241242513.55,915748005.55,649549067.16,441335400.71,211250215.13,806728917.26,551263376.48,368405806.69,164639655.71,672617938.34,480660408.45,318916937.0,161675939.64,579579931.44,452407528.76,270074620.87,157193491.98,543523889.92,376258989.79,251572756.54,118836210.07,488286010.39,375834816.13,250883867.64,132567211.82,359047850.52,302200773.48,186444184.28,95319413.74,292573577.92,,127962960.97,71512191.09,250678611.76,192229258.94,129027021.22,62288072.62,284261692.89,266147919.59,225471451.35,122457933.39,295438801.64,202122756.97,93547376.99,71832404.3,,136405881.56,198524349.12,
成长能力,营业总收入增长率,7.480892,7.680749,9.52007,15.436935,15.043176,19.715531,22.357449,61.94745,39.29399,42.219523,9.714345,-23.34407,-8.860819,-15.161503,4.510922,-0.849815,-3.508446,1.786866,-9.795815,-36.583601,-38.504905,-41.781734,-34.57788,1.589354,0.512211,3.73548,11.264871,14.571612,17.991413,15.774973,8.843018,9.646479,8.465961,6.438481,8.58876,9.483287,8.056845,7.596347,3.825317,1.665378,2.855374,3.449453,7.867315,7.514911,7.460577,8.898626,8.773291,10.014261,9.729511,7.553083,6.521783,10.236559,11.416663,12.872708,12.691871,9.672077,13.523985,14.409001,13.826797,16.919989,16.444468,14.390061,12.794677,8.40698,3.709596,2.539113,1.804149,13.648958,15.964152,18.570219,21.53342,11.355413,9.582976,7.309004,5.31737,12.119682,17.241878,21.267375,32.204989,36.555779,39.023665,37.140585,27.740721,43.368085,54.566928,77.242025,39.059858,12.738981,,-8.014668,,11.940021,,8.71102,
成长能力,归属母公司净利润增长率,64.058434,71.324921,57.706112,109.512448,143.70988,177.043757,319.439175,141.253156,143.698655,130.551488,154.081085,-163.943187,-27.95895,-26.140065,46.54849,-62.174711,-63.717418,-143.528878,-145.558138,-123.30325,-146.343718,-135.597815,-125.879905,-11.451716,-37.638172,-39.101309,-48.341026,-29.240389,-21.930783,-9.969457,6.124867,14.487292,11.331692,11.691352,17.452655,11.249027,14.105389,12.419132,11.743209,15.211659,24.350664,17.908112,24.200885,21.530065,12.075182,16.173691,15.149167,18.838102,15.337473,15.996395,20.064525,8.031431,16.50685,18.58312,8.17369,18.599505,8.43079,19.748626,5.738577,8.068458,20.456434,7.919432,30.902314,11.964439,0.965041,1.466694,-9.25786,34.614786,23.875069,33.901941,39.006984,22.791883,35.885609,44.551026,32.177823,16.178736,13.369522,-0.890459,14.764313,-16.27142,-26.507095,-41.944393,-48.307342,-4.245267,30.497682,139.308598,68.705303,3.301049,,-31.704398,,-3.406401,,50.840415,
收益质量,经营活动净现金/销售收入,0.4848,0.465801,0.502005,0.459363,0.525054,0.569189,0.653543,0.366927,0.412354,0.349653,0.185284,0.218714,0.134083,0.08209,0.143506,0.163091,0.096544,0.145408,0.144908,-0.006627,0.119222,0.160858,0.477687,0.382811,0.419057,0.364287,0.204997,0.402657,0.444373,0.463804,0.369263,0.318428,0.323572,0.500286,0.280182,0.317204,0.289969,0.336325,0.062431,0.309465,0.2881,0.38383,0.161267,0.329939,0.279896,0.3086,0.085712,0.382386,0.375564,0.363793,0.183222,0.38445,0.356021,0.383769,0.238369,0.309038,0.244443,0.223174,0.061099,0.425937,0.578124,0.380635,0.24724,0.349428,0.268327,0.303913,0.194077,0.326712,0.232212,0.150586,0.102334,0.426193,0.464728,0.191459,0.271296,0.432284,0.340501,0.30361,0.299883,0.216397,0.303426,0.186518,0.183032,0.189176,0.252301,0.277773,0.409397,0.359742,0.395526,0.531681,0.460514,0.30262,0.288585,,
收益质量,经营性现金净流量/营业总收入,0.4848,0.465801,0.502005,0.459363,0.525054,0.569189,0.653543,0.366927,0.412354,0.349653,0.185284,0.218714,0.134083,0.08209,0.143506,0.163091,0.096544,0.145408,0.144908,-0.006627,0.119222,0.160858,0.477687,0.382811,0.419057,0.364287,0.204997,0.402657,0.444373,0.463804,0.369263,0.318428,0.323572,0.500286,0.280182,0.317204,0.289969,0.336325,0.062431,0.309465,0.2881,0.38383,0.161267,0.329939,0.279896,0.3086,0.085712,0.382386,0.375564,0.363793,0.183222,0.38445,0.356021,0.383769,0.238369,0.309038,0.244443,0.223174,0.061099,0.425937,0.578124,0.380635,0.24724,0.349428,0.268327,0.303913,0.194077,0.326712,0.232212,0.150586,0.102334,0.426193,0.464728,0.191459,0.271296,0.432284,0.340501,0.30361,0.299883,0.216397,0.303426,0.186518,0.183032,0.189176,0.252301,0.277773,0.409397,0.35544,0.390337,0.521547,0.45265,0.298299,0.284786,,
收益质量,成本费用率,78.905454,78.489507,79.592737,81.447064,81.665028,80.968476,83.192433,88.498934,90.844469,91.49237,93.646801,137.94988,124.300418,134.615109,108.531505,111.494971,117.342828,121.31008,115.265271,107.859438,110.662576,112.370707,98.643057,82.950943,84.867011,83.271982,80.846035,79.337555,78.871295,74.210827,64.689234,67.57335,67.84288,67.416838,66.913209,68.295795,68.776997,68.918912,67.137703,68.989371,68.540267,68.264784,67.313946,70.648745,73.650199,72.768914,71.818411,73.604404,74.604854,73.483024,72.61279,72.244898,73.174926,72.95491,74.083224,74.107541,72.883083,72.713402,72.50497,74.558562,72.036576,73.142592,69.554348,70.976986,70.834636,70.46333,72.338759,72.153504,71.245077,71.170362,70.782079,73.938469,70.050178,71.993631,71.651312,76.732472,75.91922,78.273915,76.237825,77.849604,75.738384,74.494007,75.466952,67.371008,58.348356,47.393663,42.747133,53.835797,52.848373,62.587919,53.097632,58.411172,58.244162,59.919985,56.199986
收益质量,期间费用率,7.937632,7.34126,7.441231,8.493319,8.720107,8.525835,8.755788,9.624357,11.129081,10.769631,10.572064,13.826128,13.524022,13.458064,10.349297,10.579223,11.937024,12.046581,11.91934,6.703859,8.099013,7.2501,3.356945,7.062723,5.938019,5.310321,2.186832,9.085704,7.431603,6.361564,4.401657,8.136015,6.794339,6.87956,5.588771,7.906168,8.137237,8.077554,6.978633,9.090191,8.552104,8.112816,7.001495,9.272437,8.026178,7.743579,7.815974,10.172132,8.80682,8.801518,8.783385,11.198813,10.501145,9.929504,11.124548,11.493863,11.127515,10.78119,12.307311,11.111688,11.320979,12.024087,11.151959,13.524711,13.277057,13.381565,12.404404,14.328595,14.759568,15.086559,16.281897,20.692729,18.25821,19.480109,20.21729,24.404213,23.802311,24.852252,24.684902,22.668253,22.521777,23.909263,25.38258,21.769026,19.450885,17.075368,13.245663,18.163495,16.569317,20.388671,17.452682,19.444239,19.748068,18.907122,15.972726
收益质量,销售成本率,70.967821,71.148247,72.151506,72.953744,72.944921,72.442641,74.436645,78.874576,79.715387,80.722739,83.074736,124.123751,110.776395,121.157045,98.182207,100.915747,105.405804,109.263499,103.34593,101.155579,102.563562,105.120607,95.286112,75.888219,78.928991,77.961661,78.659203,70.251851,71.439692,67.849263,60.287577,59.437335,61.048541,60.537277,61.324438,60.389626,60.63976,60.841358,60.15907,59.89918,59.988163,60.151968,60.312451,61.376308,65.62402,65.025334,64.002437,63.432271,65.798034,64.681505,63.829404,61.046085,62.673781,63.025406,62.958675,62.613677,61.755568,61.932212,60.197659,63.446874,60.715597,61.118505,58.402389,57.452274,57.557579,57.081764,59.934354,57.824909,56.485509,56.083803,54.500181,53.245739,51.791968,52.513522,51.434021,52.328258,52.116909,53.421663,51.552922,55.18135,53.216606,50.584744,50.084371,45.601981,38.89747,30.318294,29.50147,35.672301,36.279055,42.199247,35.644949,38.966933,38.496093,41.012863,40.227259
收益质量,经营活动净现金/归属母公司的净利润,2.520419,2.313988,3.090714,3.683248,4.166597,4.498828,5.794018,5.339747,6.932026,6.395555,5.630978,,,,,,,,,,,,,3.01312,4.266873,3.283914,1.758466,2.762481,2.807274,2.4545,1.470648,1.349222,1.352501,2.058838,1.088003,1.403375,1.244064,1.444281,0.260475,1.387857,1.305234,1.722164,0.724144,1.676837,1.533074,1.578144,0.443159,2.196717,2.145412,1.984679,1.002837,2.385717,2.137713,2.25802,1.470551,1.879384,1.534803,1.379543,0.361821,2.801147,3.467054,2.462699,1.360087,2.124015,1.664626,1.855079,1.239029,2.051106,1.402456,0.909564,0.582332,3.169251,2.998213,1.305974,1.765769,3.565033,2.76772,2.808284,2.464224,1.849226,2.384902,1.409997,1.305609,1.027886,1.048318,0.888924,1.181764,1.289889,1.369304,2.253508,1.585168,0.991902,0.913607,,
收益质量,所得税/利润总额,21.431296,21.277149,21.499512,27.841027,26.964497,26.937461,25.937758,29.032481,26.002764,24.766523,15.242727,,,,,,,,,,,,135.772763,20.394669,24.999999,24.999999,26.428928,24.468483,24.98102,25.045224,26.82019,26.066237,25.185137,25.185772,24.797511,26.921041,25.420425,25.614617,25.314707,26.120667,25.565815,24.940358,25.674078,25.347249,24.313496,22.338675,25.422625,26.285797,24.879724,24.619085,26.627919,25.888562,25.138779,25.471272,26.615391,25.241932,28.840421,28.827972,26.299626,25.39844,26.136482,26.617291,25.762312,25.202014,27.115272,25.667727,27.290863,26.594829,27.076515,26.659451,24.156706,34.458614,34.321626,35.727132,34.203142,35.569544,33.504034,33.594618,32.075371,34.403507,37.659658,39.057084,34.360121,32.008566,33.040662,32.634475,31.667772,32.32395,33.791675,33.0991,32.662894,19.581935,17.984465,4.40435,34.711974
财务风险,流动比率,1.233685,1.16186,1.102092,0.983093,0.947253,0.846039,0.75434,0.681886,0.653139,0.574859,0.554937,0.503805,0.728354,0.707889,0.577464,0.554472,0.607171,0.590251,0.605204,0.629011,0.458213,0.35846,0.376224,0.359634,0.41502,0.395626,0.310393,0.387737,0.680411,0.464272,0.756475,0.764157,0.541531,0.600618,0.729474,0.802747,1.242779,1.369043,1.648097,0.934296,1.344915,1.319335,2.120042,1.993176,1.780551,1.52544,1.650345,1.431135,1.123414,0.965558,0.964189,0.801635,0.708237,0.65058,0.619304,0.555038,0.660609,0.539613,0.528972,0.477773,0.488637,0.454571,0.534265,0.472583,0.738227,0.746594,0.702989,0.59788,0.599048,0.547713,0.502859,0.421277,0.598451,0.584598,0.558864,0.506076,0.551203,0.710934,0.704408,0.614682,0.560495,0.512717,0.524379,0.464889,0.575316,3.274427,3.113551,3.313669,3.205338,3.241806,3.01018,3.270458,,3.2034,3.88239
财务风险,速动比率,1.210482,1.142842,1.085606,0.968121,0.927993,0.830191,0.740714,0.671892,0.641155,0.560999,0.545807,0.495067,0.713343,0.690758,0.562982,0.543253,0.594379,0.581654,0.594337,0.618954,0.446329,0.350464,0.370041,0.350257,0.407711,0.386608,0.29986,0.38146,0.669844,0.456274,0.742312,0.74945,0.52521,0.582855,0.703114,0.775239,1.219498,1.345762,1.618042,0.90333,1.311857,1.290586,2.089462,1.96094,1.748069,1.498805,1.620122,1.400649,1.092463,0.945532,0.941029,0.77931,0.692192,0.636145,0.603463,0.541679,0.651882,0.529038,0.519419,0.470144,0.480818,0.448056,0.528607,0.467024,0.728085,0.7373,0.692171,0.587111,0.591243,0.54104,0.495846,0.412327,0.586884,0.57571,0.550528,0.496574,0.54322,0.699641,0.694822,0.601735,0.551177,0.504859,0.518725,0.45935,0.569213,3.244504,3.082429,3.27894,3.162328,3.193291,2.975984,3.226251,,3.151,3.817304
财务风险,保守速动比率,1.171241,1.10539,1.045848,0.928426,0.878304,0.782703,0.682567,0.614865,0.597969,0.511187,0.49994,0.452393,0.668831,0.617844,0.47911,0.469256,0.524025,0.505788,0.529799,0.554789,0.394255,0.305548,0.305585,0.310351,0.376124,0.356343,0.290073,0.355823,0.637348,0.436661,0.712041,0.690986,0.448078,0.522373,0.586404,0.675841,1.128434,1.260353,1.520541,0.813653,1.234973,1.221712,2.01024,1.888488,1.683071,1.442977,1.555093,1.342768,1.018841,0.897207,0.877981,0.731131,0.616208,0.575996,0.5352,0.484156,0.602941,0.474845,0.457603,0.419234,0.460651,0.430033,0.514581,0.455227,0.689022,0.708397,0.6629,0.560424,0.566545,0.510356,0.453011,0.394873,0.555074,0.541149,0.513965,0.476954,0.510684,0.657639,0.65407,0.570749,0.494592,0.468543,0.468785,0.428574,0.539144,3.093263,2.983341,3.154221,3.010234,3.030417,2.834406,3.118333,,3.028078,2.582899
财务风险,资产负债率,30.698191,30.536137,30.99558,31.135569,32.11377,32.907489,32.356856,32.011027,33.921468,33.325459,35.182794,35.381987,34.828528,34.739647,32.029443,32.470676,33.632599,34.256301,33.84132,25.989969,37.232512,34.937961,35.833968,34.144514,38.247041,37.793886,37.311575,41.835089,43.347314,43.631611,33.763025,32.948062,27.194759,26.232891,38.931138,38.712775,36.27758,37.177225,34.983596,20.70727,19.530517,22.28177,20.661355,20.022851,20.190297,22.81085,19.106274,19.330702,22.084191,28.626194,25.471558,26.336032,29.762818,33.694847,30.56713,33.374219,42.958517,40.109574,38.392054,40.116439,37.473992,40.305261,42.728719,43.146921,32.357482,35.995673,33.710148,33.110461,36.722147,38.020171,35.523283,37.043669,38.85054,41.730367,44.108498,41.903306,46.237016,46.958611,47.166895,47.068785,48.830255,49.251429,47.921351,47.195898,41.91955,11.463592,11.665666,9.875351,9.593713,8.491875,25.674211,22.706254,,21.664356,17.404764
财务风险,权益乘数,1.467269,1.46546,1.470326,1.479919,1.490441,1.499683,1.491913,1.52746,1.549732,1.543361,1.565042,1.534648,1.529417,1.52965,1.499509,1.432974,1.444575,1.449903,1.445477,1.447883,1.576109,1.547691,1.558367,1.632121,1.684531,1.677059,1.671183,1.619248,1.642522,1.647366,1.510719,1.586139,1.543424,1.534823,1.711216,1.528133,1.46856,1.478664,1.453168,1.295455,1.285499,1.308808,1.309443,1.296247,1.29748,1.319025,1.286138,1.343704,1.367645,1.428849,1.396235,1.474444,1.510529,1.553963,1.517197,1.63372,1.765567,1.723677,1.698316,1.766987,1.731414,1.773137,1.807629,1.682576,1.534842,1.580386,1.551247,1.589438,1.635494,1.653305,1.618988,1.704639,1.746749,1.793446,1.832531,1.879923,1.959041,1.971574,1.97549,1.968925,2.003695,2.011845,1.985392,1.565749,1.468636,1.151769,1.154293,1.167968,1.164857,1.154808,1.342721,1.377091,,1.338498,1.309487
财务风险,权益乘数(含少数股权的净资产),1.442963,1.439597,1.449182,1.452128,1.473052,1.490479,1.478346,1.470826,1.51335,1.499822,1.5428,1.547556,1.534413,1.532323,1.471225,1.480838,1.506763,1.521058,1.511517,1.351168,1.593181,1.536994,1.558456,1.518476,1.619355,1.607559,1.59519,1.719249,1.765141,1.774043,1.50973,1.491381,1.373527,1.355617,1.637495,1.631661,1.569306,1.591779,1.538073,1.261149,1.242707,1.286699,1.260419,1.250357,1.25298,1.295518,1.236189,1.239628,1.283436,1.401074,1.341769,1.357515,1.423747,1.508178,1.44024,1.50092,1.75311,1.669715,1.623167,1.669907,1.599334,1.675189,1.746075,1.758919,1.47836,1.562394,1.508526,1.495002,1.580331,1.613428,1.550947,1.588402,1.635337,1.716159,1.78918,1.721268,1.860015,1.88532,1.892752,1.889244,1.954279,1.970498,1.920172,1.893792,1.721749,1.129478,1.132062,1.109574,1.106117,1.092799,1.345428,1.293765,,1.276558,1.210723
财务风险,产权比率,44.915799,44.567215,45.536122,45.817738,47.919984,49.709087,48.378393,47.6529,51.986285,50.64639,54.987206,55.450303,54.181143,54.05338,47.880663,48.839207,51.398561,52.711551,51.710194,35.485342,60.050564,54.29846,56.464454,52.419763,62.594264,61.318383,60.075513,72.50803,77.072221,78.002208,51.335854,49.444584,38.665211,36.81408,66.675763,66.187494,57.801344,60.116673,54.857326,26.664109,24.770257,29.258961,27.158809,26.11446,26.390453,30.799093,24.548575,24.887765,29.433637,41.611873,35.376302,36.971622,43.848175,52.537996,45.437685,51.686919,77.649833,69.169802,64.283148,69.114132,61.875389,69.824855,76.984348,78.255999,49.388069,58.197243,52.544554,51.110152,59.985272,63.453046,56.867518,60.661189,66.101715,74.830326,82.564666,75.234711,90.156421,92.726825,93.502668,92.653823,99.548367,101.252627,95.901588,92.945937,74.67291,13.307675,13.603019,11.278993,10.910235,9.532665,37.244832,31.547389,,29.531901,22.791317
财务风险,现金比率,0.992874,0.924737,0.87978,0.764222,0.708457,0.614341,0.500827,0.428106,0.390805,0.302213,0.334666,0.322005,0.407206,0.377793,0.236294,0.259414,0.309552,0.324932,0.325502,0.3739,0.19894,0.163767,0.209465,0.174923,0.224931,0.194382,0.112327,0.233683,0.492519,0.298118,0.476128,0.527136,0.229456,0.329989,0.208958,0.379587,0.833195,1.045107,1.130897,0.563895,0.839442,0.937299,1.527543,1.556905,1.245028,1.140273,1.037475,1.00609,0.60518,0.634022,0.489153,0.475053,0.300674,0.352215,0.211737,0.26755,0.412132,0.269278,0.197393,0.226037,0.264225,0.180927,0.286758,0.247455,0.291814,0.312026,0.236878,0.206389,0.202918,0.179972,0.144333,0.177233,0.205537,0.150767,0.167363,0.171139,0.145069,0.176609,0.209505,0.160988,0.205049,0.172761,0.271694,0.276158,0.361339,2.091446,2.05185,2.221931,2.147325,2.331267,2.214621,2.466527,,2.636485,1.905988
营运能力,应收账款周转率,5.250568,3.519664,1.779348,7.037556,4.943944,3.179394,1.482112,6.432396,4.210299,2.702255,1.340441,3.652783,2.405573,1.537428,0.918645,4.353936,2.998372,2.112523,0.980579,5.044301,3.128273,2.308491,1.541789,7.485247,4.78406,3.078852,1.497638,7.788731,6.444657,3.404309,1.59052,8.48312,5.685384,4.172412,1.648905,8.962034,6.187704,4.82618,1.872071,8.995743,5.628592,4.120146,1.625785,8.944107,5.724278,4.300625,1.730265,8.529034,5.210037,3.591716,1.511488,7.043548,4.382169,3.185846,1.36083,5.633154,3.589692,2.441255,1.074164,4.412719,3.285558,1.793544,0.866867,3.464773,2.304248,1.398493,0.704318,3.717031,2.493865,1.725307,0.961602,3.479534,2.232869,1.292056,0.641464,2.649026,1.637809,1.135451,0.578676,2.771317,2.122614,1.350012,0.657576,3.212161,2.373971,1.534175,0.783251,3.296177,2.351858,1.629364,0.913161,5.089914,,6.42291,5.624811
营运能力,应收账款周转天数,51.423007,51.141233,50.580321,51.154121,54.61226,56.614547,60.724148,55.966694,64.128448,66.611012,67.142034,98.554968,112.239351,117.078642,97.970309,82.68379,90.048854,85.206155,91.78243,71.367665,86.30959,77.972992,58.373734,48.094602,56.437417,58.463334,60.094624,46.220617,41.895164,52.874153,56.585238,42.437215,47.490191,43.140506,54.581668,40.169448,43.634922,37.296576,48.075088,40.018925,47.969366,43.687768,55.357872,40.249964,47.16752,41.854379,52.015146,42.208761,51.823038,50.115316,59.543944,51.110601,61.613315,56.499905,66.136075,63.907353,75.215365,73.732561,83.786084,81.58234,82.177801,100.359956,103.822118,103.902897,117.174869,128.709966,127.783015,96.851466,108.265669,104.329199,93.593792,103.462113,120.920625,139.312763,140.303935,135.899003,164.854345,158.527315,155.52741,129.902118,127.201634,133.332123,136.866152,112.074081,113.733455,117.326859,114.90559,109.217427,114.802822,110.47252,98.558727,70.728097,,56.049357,64.002143
营运能力,存货周转率,33.082283,25.182257,13.390331,71.40248,43.23159,31.138054,17.020533,84.932157,54.329919,32.628728,18.411346,76.731596,47.956625,29.685332,15.899435,80.068362,54.297425,44.466352,18.498253,81.214485,49.553651,38.494807,21.51762,93.808175,75.005111,44.189058,20.75594,77.474781,53.897862,31.463524,12.781111,53.264273,41.928229,27.279548,12.784087,49.160968,37.223692,24.495572,11.413036,48.706968,37.38226,24.776891,12.710615,57.7029,46.165618,31.109968,15.518971,60.722436,42.776013,28.623239,13.661863,58.317161,49.355601,31.806108,15.745522,70.820722,51.762116,33.119141,17.047427,84.863978,60.839977,40.935293,19.214862,68.757694,47.517803,30.153984,15.290508,61.53385,48.765535,34.08955,17.025045,52.067933,35.92296,25.701149,12.138745,44.222211,32.675603,22.311739,11.356222,46.853248,34.160608,22.96075,10.570814,39.894236,25.948302,14.086509,6.579051,24.01328,14.885778,10.023994,5.340345,22.114005,,23.147471,23.53274
营运能力,存货周转天数,8.161467,7.147889,6.721267,5.041841,6.245432,5.780707,5.28773,4.238677,4.969637,5.51661,4.888289,4.691678,5.630087,6.0636,5.660578,4.496157,4.972611,4.048004,4.865324,4.432706,5.448639,4.675955,4.182618,3.837618,3.599754,4.073406,4.336107,4.646673,5.009475,5.72091,7.041641,6.758751,6.439575,6.598349,7.040001,7.322882,7.253444,7.348266,7.885718,7.391139,7.222677,7.264833,7.080695,6.238854,5.848508,5.785926,5.799353,5.928615,6.311948,6.288596,6.587681,6.173139,5.470503,5.65929,5.71591,5.083257,5.21617,5.434923,5.279388,4.242082,4.437871,4.397183,4.683874,5.235777,5.68208,5.96936,5.886004,5.850438,5.536697,5.28021,5.286329,6.914044,7.516084,7.003577,7.414275,8.140705,8.263045,8.067501,7.92517,7.683565,7.90384,7.839464,8.514008,9.023859,10.405304,12.778183,13.679784,14.991704,18.138117,17.956914,16.852842,16.279275,,15.552454,15.297835
营运能力,总资产周转率,0.207627,0.137138,0.066989,0.279145,0.199372,0.130219,0.063014,0.242076,0.171577,0.108445,0.05046,0.145761,0.120205,0.07361,0.045218,0.192418,0.133984,0.087897,0.043209,0.199074,0.14454,0.090926,0.050263,0.302271,0.220135,0.145368,0.072943,0.312469,0.230062,0.1472,0.074956,0.335869,0.259448,0.173162,0.087135,0.408844,0.308821,0.205607,0.101033,0.480346,0.368238,0.242636,0.122777,0.525853,0.398558,0.261446,0.127595,0.511725,0.376913,0.237388,0.115605,0.449708,0.329439,0.214682,0.105293,0.386626,0.266046,0.180067,0.087558,0.343264,0.251945,0.161787,0.076457,0.326488,0.257867,0.16697,0.083897,0.336383,0.245225,0.163673,0.082804,0.322769,0.262113,0.168885,0.081394,0.314037,0.224985,0.150624,0.074222,0.273951,0.192258,0.124373,0.056078,0.254079,0.192778,0.159364,0.078781,0.359152,0.241537,0.141828,0.142925,0.612991,,0.650182,0.665315
营运能力,总资产周转天数,1300.406239,1312.546395,1343.486941,1289.649231,1354.251679,1382.285968,1428.237525,1487.132017,1573.63512,1659.819068,1783.575215,2469.792676,2246.149852,2445.305126,1990.332372,1870.917224,2015.157115,2047.84544,2082.876485,1808.371557,1867.985572,1979.616101,1790.55861,1190.982397,1226.519819,1238.234306,1233.832568,1152.113067,1173.593178,1222.823245,1200.697669,1071.845863,1040.66901,1039.483973,1032.877835,880.530063,874.292633,875.454211,890.790883,749.458312,733.220409,741.850365,733.033694,684.601084,677.441932,688.478097,705.351403,703.502461,716.344102,758.251459,778.511766,800.518871,819.573086,838.446889,854.755833,931.131785,1014.861057,999.622675,1027.88944,1048.753581,1071.658959,1112.573882,1177.124148,1102.643271,1047.051157,1078.032657,1072.738357,1070.207581,1101.027435,1099.747363,1086.899961,1115.347835,1030.089673,1065.807761,1105.727927,1146.359733,1200.078962,1195.027604,1212.565137,1314.099948,1404.362503,1447.253261,1604.899452,1416.878676,1400.570983,1129.487449,1142.400624,1002.360018,1117.84053,1269.140923,629.700854,587.283988,,553.690905,541.096981
营运能力,流动资产周转率,0.80502,0.560878,0.279953,1.46824,1.068522,0.730691,0.377451,1.712469,1.218935,0.836603,0.374068,1.159897,0.884915,0.548819,0.367043,1.424306,0.951196,0.622181,0.303761,1.575545,1.229729,0.863325,0.462011,2.490584,1.603185,1.091416,0.612265,1.960836,1.300878,0.842442,0.402245,2.178846,2.202847,1.431295,0.734401,2.839202,1.542465,0.950672,0.464113,1.805837,1.225042,0.768935,0.321064,1.704529,1.372969,0.912788,0.477282,2.316443,1.800134,1.04945,0.551596,2.488054,1.837069,1.162985,0.620812,2.240202,1.195892,0.95686,0.482584,1.839972,1.368591,0.866901,0.366424,1.724533,1.291737,0.777359,0.422467,2.070998,1.418049,0.975237,0.544229,1.951953,1.322055,0.824884,0.393215,1.683489,1.088744,0.763038,0.37457,1.351232,0.902764,0.606332,0.236422,0.985624,0.703792,0.452494,0.227892,0.81071,0.559905,0.343861,0.188435,0.851302,,0.948088,0.9846
营运能力,流动资产周转天数,335.395337,320.924873,321.481622,245.191372,252.685269,246.342109,238.441388,210.222736,221.504728,215.155684,240.597533,310.372352,305.113872,327.976565,245.202362,252.754553,283.852911,289.304661,296.285276,228.492243,219.560483,208.49619,194.800301,144.544376,168.414694,164.923362,146.995107,183.595153,207.552128,213.66432,223.744179,165.225053,122.568644,125.760174,122.548798,126.796174,175.044411,189.339721,193.918121,199.353509,220.400467,234.089993,280.317387,211.201954,196.654102,197.197978,188.567512,155.410626,149.988751,171.51832,163.16263,144.691338,146.973232,154.774131,144.971359,160.699738,225.772888,188.115184,186.495842,195.655073,197.28305,207.636159,245.616448,208.75213,209.020862,231.553003,213.034253,173.829221,190.402395,184.570473,165.371508,184.430657,204.227385,218.212479,228.882201,213.841593,247.992178,235.899026,240.275285,266.423382,299.081177,296.86689,380.67428,365.250647,383.635817,397.794826,394.923739,444.054888,482.224337,523.466164,477.617856,422.88149,,379.711207,365.630534
营运能力,应付账款周转率,4.730507,3.291041,1.645694,5.971755,5.072058,3.272976,1.422972,5.496404,4.877984,3.296088,1.409621,5.973582,5.311671,3.39468,1.650577,6.76919,5.860966,3.56827,1.719287,7.022078,5.757339,3.685577,1.761487,10.478588,8.423354,5.643539,,16.063822,,7.120926,3.508783,17.633982,15.102627,10.13791,5.317092,23.648539,27.019725,16.978978,7.749138,34.560551,28.505775,17.604098,9.02814,36.367985,26.954727,19.578937,9.062767,31.847708,22.430251,14.698754,7.307743,29.938123,25.038699,16.658145,7.312057,33.449558,25.112436,17.135038,8.586047,38.00667,28.955487,20.912416,10.474395,38.168658,28.544871,19.158575,9.575363,31.809001,23.294531,16.283508,6.216792,22.873659,15.536824,11.404684,5.46478,21.812603,13.375865,9.365462,4.385948,22.27604,13.367181,7.985389,3.946154,20.435865,11.579051,12.158667,6.144258,14.092551,10.811481,7.579169,2.379489,13.789344,,21.401247,24.491082
