日期,股票代码,开盘,收盘,最高,最低,成交量,成交额,振幅,涨跌幅,涨跌额,换手率,股票名称,前收盘,复权状态,交易状态,动态市盈率,动态市现率,动态市净率
2025-07-29,600469,5.95,5.96,6.0,5.9,6098450.0,36229631.0,1.67,-0.33,-0.02,0.84,,5.96,不复权，正常交易,,,
2025-07-30,600469,5.96,5.94,6.01,5.9,6571300.0,39127819.0,1.85,-0.34,-0.02,0.90,,5.96,不复权，正常交易,,,
2025-07-31,600469,5.96,5.84,5.96,5.81,5326550.0,31193867.5,2.53,-1.68,-0.10,0.73,,5.94,不复权，正常交易,,,
2025-08-01,600469,5.84,5.95,5.96,5.81,6119109.0,36197066.35,2.57,1.88,0.11,0.84,,5.84,不复权，正常交易,,,
2025-08-04,600469,5.94,5.99,6.0,5.85,6126300.0,36346241.0,2.52,0.67,0.04,0.84,,5.95,不复权，正常交易,,,
2025-08-05,600469,6.05,6.07,6.17,6.0,13903402.0,84819044.7,2.84,1.34,0.08,1.91,,5.99,不复权，正常交易,,,
2025-08-06,600469,6.05,6.07,6.1,6.0,7544599.0,45501896.43,1.65,0.00,0.00,1.03,,6.07,不复权，正常交易,,,
2025-08-07,600469,6.07,6.16,6.18,6.03,11476403.0,70126693.67,2.47,1.48,0.09,1.57,,6.07,不复权，正常交易,,,
2025-08-08,600469,6.19,6.15,6.22,6.1,8684000.0,53368791.42,1.95,-0.16,-0.01,1.19,,6.16,不复权，正常交易,,,
2025-08-11,600469,6.13,6.18,6.24,6.07,6935488.0,42786716.74,2.76,0.49,0.03,0.95,,6.15,不复权，正常交易,,,
2025-08-12,600469,6.19,6.08,6.2,6.06,9415465.0,57660216.59,2.27,-1.62,-0.10,1.29,,6.18,不复权，正常交易,,,
2025-08-13,600469,6.14,6.13,6.18,6.1,9709362.0,59618960.04,1.32,0.82,0.05,1.33,,6.08,不复权，正常交易,,,
2025-08-14,600469,6.16,6.11,6.18,6.09,9754200.0,59886221.0,1.47,-0.33,-0.02,1.34,,6.13,不复权，正常交易,,,
2025-08-15,600469,6.1,6.14,6.16,6.07,6903901.0,42226604.59,1.47,0.49,0.03,0.95,,6.11,不复权，正常交易,,,
2025-08-18,600469,6.14,6.1,6.2,6.07,13427402.0,82199525.7,2.12,-0.65,-0.04,1.84,,6.14,不复权，正常交易,,,
2025-08-19,600469,6.1,6.17,6.26,6.07,10139490.0,62514395.34,3.11,1.15,0.07,1.39,,6.10,不复权，正常交易,,,
2025-08-20,600469,6.14,6.27,6.27,6.12,10261550.0,63790583.22,2.43,1.62,0.10,1.41,,6.17,不复权，正常交易,,,
2025-08-21,600469,6.28,6.22,6.29,6.19,8341704.0,52012718.38,1.59,-0.80,-0.05,1.14,,6.27,不复权，正常交易,,,
2025-08-22,600469,6.26,6.19,6.28,6.13,7771758.0,48008770.22,2.41,-0.48,-0.03,1.07,,6.22,不复权，正常交易,,,
2025-08-25,600469,6.21,6.17,6.21,6.11,9377316.0,57736136.24,1.62,-0.32,-0.02,1.29,,6.19,不复权，正常交易,,,
2025-08-26,600469,6.19,6.23,6.28,6.13,9169313.0,57164390.88,2.43,0.97,0.06,1.26,,6.17,不复权，正常交易,,,
2025-08-27,600469,6.24,6.11,6.26,6.11,10210738.0,63060412.38,2.41,-1.93,-0.12,1.40,,6.23,不复权，正常交易,,,
2025-08-28,600469,6.28,6.17,6.28,6.01,13469312.0,82554507.56,4.42,0.98,0.06,1.85,,6.11,不复权，正常交易,,,
2025-08-29,600469,6.18,6.17,6.2,6.13,7927190.0,48890327.47,1.13,0.00,0.00,1.09,,6.17,不复权，正常交易,,,
2025-09-01,600469,6.19,6.16,6.25,6.12,7500300.0,46370645.0,2.11,-0.16,-0.01,1.03,,6.17,不复权，正常交易,,,
2025-09-02,600469,6.15,6.09,6.16,5.95,8771950.0,53097698.0,3.41,-1.14,-0.07,1.20,,6.16,不复权，正常交易,,,
2025-09-03,600469,6.13,6.09,6.17,6.0,8005250.0,48748477.0,2.79,0.00,0.00,1.10,,6.09,不复权，正常交易,,,
2025-09-04,600469,6.09,6.1,6.15,6.01,6680515.0,40667993.4,2.30,0.16,0.01,0.92,,6.09,不复权，正常交易,,,
2025-09-05,600469,6.13,6.2,6.2,6.06,9266100.0,57108854.5,2.30,1.64,0.10,1.27,,6.10,不复权，正常交易,,,
2025-09-08,600469,6.19,6.25,6.27,6.18,7982750.0,49850138.85,1.45,0.81,0.05,1.09,,6.20,不复权，正常交易,,,
2025-09-09,600469,6.25,6.19,6.26,6.17,5706750.0,35411658.5,1.44,-0.96,-0.06,0.78,,6.25,不复权，正常交易,,,
2025-09-10,600469,6.22,6.21,6.24,6.17,4241065.0,26344728.49,1.13,0.32,0.02,0.58,,6.19,不复权，正常交易,,,
2025-09-11,600469,6.22,6.25,6.25,6.14,7908502.0,49091025.03,1.77,0.64,0.04,1.08,,6.21,不复权，正常交易,,,
2025-09-12,600469,6.24,6.19,6.24,6.16,6542000.0,40479862.0,1.28,-0.96,-0.06,0.90,,6.25,不复权，正常交易,,,
2025-09-15,600469,6.18,6.13,6.22,6.11,5770950.0,35451918.0,1.78,-0.97,-0.06,0.79,,6.19,不复权，正常交易,,,
2025-09-16,600469,6.14,6.15,6.16,6.06,5792450.0,35377258.0,1.63,0.33,0.02,0.79,,6.13,不复权，正常交易,,,
2025-09-17,600469,6.14,6.1,6.14,6.07,5660751.0,34520324.57,1.14,-0.81,-0.05,0.78,,6.15,不复权，正常交易,,,
2025-09-18,600469,6.1,5.95,6.12,5.92,7589750.0,45726654.5,3.28,-2.46,-0.15,1.04,,6.10,不复权，正常交易,,,
2025-09-19,600469,5.96,5.91,5.96,5.82,7136961.0,41965544.65,2.35,-0.67,-0.04,0.98,,5.95,不复权，正常交易,,,
2025-09-22,600469,5.92,5.87,5.95,5.85,4664251.0,27475190.28,1.69,-0.68,-0.04,0.64,,5.91,不复权，正常交易,,,
2025-09-23,600469,5.87,5.84,5.88,5.69,6226250.0,35975772.5,3.24,-0.51,-0.03,0.85,,5.87,不复权，正常交易,,,
2025-09-24,600469,5.82,5.85,5.91,5.75,5096902.0,29824953.68,2.74,0.17,0.01,0.70,,5.84,不复权，正常交易,,,
2025-09-25,600469,5.86,5.8,5.91,5.78,6227000.0,36283408.0,2.22,-0.85,-0.05,0.85,,5.85,不复权，正常交易,,,
2025-09-26,600469,5.78,5.8,5.88,5.74,4912550.0,28570327.0,2.41,0.00,0.00,0.67,,5.80,不复权，正常交易,,,
2025-09-29,600469,5.8,5.89,5.9,5.71,5356044.0,31202468.84,3.28,1.55,0.09,0.73,,5.80,不复权，正常交易,,,
2025-09-30,600469,5.91,5.81,5.91,5.8,3662050.0,21394692.5,1.87,-1.36,-0.08,0.50,,5.89,不复权，正常交易,,,
2025-10-09,600469,5.81,5.84,5.88,5.78,4416308.0,25707139.61,1.72,0.52,0.03,0.61,,5.81,不复权，正常交易,,,
2025-10-10,600469,5.86,6.14,6.15,5.84,11957963.0,72125496.72,5.31,5.14,0.30,1.64,,5.84,不复权，正常交易,,,
2025-10-13,600469,5.99,6.09,6.32,5.92,15700900.0,95941375.5,6.51,-0.81,-0.05,2.15,,6.14,不复权，正常交易,,,
2025-10-14,600469,6.1,6.24,6.25,6.07,13763280.0,85139895.1,2.96,2.46,0.15,1.89,,6.09,不复权，正常交易,,,
2025-10-15,600469,6.28,6.25,6.43,6.2,12376300.0,77665706.0,3.69,0.16,0.01,1.70,,6.24,不复权，正常交易,,,
2025-10-16,600469,6.23,6.32,6.35,6.23,11434649.0,72161666.1,1.92,1.12,0.07,1.57,,6.25,不复权，正常交易,,,
2025-10-17,600469,6.29,6.3,6.3,6.11,10692178.0,66185996.22,3.01,-0.32,-0.02,1.47,,6.32,不复权，正常交易,,,
2025-10-20,600469,6.3,6.09,6.3,6.07,14110087.0,86486287.84,3.65,-3.33,-0.21,1.93,,6.30,不复权，正常交易,,,
2025-10-21,600469,6.14,6.32,6.34,6.09,15721694.0,98379169.77,4.11,3.78,0.23,2.16,,6.09,不复权，正常交易,,,
2025-10-22,600469,6.33,6.3,6.36,6.25,8733800.0,54981933.26,1.74,-0.32,-0.02,1.20,,6.32,不复权，正常交易,,,
2025-10-23,600469,6.3,6.38,6.44,6.24,11773300.0,74882265.0,3.17,1.27,0.08,1.61,,6.30,不复权，正常交易,,,
2025-10-24,600469,6.39,6.38,6.42,6.32,7472000.0,47560478.0,1.57,0.00,0.00,1.02,,6.38,不复权，正常交易,,,
2025-10-27,600469,6.41,6.45,6.56,6.39,11965743.0,77382348.71,2.66,1.10,0.07,1.64,,6.38,不复权，正常交易,,,
2025-10-28,600469,6.5,6.41,6.5,6.37,7015300.0,45017947.0,2.02,-0.62,-0.04,0.96,,6.45,不复权，正常交易,,,
2025-10-29,600469,6.43,6.39,6.44,6.31,7399500.0,47057125.5,2.03,-0.31,-0.02,1.01,,6.41,不复权，正常交易,,,
2025-10-30,600469,6.39,6.35,6.41,6.31,6506300.0,41406815.0,1.56,-0.63,-0.04,0.89,,6.39,不复权，正常交易,,,
2025-10-31,600469,6.54,6.99,6.99,6.5,62543255.0,431092245.29,7.72,10.08,0.64,8.57,,6.35,不复权，正常交易,,,
2025-11-03,600469,6.9,7.19,7.19,6.79,65423901.0,457030944.0,5.72,2.86,0.20,8.97,,6.99,不复权，正常交易,,,
2025-11-04,600469,7.05,7.04,7.13,6.93,32461867.0,228168663.21,2.78,-2.09,-0.15,4.45,,7.19,不复权，正常交易,,,
2025-11-05,600469,7.03,7.09,7.2,6.95,29941877.0,212703813.83,3.55,0.71,0.05,4.10,,7.04,不复权，正常交易,,,
2025-11-06,600469,7.12,7.11,7.26,7.0,25985182.0,184747616.9,3.67,0.28,0.02,3.56,,7.09,不复权，正常交易,,,
2025-11-07,600469,7.11,7.12,7.25,7.02,24273875.0,172967457.87,3.23,0.14,0.01,3.33,,7.11,不复权，正常交易,,,
2025-11-10,600469,7.12,7.32,7.35,7.1,29952989.0,217324026.62,3.51,2.81,0.20,4.11,,7.12,不复权，正常交易,,,
2025-11-11,600469,7.27,7.14,7.38,7.11,20119300.0,144066365.0,3.69,-2.46,-0.18,2.76,,7.32,不复权，正常交易,,,
2025-11-12,600469,7.16,7.07,7.16,7.0,17621450.0,124433549.5,2.24,-0.98,-0.07,2.42,,7.14,不复权，正常交易,,,
2025-11-13,600469,7.04,7.09,7.13,6.95,15056510.0,106248520.4,2.55,0.28,0.02,2.06,,7.07,不复权，正常交易,,,
2025-11-14,600469,7.1,7.01,7.13,7.0,10402700.0,73340365.0,1.83,-1.13,-0.08,1.43,,7.09,不复权，正常交易,,,
2025-11-17,600469,7.01,7.12,7.22,6.97,15985750.0,113318047.0,3.57,1.57,0.11,2.19,,7.01,不复权，正常交易,,,
2025-11-18,600469,7.04,7.02,7.16,6.98,9558850.0,67346943.0,2.53,-1.40,-0.10,1.31,,7.12,不复权，正常交易,,,
2025-11-19,600469,7.0,6.94,7.07,6.9,9381750.0,65348958.0,2.42,-1.14,-0.08,1.29,,7.02,不复权，正常交易,,,
2025-11-20,600469,6.97,6.98,7.02,6.81,9809250.0,68195313.0,3.03,0.58,0.04,1.34,,6.94,不复权，正常交易,,,
2025-11-21,600469,6.98,6.78,7.33,6.75,22700950.0,158948262.0,8.31,-2.87,-0.20,3.11,,6.98,不复权，正常交易,,,
2025-11-24,600469,6.78,6.89,6.98,6.73,18425500.0,126565901.5,3.69,1.62,0.11,2.53,,6.78,不复权，正常交易,,,
2025-11-25,600469,6.96,6.85,7.1,6.83,13225700.0,92226047.0,3.92,-0.58,-0.04,1.81,,6.89,不复权，正常交易,,,
2025-11-26,600469,6.85,6.75,6.9,6.73,12452312.0,84760669.46,2.48,-1.46,-0.10,1.71,,6.85,不复权，正常交易,,,
2025-11-27,600469,6.72,6.82,6.87,6.68,8551200.0,58117190.0,2.81,1.04,0.07,1.17,,6.75,不复权，正常交易,,,
2025-11-28,600469,6.86,6.88,6.89,6.78,7523217.0,51531947.62,1.61,0.88,0.06,1.03,,6.82,不复权，正常交易,,,
2025-12-01,600469,6.87,6.91,6.98,6.84,10303800.0,71351401.0,2.03,0.44,0.03,1.41,,6.88,不复权，正常交易,,,
2025-12-02,600469,6.92,7.01,7.02,6.85,8891128.0,61649258.5,2.46,1.45,0.10,1.22,,6.91,不复权，正常交易,,,
2025-12-03,600469,7.01,6.91,7.08,6.87,9316860.0,64556539.1,3.00,-1.43,-0.10,1.28,,7.01,不复权，正常交易,,,
2025-12-04,600469,6.9,6.89,6.93,6.81,5893788.0,40536683.44,1.74,-0.29,-0.02,0.81,,6.91,不复权，正常交易,,,
2025-12-05,600469,6.85,7.05,7.15,6.83,15892300.0,111970475.5,4.64,2.32,0.16,2.18,,6.89,不复权，正常交易,,,
2025-12-08,600469,7.11,6.99,7.12,6.96,8892998.0,62302945.26,2.27,-0.85,-0.06,1.22,,7.05,不复权，正常交易,,,
2025-12-09,600469,6.95,6.9,7.01,6.9,8427818.0,58466463.2,1.57,-1.29,-0.09,1.16,,6.99,不复权，正常交易,,,
2025-12-10,600469,6.9,6.87,6.95,6.82,6163900.0,42366741.0,1.88,-0.43,-0.03,0.84,,6.90,不复权，正常交易,,,
2025-12-11,600469,6.88,6.77,6.91,6.74,6991000.0,47534788.0,2.47,-1.46,-0.10,0.96,,6.87,不复权，正常交易,,,
2025-12-12,600469,6.81,6.67,6.86,6.62,7733800.0,52143086.0,3.55,-1.48,-0.10,1.06,,6.77,不复权，正常交易,,,
2025-12-15,600469,6.59,6.8,6.86,6.56,12353850.0,83673411.0,4.50,1.95,0.13,1.69,,6.67,不复权，正常交易,,,
2025-12-16,600469,6.75,6.68,6.84,6.62,7216050.0,48357643.5,3.24,-1.76,-0.12,0.99,,6.80,不复权，正常交易,,,
2025-12-17,600469,6.65,6.67,6.74,6.55,7145750.0,47442332.5,2.84,-0.15,-0.01,0.98,,6.68,不复权，正常交易,,,
2025-12-18,600469,6.67,6.71,6.77,6.61,5698875.0,38353245.75,2.40,0.60,0.04,0.78,,6.67,不复权，正常交易,,,
2025-12-19,600469,6.68,6.8,6.82,6.67,4792254.0,32463566.56,2.24,1.34,0.09,0.66,,6.71,不复权，正常交易,,,
2025-12-22,600469,6.82,6.97,6.99,6.8,9971100.0,69002059.0,2.79,2.50,0.17,1.37,,6.80,不复权，正常交易,,,
2025-12-23,600469,6.95,6.77,6.98,6.74,6820615.0,46508555.9,3.44,-2.87,-0.20,0.94,,6.97,不复权，正常交易,,,
2025-12-24,600469,6.79,6.78,6.84,6.71,4954001.0,33652764.77,1.92,0.15,0.01,0.68,,6.77,不复权，正常交易,,,
2025-12-25,600469,6.75,6.89,6.92,6.75,5052640.0,34651076.6,2.51,1.62,0.11,0.69,,6.78,不复权，正常交易,,,
2025-12-26,600469,6.83,6.9,6.92,6.79,5526400.0,37909930.0,1.89,0.15,0.01,0.76,,6.89,不复权，正常交易,,,
2025-12-29,600469,6.89,6.83,6.9,6.76,5889250.0,40141601.5,2.03,-1.01,-0.07,0.81,,6.90,不复权，正常交易,,,
2025-12-30,600469,6.82,6.78,6.88,6.68,4615000.0,31366106.0,2.93,-0.73,-0.05,0.63,,6.83,不复权，正常交易,,,
2025-12-31,600469,6.85,6.94,6.94,6.77,7528563.0,51618685.07,2.51,2.36,0.16,1.03,,6.78,不复权，正常交易,,,
2026-01-05,600469,6.98,6.86,7.05,6.86,12915113.0,89383271.83,2.74,-1.15,-0.08,1.77,,6.94,不复权，正常交易,,,
2026-01-06,600469,6.85,6.77,6.93,6.74,12569176.0,85718579.26,2.77,-1.31,-0.09,1.72,,6.86,不复权，正常交易,,,
2026-01-07,600469,6.79,6.62,6.82,6.61,11351500.0,76011677.0,3.10,-2.22,-0.15,1.56,,6.77,不复权，正常交易,,,
2026-01-08,600469,6.58,6.62,6.66,6.56,8704050.0,57557766.5,1.51,0.00,0.00,1.19,,6.62,不复权，正常交易,,,
2026-01-09,600469,6.61,6.56,6.67,6.52,10309663.0,67769041.39,2.27,-0.91,-0.06,1.41,,6.62,不复权，正常交易,,,
2026-01-12,600469,6.5,6.63,6.66,6.48,12907015.0,84628028.9,2.74,1.07,0.07,1.77,,6.56,不复权，正常交易,,,
2026-01-13,600469,6.61,6.53,6.66,6.53,8340900.0,54900112.0,1.96,-1.51,-0.10,1.14,,6.63,不复权，正常交易,,,
2026-01-14,600469,6.56,6.44,6.58,6.37,12010288.0,77868530.55,3.22,-1.38,-0.09,1.65,,6.53,不复权，正常交易,,,
2026-01-15,600469,6.43,6.46,6.53,6.39,5920050.0,38321287.81,2.17,0.31,0.02,0.81,,6.44,不复权，正常交易,,,
2026-01-16,600469,6.49,6.73,6.79,6.44,16049773.0,106158434.77,5.42,4.18,0.27,2.20,,6.46,不复权，正常交易,,,
2026-01-19,600469,6.73,6.96,7.02,6.69,24510554.0,168725249.28,4.90,3.42,0.23,3.36,,6.73,不复权，正常交易,,,
2026-01-20,600469,6.95,7.02,7.08,6.9,15471000.0,108573456.5,2.59,0.86,0.06,2.12,,6.96,不复权，正常交易,,,
2026-01-21,600469,6.99,7.05,7.08,6.95,10609983.0,74535856.49,1.85,0.43,0.03,1.45,,7.02,不复权，正常交易,,,
2026-01-22,600469,7.05,7.12,7.16,6.97,11023197.0,78006619.67,2.70,0.99,0.07,1.51,,7.05,不复权，正常交易,,,
2026-01-23,600469,7.16,7.07,7.19,7.01,10949611.0,77539574.43,2.53,-0.70,-0.05,1.50,,7.12,不复权，正常交易,,,
2026-01-26,600469,7.08,7.14,7.23,7.04,12343450.0,88081879.0,2.69,0.99,0.07,1.69,,7.07,不复权，正常交易,,,
2026-01-27,600469,7.14,7.15,7.19,7.04,12207287.0,86841952.34,2.10,0.14,0.01,1.67,,7.14,不复权，正常交易,,,
2026-01-28,600469,7.17,7.23,7.25,7.08,11173250.0,80382522.5,2.38,1.12,0.08,1.53,,7.15,不复权，正常交易,,,
2026-01-29,600469,7.2,7.33,7.49,7.14,15834800.0,116359686.5,4.84,1.38,0.10,2.17,,7.23,不复权，正常交易,,,
2026-01-30,600469,7.26,7.53,7.62,7.2,25326699.0,189038593.87,5.73,2.73,0.20,3.47,,7.33,不复权，正常交易,,,
2026-02-02,600469,7.68,7.55,8.22,7.48,43724863.0,335421620.13,9.83,0.27,0.02,5.99,,7.53,不复权，正常交易,,,
2026-02-03,600469,7.56,7.79,7.98,7.5,40468185.0,314948140.25,6.36,3.18,0.24,5.55,,7.55,不复权，正常交易,,,
2026-02-04,600469,7.7,7.7,7.87,7.6,22573971.0,174462318.04,3.47,-1.16,-0.09,3.09,,7.79,不复权，正常交易,,,
2026-02-05,600469,7.7,7.39,7.71,7.39,20239850.0,151225541.0,4.16,-4.03,-0.31,2.77,,7.70,不复权，正常交易,,,
2026-02-06,600469,7.37,7.4,7.55,7.33,17669563.0,131563184.44,2.98,0.14,0.01,2.42,,7.39,不复权，正常交易,,,
2026-02-09,600469,7.43,7.38,7.47,7.3,12689500.0,93567660.0,2.30,-0.27,-0.02,1.74,,7.40,不复权，正常交易,,,
2026-02-10,600469,7.38,7.22,7.38,7.21,12769801.0,92962076.2,2.30,-2.17,-0.16,1.75,,7.38,不复权，正常交易,,,
2026-02-11,600469,7.23,7.26,7.39,7.12,12464874.0,90560384.67,3.74,0.55,0.04,1.71,,7.22,不复权，正常交易,,,
2026-02-12,600469,7.32,7.51,7.69,7.3,17139576.0,129705633.92,5.37,3.44,0.25,2.35,,7.26,不复权，正常交易,,,
2026-02-13,600469,7.44,7.33,7.57,7.33,12152750.0,90232984.0,3.20,-2.40,-0.18,1.67,,7.51,不复权，正常交易,,,
2026-02-24,600469,7.45,7.73,7.84,7.41,17110371.0,130557244.48,5.87,5.46,0.40,2.35,,7.33,不复权，正常交易,,,
2026-02-25,600469,7.77,7.61,7.82,7.57,14649900.0,112496105.72,3.23,-1.55,-0.12,2.01,,7.73,不复权，正常交易,,,
2026-02-26,600469,7.56,7.61,7.74,7.47,14502378.0,110415533.8,3.55,0.00,0.00,1.99,,7.61,不复权，正常交易,,,
2026-02-27,600469,7.6,7.62,7.66,7.48,10350678.0,78557275.58,2.37,0.13,0.01,1.42,,7.61,不复权，正常交易,,,
2026-03-02,600469,7.54,7.4,7.57,7.36,15818164.0,117559056.55,2.76,-2.89,-0.22,2.17,,7.62,不复权，正常交易,,,
2026-03-03,600469,7.31,7.35,7.63,7.31,15601950.0,116423313.5,4.32,-0.68,-0.05,2.14,,7.40,不复权，正常交易,,,
2026-03-04,600469,7.28,7.19,7.39,7.14,15124900.0,109694300.0,3.40,-2.18,-0.16,2.07,,7.35,不复权，正常交易,,,
2026-03-05,600469,7.42,7.25,7.44,7.19,9921903.0,72222946.66,3.48,0.83,0.06,1.36,,7.19,不复权，正常交易,,,
2026-03-06,600469,7.25,7.29,7.46,7.23,10281887.0,75758403.52,3.17,0.55,0.04,1.41,,7.25,不复权，正常交易,,,
2026-03-09,600469,7.22,7.12,7.31,7.01,11745400.0,83775782.0,4.12,-2.33,-0.17,1.61,,7.29,不复权，正常交易,,,
2026-03-10,600469,7.22,7.11,7.26,7.05,9814598.0,69957646.83,2.95,-0.14,-0.01,1.35,,7.12,不复权，正常交易,,,
2026-03-11,600469,7.11,7.16,7.19,7.07,10457450.0,74559445.5,1.69,0.70,0.05,1.43,,7.11,不复权，正常交易,,,
2026-03-12,600469,7.16,7.43,7.5,7.16,17867802.0,131828710.68,4.75,3.77,0.27,2.45,,7.16,不复权，正常交易,,,
2026-03-13,600469,7.39,7.33,7.5,7.24,12656850.0,93212714.5,3.50,-1.35,-0.10,1.74,,7.43,不复权，正常交易,,,
2026-03-16,600469,7.29,7.06,7.49,7.04,12730500.0,91911967.0,6.14,-3.68,-0.27,1.75,,7.33,不复权，正常交易,,,
2026-03-17,600469,7.08,6.92,7.21,6.9,10858523.0,76137534.8,4.39,-1.98,-0.14,1.49,,7.06,不复权，正常交易,,,
2026-03-18,600469,6.91,6.98,7.03,6.9,6700900.0,46670138.0,1.88,0.87,0.06,0.92,,6.92,不复权，正常交易,,,
2026-03-19,600469,6.92,6.79,6.94,6.74,12265100.0,83657417.56,2.87,-2.72,-0.19,1.68,,6.98,不复权，正常交易,,,
2026-03-20,600469,6.91,6.77,6.91,6.73,10996900.0,74851637.0,2.65,-0.29,-0.02,1.51,,6.79,不复权，正常交易,,,
2026-03-23,600469,6.7,6.38,6.7,6.32,12512650.0,81465714.0,5.61,-5.76,-0.39,1.72,,6.77,不复权，正常交易,,,
2026-03-24,600469,6.47,6.65,6.66,6.38,8688429.0,56635562.38,4.39,4.23,0.27,1.19,,6.38,不复权，正常交易,,,
2026-03-25,600469,6.7,6.74,6.76,6.58,7173986.0,48072260.2,2.71,1.35,0.09,0.98,,6.65,不复权，正常交易,,,
2026-03-26,600469,6.77,6.61,6.92,6.57,9674853.0,64947558.56,5.19,-1.93,-0.13,1.33,,6.74,不复权，正常交易,,,
2026-03-27,600469,6.58,6.71,6.73,6.5,6604700.0,44121340.0,3.48,1.51,0.10,0.91,,6.61,不复权，正常交易,,,
2026-03-30,600469,6.66,6.67,6.73,6.54,5359600.0,35635624.96,2.83,-0.60,-0.04,0.73,,6.71,不复权，正常交易,,,
2026-03-31,600469,6.63,6.56,6.73,6.56,5941224.0,39482643.44,2.55,-1.65,-0.11,0.81,,6.67,不复权，正常交易,,,
2026-04-01,600469,6.72,6.73,6.76,6.62,6040450.0,40320488.5,2.13,2.59,0.17,0.83,,6.56,不复权，正常交易,,,
2026-04-02,600469,6.72,6.77,6.77,6.63,8757619.0,58667459.22,2.08,0.59,0.04,1.20,,6.73,不复权，正常交易,,,
2026-04-03,600469,6.71,6.41,6.75,6.39,8952279.0,58222156.97,5.32,-5.32,-0.36,1.23,,6.77,不复权，正常交易,,,
2026-04-07,600469,6.54,6.47,6.54,6.4,7328979.0,47306512.97,2.18,0.94,0.06,1.00,,6.41,不复权，正常交易,,,
2026-04-08,600469,6.56,6.72,6.85,6.51,11491504.0,77185052.81,5.26,3.86,0.25,1.58,,6.47,不复权，正常交易,,,
2026-04-09,600469,6.71,6.71,6.77,6.54,10221077.0,67954335.91,3.42,-0.15,-0.01,1.40,,6.72,不复权，正常交易,,,
2026-04-10,600469,6.71,6.68,6.8,6.63,9489073.0,63705696.14,2.53,-0.45,-0.03,1.30,,6.71,不复权，正常交易,,,
2026-04-13,600469,6.66,6.59,6.69,6.51,10848676.0,71584777.68,2.69,-1.35,-0.09,1.49,,6.68,不复权，正常交易,,,
2026-04-14,600469,6.58,7.25,7.25,6.58,31096233.0,219485330.71,10.17,10.02,0.66,4.26,,6.59,不复权，正常交易,,,
2026-04-15,600469,7.34,7.14,7.4,7.08,40420402.0,289286903.47,4.41,-1.52,-0.11,5.54,,7.25,不复权，正常交易,,,
2026-04-16,600469,7.13,7.28,7.32,7.06,21823698.0,157480384.55,3.64,1.96,0.14,2.99,,7.14,不复权，正常交易,,,
2026-04-17,600469,7.3,7.1,7.3,7.02,18129003.0,128715547.29,3.85,-2.47,-0.18,2.49,,7.28,不复权，正常交易,,,
2026-04-20,600469,7.09,7.15,7.23,7.02,14892058.0,106359332.57,2.96,0.70,0.05,2.04,,7.10,不复权，正常交易,,,
2026-04-21,600469,7.15,7.03,7.15,6.95,13840736.0,97243000.53,2.80,-1.68,-0.12,1.90,,7.15,不复权，正常交易,,,
2026-04-22,600469,6.99,6.98,7.03,6.91,10547235.0,73369987.74,1.71,-0.71,-0.05,1.45,,7.03,不复权，正常交易,,,
2026-04-23,600469,6.95,7.01,7.04,6.85,11888255.0,82775611.73,2.72,0.43,0.03,1.63,,6.98,不复权，正常交易,,,
2026-04-24,600469,7.0,6.95,7.03,6.86,7401432.0,51398724.4,2.43,-0.86,-0.06,1.01,,7.01,不复权，正常交易,,,
2026-04-27,600469,6.92,6.46,6.92,6.35,28295816.0,183620245.91,8.20,-7.05,-0.49,3.88,,6.95,不复权，正常交易,,,
2026-04-28,600469,6.45,6.47,6.5,6.36,13755485.0,88490403.75,2.17,0.15,0.01,1.89,,6.46,不复权，正常交易,,,
2026-04-29,600469,6.43,6.38,6.45,6.3,13101692.0,83497810.28,2.32,-1.39,-0.09,1.80,,6.47,不复权，正常交易,,,
2026-04-30,600469,6.49,6.39,6.67,6.38,21948100.0,143045662.0,4.55,0.16,0.01,3.01,,6.38,不复权，正常交易,,,
2026-05-06,600469,6.44,6.51,6.54,6.35,14873892.0,95860576.42,2.97,1.88,0.12,2.04,,6.39,不复权，正常交易,,,
2026-05-07,600469,6.5,6.51,6.58,6.49,10377684.0,67685909.84,1.38,0.00,0.00,1.42,,6.51,不复权，正常交易,,,
2026-05-08,600469,6.52,6.63,6.68,6.46,13042911.0,85799723.17,3.38,1.84,0.12,1.79,,6.51,不复权，正常交易,,,
2026-05-11,600469,6.62,6.55,6.63,6.46,14263040.0,93243424.8,2.56,-1.21,-0.08,1.96,,6.63,不复权，正常交易,,,
2026-05-12,600469,6.55,6.43,6.63,6.4,11536700.0,74978232.0,3.51,-1.83,-0.12,1.58,,6.55,不复权，正常交易,,,
2026-05-13,600469,6.43,6.59,6.72,6.36,16318539.0,107218437.69,5.60,2.49,0.16,2.24,,6.43,不复权，正常交易,,,
2026-05-14,600469,6.59,6.49,6.62,6.46,9569140.0,62539739.6,2.43,-1.52,-0.10,1.31,,6.59,不复权，正常交易,,,
2026-05-15,600469,6.6,6.47,6.71,6.41,10741527.0,70112912.21,4.62,-0.31,-0.02,1.47,,6.49,不复权，正常交易,,,
2026-05-18,600469,6.41,6.22,6.43,6.17,14528133.0,90821076.16,4.02,-3.86,-0.25,1.99,,6.47,不复权，正常交易,,,
2026-05-19,600469,6.22,6.24,6.3,6.1,8710671.0,54063478.81,3.22,0.32,0.02,1.19,,6.22,不复权，正常交易,,,
2026-05-20,600469,6.2,6.17,6.24,6.12,6352101.0,39150656.15,1.92,-1.12,-0.07,0.87,,6.24,不复权，正常交易,,,
2026-05-21,600469,6.21,6.14,6.32,6.13,8379326.0,52235294.64,3.08,-0.49,-0.03,1.15,,6.17,不复权，正常交易,,,
2026-05-22,600469,6.16,6.17,6.23,6.06,6899562.0,42575399.16,2.77,0.49,0.03,0.95,,6.14,不复权，正常交易,,,
2026-05-25,600469,6.13,6.06,6.21,6.03,7157889.0,43678912.8,2.92,-1.78,-0.11,0.98,,6.17,不复权，正常交易,,,
2026-05-26,600469,6.06,6.07,6.14,6.01,5797192.0,35122395.76,2.15,0.17,0.01,0.79,,6.06,不复权，正常交易,,,
2026-05-27,600469,6.07,5.97,6.07,5.87,8326500.0,49461847.26,3.29,-1.65,-0.10,1.14,,6.07,不复权，正常交易,,,
2026-05-28,600469,5.93,6.03,6.07,5.87,6231371.0,37300247.06,3.35,1.00,0.06,0.85,,5.97,不复权，正常交易,,,
2026-05-29,600469,6.04,5.88,6.05,5.87,5368601.0,31882728.88,2.99,-2.49,-0.15,0.74,,6.03,不复权，正常交易,,,
2026-06-01,600469,5.92,6.09,6.13,5.82,8068663.0,48629158.68,5.27,3.57,0.21,1.11,,5.88,不复权，正常交易,,,
2026-06-02,600469,6.05,5.94,6.12,5.9,5828700.0,34774839.0,3.61,-2.46,-0.15,0.80,,6.09,不复权，正常交易,,,
2026-06-03,600469,5.96,5.99,5.99,5.87,4804500.0,28478869.0,2.02,0.84,0.05,0.66,,5.94,不复权，正常交易,,,
2026-06-04,600469,5.89,5.84,5.93,5.83,4544500.0,26631287.0,1.70,-0.85,-0.05,0.62,,5.99,不复权，正常交易,,,
2026-06-05,600469,5.83,5.88,5.97,5.81,5098700.0,30032845.0,2.74,0.68,0.04,0.70,,5.84,不复权，正常交易,,,
2026-06-08,600469,5.8,5.65,5.84,5.55,5971100.0,33949236.0,4.93,-3.91,-0.23,0.82,,5.88,不复权，正常交易,,,
2026-06-09,600469,5.65,5.65,5.72,5.57,4466700.0,25176191.0,2.65,0.00,0.00,0.61,,5.65,不复权，正常交易,,,
2026-06-10,600469,5.66,5.6,5.66,5.54,5181362.0,28954937.34,2.12,-0.89,-0.05,0.71,,5.65,不复权，正常交易,,,
2026-06-11,600469,5.6,5.54,5.6,5.45,4914840.0,27114369.2,2.68,-1.07,-0.06,0.67,,5.60,不复权，正常交易,,,
2026-06-12,600469,5.57,5.68,5.68,5.56,7593784.0,42626418.4,2.17,2.53,0.14,1.04,,5.54,不复权，正常交易,,,
2026-06-15,600469,5.72,5.83,5.83,5.69,7050600.0,40553725.0,2.46,2.64,0.15,0.97,,5.68,不复权，正常交易,,,
2026-06-16,600469,5.78,5.76,5.81,5.61,7822401.0,44757634.71,3.43,-1.20,-0.07,1.07,,5.83,不复权，正常交易,,,
2026-06-17,600469,5.68,5.63,5.73,5.58,5345500.0,30119838.0,2.60,-2.26,-0.13,0.73,,5.76,不复权，正常交易,,,
2026-06-18,600469,5.62,5.59,5.62,5.34,12086400.0,66054999.5,4.97,-0.71,-0.04,1.66,,5.63,不复权，正常交易,,,
2026-06-22,600469,5.51,5.5,5.52,5.33,8883385.0,48011357.31,3.40,-1.61,-0.09,1.22,,5.59,不复权，正常交易,,,
2026-06-23,600469,5.46,5.47,5.6,5.41,9779798.0,53786928.74,3.45,-0.55,-0.03,1.34,,5.50,不复权，正常交易,,,
2026-06-24,600469,5.47,5.47,5.51,5.36,7414858.0,40225565.7,2.74,0.00,0.00,1.02,,5.47,不复权，正常交易,,,
2026-06-25,600469,5.49,5.27,5.51,5.24,11257707.0,60005727.92,4.94,-3.66,-0.20,1.54,,5.47,不复权，正常交易,,,
2026-06-26,600469,5.27,5.15,5.3,5.13,7923113.0,41268392.23,3.23,-2.28,-0.12,1.09,,5.27,不复权，正常交易,,,
2026-06-29,600469,5.1,5.2,5.21,4.95,8645634.0,44073716.8,5.05,0.97,0.05,1.19,,5.15,不复权，正常交易,,,
2026-06-30,600469,5.19,5.44,5.47,5.14,13142894.0,70089229.32,6.35,4.62,0.24,1.80,,5.20,不复权，正常交易,,,
2026-07-01,600469,5.45,5.48,5.54,5.28,10496500.0,56785340.5,4.78,0.74,0.04,1.44,,5.44,不复权，正常交易,,,
2026-07-02,600469,5.46,5.42,5.63,5.4,7383842.0,40690777.48,4.20,-1.09,-0.06,1.01,,5.48,不复权，正常交易,,,
2026-07-03,600469,5.45,5.46,5.58,5.42,8548700.0,47162025.98,2.95,0.74,0.04,1.17,,5.42,不复权，正常交易,,,
2026-07-06,600469,5.52,5.65,5.75,5.49,10176851.0,57309630.14,4.76,3.48,0.19,1.40,,5.46,不复权，正常交易,,,
2026-07-07,600469,5.62,5.42,5.63,5.32,9899650.0,53662689.0,5.49,-4.07,-0.23,1.36,,5.65,不复权，正常交易,,,
2026-07-08,600469,5.38,5.37,5.44,5.26,5012963.0,26870492.66,3.32,-0.92,-0.05,0.69,,5.42,不复权，正常交易,,,
2026-07-09,600469,5.33,5.41,5.41,5.23,4648100.0,24673042.5,3.35,0.74,0.04,0.64,,5.37,不复权，正常交易,,,
2026-07-10,600469,5.4,5.4,5.47,5.3,7333800.0,39592490.68,3.14,-0.18,-0.01,1.01,,5.41,不复权，正常交易,,,
2026-07-13,600469,5.4,5.25,5.4,5.22,5739199.0,30314789.67,3.33,-2.78,-0.15,0.79,,5.40,不复权，正常交易,,,
2026-07-14,600469,5.23,5.36,5.36,5.2,4208599.0,22321775.69,3.05,2.10,0.11,0.58,,5.25,不复权，正常交易,,,
2026-07-15,600469,5.31,5.44,5.48,5.31,5607450.0,30280124.5,3.17,1.49,0.08,0.77,,5.36,不复权，正常交易,,,
2026-07-16,600469,5.42,5.38,5.46,5.33,7072301.0,38142603.39,2.39,-1.10,-0.06,0.97,,5.44,不复权，正常交易,,,
2026-07-17,600469,5.33,5.42,5.49,5.2,10407900.0,55862295.0,5.39,0.74,0.04,1.43,,5.38,不复权，正常交易,,,
2026-07-20,600469,5.38,5.29,5.43,5.17,12263800.0,65273871.5,4.80,-2.40,-0.13,1.68,,5.42,不复权，正常交易,,,
2026-07-21,600469,5.25,5.22,5.29,5.11,8406422.0,43597551.96,3.40,-1.32,-0.07,1.15,,5.29,不复权，正常交易,,,
2026-07-22,600469,5.2,5.13,5.2,5.08,4553899.0,23319286.86,2.30,-1.72,-0.09,0.62,,5.22,不复权，正常交易,,,
2026-07-23,600469,5.1,5.19,5.21,5.08,5951200.0,30716106.0,2.53,1.17,0.06,0.82,,5.13,不复权，正常交易,,,
2026-07-24,600469,5.15,5.04,5.2,5.0,4537050.0,23145741.0,3.85,-2.89,-0.15,0.62,,5.19,不复权，正常交易,,,
2026-07-27,600469,5.04,5.13,5.16,5.04,4206276.0,21567623.8,2.38,1.79,0.09,0.58,,5.04,不复权，正常交易,,,
2026-07-28,600469,5.12,5.12,5.2,5.1,3900600.0,20070932.0,1.95,-0.19,-0.01,0.53,,5.13,不复权，正常交易,,,
2026-07-29,600469,5.12,5.23,5.25,5.12,9504300.0,49180049.5,2.54,2.15,0.11,1.30,,5.12,不复权，正常交易,,,
2026-07-30,600469,5.18,5.23,5.32,5.18,6972200.0,36661271.0,2.68,0.00,0.00,0.96,,5.23,不复权，正常交易,,,
2026-07-31,600469,5.24,5.31,5.31,5.22,6035100.0,31857563.0,1.72,1.53,0.08,0.83,,5.23,不复权，正常交易,,,
2026-08-03,600469,5.3,5.39,5.43,5.25,8628795.0,46333495.53,3.39,1.51,0.08,1.18,,5.31,不复权，正常交易,,,
2026-08-04,600469,5.39,5.37,5.43,5.32,7508700.0,40311192.0,2.04,-0.37,-0.02,1.03,,5.39,不复权，正常交易,,,
2026-08-05,600469,5.39,5.37,5.43,5.33,7149779.0,38427315.72,1.86,0.00,0.00,0.98,,5.37,不复权，正常交易,,,
2026-08-06,600469,5.38,5.35,5.41,5.26,5657323.0,30122326.97,2.79,-0.37,-0.02,0.78,,5.37,不复权，正常交易,,,
2026-08-07,600469,5.33,5.37,5.41,5.31,6413152.0,34374325.18,1.87,0.37,0.02,0.88,,5.35,不复权，正常交易,,,
2026-08-10,600469,5.37,5.52,5.52,5.36,7168300.0,39225615.0,2.98,2.79,0.15,0.98,,5.37,不复权，正常交易,,,
2026-08-11,600469,5.51,5.48,5.57,5.46,6088727.0,33501542.98,1.99,-0.72,-0.04,0.83,,5.52,不复权，正常交易,,,
2026-08-12,600469,5.49,5.42,5.49,5.34,14511108.0,78441033.01,2.74,-1.09,-0.06,1.71,,5.48,不复权，正常交易,,,
2026-08-13,600469,5.4,5.23,5.42,5.23,13544355.0,71538984.47,3.51,-3.51,-0.19,1.60,,5.42,不复权，正常交易,,,
2026-08-14,600469,5.26,5.21,5.27,5.18,7480836.0,39008107.09,1.72,-0.38,-0.02,0.88,,5.23,不复权，正常交易,,,
2026-08-17,600469,5.23,5.31,5.32,5.19,7478869.0,39502653.83,2.50,1.92,0.10,0.88,,5.21,不复权，正常交易,,,
2026-08-18,600469,5.28,5.26,5.32,5.23,4475101.0,23559807.25,1.69,-0.94,-0.05,0.53,,5.31,不复权，正常交易,,,
2026-08-19,600469,5.22,5.15,5.24,5.12,7340800.0,37998349.0,2.28,-2.09,-0.11,0.87,,5.26,不复权，正常交易,,,
2026-08-20,600469,5.17,5.22,5.23,5.16,6033289.0,31371243.14,1.36,1.36,0.07,0.71,,5.15,不复权，正常交易,,,
2026-08-21,600469,5.2,5.24,5.25,5.14,5939275.0,30889652.5,2.11,0.38,0.02,0.70,,5.22,不复权，正常交易,,,
2026-08-24,600469,5.23,5.22,5.28,5.18,4756750.0,24825893.5,1.91,-0.38,-0.02,0.56,,5.24,不复权，正常交易,,,
2026-08-25,600469,5.2,5.25,5.3,5.19,7630198.0,40113060.54,2.11,0.57,0.03,0.90,,5.22,不复权，正常交易,,,
2026-08-26,600469,5.28,5.27,5.3,5.24,8559154.0,45069584.54,1.14,0.38,0.02,1.01,,5.25,不复权，正常交易,,,
2026-08-27,600469,5.24,5.22,5.25,5.17,8227236.0,42818087.56,1.52,-0.95,-0.05,0.97,,5.27,不复权，正常交易,,,
2026-08-28,600469,5.21,5.4,5.41,5.2,13246484.0,70566395.26,4.02,3.45,0.18,1.57,,5.22,不复权，正常交易,,,
2026-08-31,600469,5.33,5.4,5.42,5.2,19245573.0,102696587.22,4.07,0.00,0.00,2.27,,5.40,不复权，正常交易,,,
2026-09-01,600469,5.35,5.33,5.44,5.31,18848219.0,101320585.58,2.41,-1.30,-0.07,2.23,,5.40,不复权，正常交易,,,
2026-09-02,600469,5.32,5.29,5.32,5.24,9323500.0,49196451.0,1.50,-0.75,-0.04,1.10,,5.29,不复权，正常交易,,,
2026-09-03,600469,5.29,5.24,5.35,5.22,8973100.0,47494791.0,2.46,-0.95,-0.05,1.06,,5.24,不复权，正常交易,,,
2026-09-04,600469,5.26,5.21,5.29,5.2,10911270.0,57270039.52,1.72,-0.57,-0.03,1.29,,5.21,不复权，正常交易,,,
2026-09-07,600469,5.23,5.21,5.25,5.19,7678274.0,40025200.56,1.15,0.00,0.00,0.91,,5.21,不复权，正常交易,,,
2026-09-08,600469,5.2,5.3,5.32,5.2,11784008.0,61988605.13,2.30,1.73,0.09,1.39,,5.30,不复权，正常交易,,,
2026-09-09,600469,5.29,5.37,5.39,5.26,9659390.0,51534398.85,2.45,1.32,0.07,1.14,,5.37,不复权，正常交易,,,
2026-09-10,600469,5.34,5.33,5.38,5.3,5294500.0,28317436.0,1.49,-0.74,-0.04,0.63,,5.33,不复权，正常交易,,,
2026-09-11,600469,5.3,5.15,5.33,5.12,11937122.0,61810926.08,3.94,-3.38,-0.18,1.41,,5.15,不复权，正常交易,,,
