代码,名称,上市日期,退市日期,证券类型,上市状态,所属板块,流通市值,总市值,动态市盈率
600000,浦发银行,1999-11-10,,1,1,沪市主板,384349373982.0,384349373982.0,0.0
600001,邯郸钢铁,1998-01-22,2009-12-29,1,0,沪市主板,0.0,0.0,0.0
600002,齐鲁石化,1998-04-08,2006-04-24,1,0,沪市主板,0.0,0.0,0.0
600003,ST东北高,1999-08-10,2010-02-26,1,0,沪市主板,0.0,0.0,0.0
600004,白云机场,2003-04-28,,1,1,沪市主板,22389154957.0,24380733897.0,0.0
600005,武钢股份,1999-08-03,2017-02-14,1,0,沪市主板,0.0,0.0,0.0
600006,东风股份,1999-07-27,,1,1,沪市主板,14520000000.0,14520000000.0,0.0
600007,中国国贸,1999-03-12,,1,1,沪市主板,20095286553.0,20095286553.0,0.0
600008,首创环保,2000-04-27,,1,1,沪市主板,22168583845.0,22168583845.0,0.0
600009,上海机场,1998-02-18,,1,1,沪市主板,66892877345.0,81342953278.0,0.0
600010,包钢股份,2001-03-09,,1,1,沪市主板,81590075546.0,117750410305.0,0.0
600011,华能国际,2001-12-06,,1,1,沪市主板,81163099202.0,115851928989.0,0.0
600012,皖通高速,2003-01-07,,1,1,沪市主板,17052728000.0,24996699336.0,0.0
600015,华夏银行,2003-09-12,,1,1,沪市主板,104171506365.0,107744065728.0,0.0
600016,民生银行,2000-12-19,,1,1,沪市主板,135465310674.0,167248838678.0,0.0
600017,日照港,2006-10-17,,1,1,沪市主板,9319231281.0,9319231281.0,0.0
600018,上港集团,2006-10-26,,1,1,沪市主板,127159549375.0,127341383957.0,0.0
600019,宝钢股份,2000-12-12,,1,1,沪市主板,158573576973.0,158573576973.0,0.0
600020,中原高速,2003-08-08,,1,1,沪市主板,9596277723.0,9596277723.0,0.0
600021,上海电力,2003-10-29,,1,1,沪市主板,60148729027.0,60148729027.0,0.0
600022,山东钢铁,2004-06-29,,1,1,沪市主板,16583216809.0,16583216809.0,0.0
600023,浙能电力,2013-12-19,,1,1,沪市主板,67311838400.0,67311838400.0,0.0
600025,华能水电,2017-12-15,,1,1,沪市主板,164700000000.0,170474512452.0,0.0
600026,中远海能,2002-05-23,,1,1,沪市主板,44164407980.0,69462956864.0,0.0
600027,华电国际,2005-02-03,,1,1,沪市主板,42806947491.0,58407224146.0,0.0
600028,中国石化,2001-08-08,,1,1,沪市主板,583675248310.0,744901167608.0,0.0
600029,南方航空,2003-07-25,,1,1,沪市主板,107411090074.0,144423748619.0,0.0
600030,中信证券,2003-01-06,,1,1,沪市主板,347884061327.0,423423022905.0,0.0
600031,三一重工,2003-07-03,,1,1,沪市主板,188809410024.0,204864698856.0,0.0
600032,浙江新能,2021-05-25,,1,1,沪市主板,18491953242.0,18491953242.0,0.0
600033,福建高速,2001-02-09,,1,1,沪市主板,11142264000.0,11142264000.0,0.0
600035,楚天高速,2004-03-10,,1,1,沪市主板,6327755491.0,6327755491.0,0.0
600036,招商银行,2002-04-09,,1,1,沪市主板,851975404918.0,1041579623321.0,0.0
600037,歌华有线,2001-02-08,,1,1,沪市主板,11008963062.0,11008963062.0,0.0
600038,中直股份,2000-12-18,,1,1,沪市主板,25526568033.0,31287125008.0,0.0
600039,四川路桥,2003-03-25,,1,1,沪市主板,90955878147.0,90955878147.0,0.0
600048,保利发展,2006-07-31,,1,1,沪市主板,78645813256.0,78645813256.0,0.0
600050,中国联通,2002-10-09,,1,1,沪市主板,166756197608.0,169453185272.0,0.0
600051,宁波联合,1997-04-10,,1,1,沪市主板,2356470400.0,2356470400.0,0.0
600052,东望时代,1997-04-15,,1,1,沪市主板,3984599178.0,3984599178.0,0.0
600053,九鼎投资,1997-04-18,,1,1,沪市主板,9667959840.0,9667959840.0,0.0
600054,黄山旅游,1997-05-06,,1,1,沪市主板,5872152000.0,8344100794.0,0.0
600055,万东医疗,1997-05-19,,1,1,沪市主板,11930946154.0,11930946154.0,0.0
600056,中国医药,1997-05-15,,1,1,沪市主板,16179702992.0,16185418873.0,0.0
600057,厦门象屿,1997-06-04,,1,1,沪市主板,17493384971.0,23747326874.0,0.0
600058,五矿发展,1997-05-28,,1,1,沪市主板,12348411391.0,12348411391.0,0.0
600059,古越龙山,1997-05-16,,1,1,沪市主板,8477344441.0,8477344441.0,0.0
600060,海信视像,1997-04-22,,1,1,沪市主板,31594099920.0,31710825772.0,0.0
600061,国投资本,1997-05-19,,1,1,沪市主板,49937012986.0,49937012986.0,0.0
600062,华润双鹤,1997-05-22,,1,1,沪市主板,19265037667.0,19372827543.0,0.0
600063,皖维高新,1997-05-28,,1,1,沪市主板,13076752758.0,13076752758.0,0.0
600064,南京高科,1997-05-06,,1,1,沪市主板,15365416039.0,15365416039.0,0.0
600065,*ST联谊,1997-05-23,2007-12-13,1,0,沪市主板,0.0,0.0,0.0
600066,宇通客车,1997-05-08,,1,1,沪市主板,71886606571.0,71886606571.0,0.0
600067,冠城新材,1997-05-08,,1,1,沪市主板,6067675702.0,6067675702.0,0.0
600068,葛洲坝,1997-05-26,2021-09-13,1,0,沪市主板,0.0,0.0,0.0
600069,退市银鸽,1997-04-30,2020-08-27,1,0,沪市主板,0.0,0.0,0.0
600070,*ST富润,1997-06-04,2025-04-30,1,0,沪市主板,0.0,0.0,0.0
600071,凤凰光学,1997-05-28,,1,1,沪市主板,6107337652.0,6107337652.0,0.0
600072,中船科技,1997-06-03,,1,1,沪市主板,13043381285.0,18091596765.0,0.0
600073,光明肉业,1997-07-04,,1,1,沪市主板,6160882631.0,6160882631.0,0.0
600074,退市保千,1997-06-23,2020-06-02,1,0,沪市主板,0.0,0.0,0.0
600075,新疆天业,1997-06-17,,1,1,沪市主板,9117322612.0,9117322612.0,0.0
600076,康欣新材,1997-05-26,,1,1,沪市主板,4974810458.0,4974810458.0,0.0
600077,*ST宋都,1997-05-20,2023-07-25,1,0,沪市主板,0.0,0.0,0.0
600078,澄星股份,1997-06-27,,1,1,沪市主板,6824500468.0,6971172468.0,0.0
600079,ST人福,1997-06-06,,1,1,沪市主板,28085853614.0,29706512563.0,0.0
600080,金花股份,1997-06-12,,1,1,沪市主板,2989894983.0,2989894983.0,0.0
600081,东风科技,1997-07-03,,1,1,沪市主板,6564420638.0,6564420638.0,0.0
600082,海泰发展,1997-06-20,,1,1,沪市主板,2708612209.0,2758914577.0,0.0
600083,*ST博信,1997-06-06,2025-03-05,1,0,沪市主板,0.0,0.0,0.0
600084,中信尼雅,1997-07-11,,1,1,沪市主板,5966989467.0,5966989467.0,0.0
600085,同仁堂,1997-06-25,,1,1,沪市主板,44490495299.0,44490495299.0,0.0
600086,退市金钰,1997-06-06,2021-03-17,1,0,沪市主板,0.0,0.0,0.0
600087,退市长油,1997-06-12,2014-06-05,1,0,沪市主板,0.0,0.0,0.0
600088,中视传媒,1997-06-16,,1,1,沪市主板,6721238160.0,6721238160.0,0.0
600089,特变电工,1997-06-18,,1,1,沪市主板,126016646721.0,126016646721.0,0.0
600090,退市济堂,1997-06-16,2022-07-07,1,0,沪市主板,0.0,0.0,0.0
600091,退市明科,1997-07-04,2022-06-21,1,0,沪市主板,0.0,0.0,0.0
600092,S*ST精密,1997-06-26,2006-11-30,1,0,沪市主板,0.0,0.0,0.0
600093,退市易见,1997-06-26,2022-06-23,1,0,沪市主板,0.0,0.0,0.0
600094,大名城,1997-07-03,,1,1,沪市主板,9716870872.0,10625021706.0,0.0
600095,湘财股份,1997-07-08,,1,1,沪市主板,32766291535.0,32766291535.0,0.0
600096,云天化,1997-07-09,,1,1,沪市主板,63075479293.0,63075479293.0,0.0
600097,开创国际,1997-06-19,,1,1,沪市主板,2855098224.0,2855098224.0,0.0
600098,广州发展,1997-07-18,,1,1,沪市主板,23524354023.0,23524354023.0,0.0
600099,林海股份,1997-07-04,,1,1,沪市主板,2289804000.0,2289804000.0,0.0
600100,同方股份,1997-06-27,,1,1,沪市主板,31224774685.0,31224774685.0,0.0
600101,明星电力,1997-06-27,,1,1,沪市主板,5226607973.0,5226607973.0,0.0
600102,莱钢股份,1997-08-28,2012-02-28,1,0,沪市主板,0.0,0.0,0.0
600103,青山纸业,1997-07-03,,1,1,沪市主板,9380275159.0,9501105407.0,0.0
600104,上汽集团,1997-11-25,,1,1,沪市主板,177027273562.0,177027273562.0,0.0
600105,永鼎股份,1997-09-29,,1,1,沪市主板,44152243020.0,44152243020.0,0.0
600106,重庆路桥,1997-06-18,,1,1,沪市主板,8598792151.0,8598792151.0,0.0
600107,ST尔雅,1997-11-06,,1,1,沪市主板,2455200000.0,2455200000.0,0.0
600108,亚盛集团,1997-08-18,,1,1,沪市主板,6872610377.0,6872610377.0,0.0
600109,国金证券,1997-08-07,,1,1,沪市主板,35163912996.0,35163912996.0,0.0
600110,诺德股份,1997-10-07,,1,1,沪市主板,12979153371.0,12979153371.0,0.0
600111,北方稀土,1997-09-24,,1,1,沪市主板,178620403253.0,178620403253.0,0.0
600112,*ST天成,1997-11-27,2024-08-15,1,0,沪市主板,0.0,0.0,0.0
600113,浙江东日,1997-10-21,,1,1,沪市主板,25652732826.0,26260364751.0,0.0
600114,东睦股份,2004-05-11,,1,1,沪市主板,19268147491.0,19737047491.0,0.0
600115,中国东航,1997-11-05,,1,1,沪市主板,101809290060.0,132084665287.0,0.0
600116,三峡水利,1997-08-04,,1,1,沪市主板,12486293163.0,12486293163.0,0.0
600117,西宁特钢,1997-10-15,,1,1,沪市主板,9570037680.0,9570037680.0,0.0
600118,中国卫星,1997-09-08,,1,1,沪市主板,125402972767.0,125402972767.0,0.0
600119,长江投资,1998-01-15,,1,1,沪市主板,2896594034.0,2896594034.0,0.0
600120,浙江东方,1997-12-01,,1,1,沪市主板,23634439925.0,23634439925.0,0.0
600121,郑州煤电,1998-01-07,,1,1,沪市主板,5507222412.0,5507222412.0,0.0
600122,*ST宏图,1998-04-20,2023-06-26,1,0,沪市主板,0.0,0.0,0.0
600123,兰花科创,1998-12-17,,1,1,沪市主板,9075158529.0,9075158529.0,0.0
600125,铁龙物流,1998-05-11,,1,1,沪市主板,8368395212.0,8368395212.0,0.0
600126,杭钢股份,1998-03-11,,1,1,沪市主板,29482860695.0,29482860695.0,0.0
600127,金健米业,1998-05-06,,1,1,沪市主板,4351290218.0,4351290218.0,0.0
600128,苏豪弘业,1997-09-01,,1,1,沪市主板,2798343450.0,2854263258.0,0.0
600129,太极集团,1997-11-18,,1,1,沪市主板,10278434968.0,10278434968.0,0.0
600130,*ST波导,2000-07-06,,1,1,沪市主板,3195000000.0,3195000000.0,0.0
600131,国网信通,1998-04-02,,1,1,沪市主板,20294510379.0,20336085097.0,0.0
600132,重庆啤酒,1997-10-30,,1,1,沪市主板,25355251063.0,25355251063.0,0.0
600133,东湖高新,1998-02-12,,1,1,沪市主板,11366117068.0,11366117068.0,0.0
600135,乐凯胶片,1998-01-22,,1,1,沪市主板,6567755265.0,6567755265.0,0.0
600136,ST明诚,1998-03-03,,1,1,沪市主板,3322683035.0,3489812342.0,0.0
600137,浪莎股份,1998-04-16,,1,1,沪市主板,1871438569.0,1871438569.0,0.0
600138,中青旅,1997-12-03,,1,1,沪市主板,7223923200.0,7223923200.0,0.0
600139,*ST西源,1998-02-25,2023-03-27,1,0,沪市主板,0.0,0.0,0.0
600141,兴发集团,1999-06-16,,1,1,沪市主板,41328038387.0,41328038387.0,0.0
600143,金发科技,2004-06-23,,1,1,沪市主板,55120560506.0,55120560506.0,0.0
600145,退市新亿,1999-09-23,2022-04-28,1,0,沪市主板,0.0,0.0,0.0
600146,退市环球,1999-07-07,2022-06-30,1,0,沪市主板,0.0,0.0,0.0
600148,长春一东,1998-05-20,,1,1,沪市主板,2860047455.0,2860047455.0,0.0
600149,廊坊发展,1999-10-14,,1,1,沪市主板,1976832000.0,1976832000.0,0.0
600150,中国船舶,1998-05-20,,1,1,沪市主板,269191473472.0,269191473472.0,0.0
600151,航天机电,1998-06-05,,1,1,沪市主板,29717707387.0,29717707387.0,0.0
600152,维科技术,1998-06-09,,1,1,沪市主板,3994549281.0,3994549281.0,0.0
600153,建发股份,1998-06-16,,1,1,沪市主板,27342648536.0,27342648536.0,0.0
600155,华创云信,1998-09-18,,1,1,沪市主板,15229172242.0,15229172242.0,0.0
600156,华升股份,1998-05-27,,1,1,沪市主板,3297307756.0,3297307756.0,0.0
600157,永泰能源,1998-05-13,,1,1,沪市主板,36435666122.0,36435666122.0,0.0
600158,中体产业,1998-03-27,,1,1,沪市主板,8539666296.0,8539666296.0,0.0
600159,大龙地产,1998-05-26,,1,1,沪市主板,2348909147.0,2348909147.0,0.0
600160,巨化股份,1998-06-26,,1,1,沪市主板,102077399323.0,102077399323.0,0.0
600161,天坛生物,1998-06-16,,1,1,沪市主板,33714183154.0,33714183154.0,0.0
600162,香江控股,1998-06-09,,1,1,沪市主板,6210032432.0,6210032432.0,0.0
600163,中闽能源,1998-06-02,,1,1,沪市主板,10523568671.0,10523568671.0,0.0
600165,*ST宁科,1998-05-29,,1,1,沪市主板,2968300266.0,6544329289.0,0.0
600166,福田汽车,1998-06-02,,1,1,沪市主板,23039635068.0,23039635068.0,0.0
600167,联美控股,1999-01-28,,1,1,沪市主板,16654505808.0,16654505808.0,0.0
600168,武汉控股,1998-04-27,,1,1,沪市主板,5135865432.0,5135865432.0,0.0
600169,ST太重,1998-09-04,,1,1,沪市主板,8166196675.0,8200402767.0,0.0
600170,上海建工,1998-06-23,,1,1,沪市主板,24169756104.0,24169756104.0,0.0
600171,上海贝岭,1998-09-24,,1,1,沪市主板,23224327406.0,23224327406.0,0.0
600172,黄河旋风,1998-11-26,,1,1,沪市主板,8142511685.0,9201136957.0,0.0
600173,卧龙新能,1999-04-15,,1,1,沪市主板,5169071881.0,5169736081.0,0.0
600175,退市美都,1999-04-08,2020-08-14,1,0,沪市主板,0.0,0.0,0.0
600176,中国巨石,1999-04-22,,1,1,沪市主板,70895551453.0,70895551453.0,0.0
600177,雅戈尔,1998-11-19,,1,1,沪市主板,34814517522.0,34814517522.0,0.0
600178,东安动力,1998-10-14,,1,1,沪市主板,6078184378.0,6078184378.0,0.0
600179,安通控股,1998-11-04,,1,1,沪市主板,19890734249.0,21792363942.0,0.0
600180,瑞茂通,1998-07-03,,1,1,沪市主板,3933591420.0,3933591420.0,0.0
600181,S*ST云大,1998-09-28,2007-06-01,1,0,沪市主板,0.0,0.0,0.0
600182,S佳通,1999-05-07,,1,1,沪市主板,2584000000.0,5168000000.0,0.0
600183,生益科技,1998-10-28,,1,1,沪市主板,169099699037.0,171544400023.0,0.0
600184,光电股份,2003-11-06,,1,1,沪市主板,10439772150.0,11957567643.0,0.0
600185,珠免集团,1999-06-11,,1,1,沪市主板,12610688769.0,12610688769.0,0.0
600186,莲花控股,1998-08-25,,1,1,沪市主板,11092657404.0,11117264274.0,0.0
600187,国中水务,1998-11-11,,1,1,沪市主板,4131279624.0,4131279624.0,0.0
600188,兖矿能源,1998-07-01,,1,1,沪市主板,84415732947.0,143034097752.0,0.0
600189,泉阳泉,1998-10-07,,1,1,沪市主板,5042144575.0,5042144575.0,0.0
600190,退市锦港,1999-06-09,2025-07-25,1,0,沪市主板,0.0,0.0,0.0
600191,华资实业,1998-12-10,,1,1,沪市主板,6061650000.0,6061650000.0,0.0
600192,长城电工,1998-12-24,,1,1,沪市主板,4616266600.0,4616266600.0,0.0
600193,*ST创兴,1999-05-27,,1,1,沪市主板,1654700970.0,1654700970.0,0.0
600195,中牧股份,1999-01-07,,1,1,沪市主板,8271300906.0,8271300906.0,0.0
600196,复星医药,1998-08-07,,1,1,沪市主板,58576216011.0,73837370836.0,0.0
600197,伊力特,1999-09-16,,1,1,沪市主板,6605519049.0,6605519049.0,0.0
600198,大唐电信,1998-10-21,,1,1,沪市主板,13839726417.0,13857305641.0,0.0
600199,金种子酒,1998-08-12,,1,1,沪市主板,6426674970.0,6426674970.0,0.0
600200,退市苏吴,1999-04-01,2025-12-31,1,0,沪市主板,206155049.0,206155049.0,0.0
600201,生物股份,1999-01-15,,1,1,沪市主板,19344412172.0,19344412172.0,0.0
600202,哈空调,1999-06-03,,1,1,沪市主板,2273210185.0,2273210185.0,0.0
600203,福日电子,1999-05-14,,1,1,沪市主板,8005339107.0,8005339107.0,0.0
600205,S山东铝,1999-06-30,2007-04-30,1,0,沪市主板,0.0,0.0,0.0
600206,有研新材,1999-03-19,,1,1,沪市主板,18666500971.0,18666500971.0,0.0
600207,安彩高科,1999-07-14,,1,1,沪市主板,5370310891.0,5370310891.0,0.0
600208,衢州发展,1999-06-23,,1,1,沪市主板,34967782745.0,34971746688.0,0.0
600209,退市罗顿,1999-03-25,2022-06-22,1,0,沪市主板,0.0,0.0,0.0
600210,紫江企业,1999-08-24,,1,1,沪市主板,11481692716.0,11481692716.0,0.0
600211,西藏药业,1999-07-21,,1,1,沪市主板,14491471052.0,14491471052.0,0.0
600212,绿能慧充,1999-08-17,,1,1,沪市主板,4291936121.0,5690479081.0,0.0
600213,*ST亚星,1999-08-31,2024-10-17,1,0,沪市主板,0.0,0.0,0.0
600215,派斯林,1999-09-09,,1,1,沪市主板,3865229165.0,3865229165.0,0.0
600216,浙江医药,1999-10-21,,1,1,沪市主板,13367022124.0,13511010388.0,0.0
600217,中再资环,1999-12-16,,1,1,沪市主板,6945568890.0,6945568890.0,0.0
600218,全柴动力,1998-12-03,,1,1,沪市主板,4639139137.0,4639139137.0,0.0
600219,南山铝业,1999-12-23,,1,1,沪市主板,67179654120.0,67179654120.0,0.0
600220,ST阳光,1999-09-27,2024-07-10,1,0,沪市主板,0.0,0.0,0.0
600221,海航控股,1999-11-25,,1,1,沪市主板,74122740834.0,74763044286.0,0.0
600222,太龙药业,1999-11-05,,1,1,沪市主板,3867993547.0,3867993547.0,0.0
600223,福瑞达,2000-01-13,,1,1,沪市主板,7654762876.0,7654762876.0,0.0
600225,退市卓朗,2000-01-27,2025-03-06,1,0,沪市主板,0.0,0.0,0.0
600226,亨通股份,1999-11-16,,1,1,沪市主板,17340642536.0,17340642536.0,0.0
600227,赤天化,2000-02-21,,1,1,沪市主板,3130119517.0,4137382828.0,0.0
600228,*ST返利,1999-01-19,,1,1,沪市主板,2388053396.0,2391699731.0,0.0
600229,城市传媒,2000-03-09,,1,1,沪市主板,4387099686.0,4387099686.0,0.0
600230,沧州大化,2000-04-06,,1,1,沪市主板,6292207428.0,6292207428.0,0.0
600231,凌钢股份,2000-05-11,,1,1,沪市主板,6049979940.0,6126691940.0,0.0
600232,金鹰股份,2000-06-02,,1,1,沪市主板,3038105472.0,3038105472.0,0.0
600233,圆通速递,2000-06-08,,1,1,沪市主板,56643610805.0,56643610805.0,0.0
600234,科新发展,2000-06-15,,1,1,沪市主板,3305139050.0,3305139050.0,0.0
600235,民丰特纸,2000-06-15,,1,1,沪市主板,2409918000.0,2409918000.0,0.0
600236,桂冠电力,2000-03-23,,1,1,沪市主板,64004907752.0,64004907752.0,0.0
600237,铜峰电子,2000-06-09,,1,1,沪市主板,5968091088.0,6054759888.0,0.0
600238,*ST椰岛,2000-01-20,,1,1,沪市主板,2818569101.0,2837106000.0,0.0
600239,云南城投,1999-12-02,,1,1,沪市主板,3853648582.0,3853648582.0,0.0
600240,退市华业,2000-06-28,2020-02-05,1,0,沪市主板,0.0,0.0,0.0
600241,时代万恒,2000-11-28,,1,1,沪市主板,2492738914.0,2492738914.0,0.0
600242,退市中昌,2000-12-07,2023-06-29,1,0,沪市主板,0.0,0.0,0.0
600243,*ST海华,2000-11-20,,1,1,沪市主板,2150365000.0,2150365000.0,0.0
600246,万通发展,2000-09-22,,1,1,沪市主板,24348512691.0,24348512691.0,0.0
600247,*ST成城,2000-11-23,2021-03-22,1,0,沪市主板,0.0,0.0,0.0
600248,陕建股份,2000-06-22,,1,1,沪市主板,13377718822.0,13500444382.0,0.0
600249,两面针,2004-01-30,,1,1,沪市主板,3234000000.0,3234000000.0,0.0
600250,南京商旅,2001-03-06,,1,1,沪市主板,3655689956.0,3655689956.0,0.0
600251,冠农股份,2003-06-09,,1,1,沪市主板,7373669103.0,7373669103.0,0.0
600252,中恒集团,2000-11-30,,1,1,沪市主板,8820131704.0,8820131704.0,0.0
600253,天方药业,2000-12-27,2013-07-15,1,0,沪市主板,0.0,0.0,0.0
600255,鑫科材料,2000-11-22,,1,1,沪市主板,7260710759.0,7260710759.0,0.0
600256,广汇能源,2000-05-26,,1,1,沪市主板,32023934850.0,32023934850.0,0.0
600257,大湖股份,2000-06-12,,1,1,沪市主板,3561155191.0,3561155191.0,0.0
600258,首旅酒店,2000-06-01,,1,1,沪市主板,19004585205.0,19004585205.0,0.0
600259,中稀有色,2000-05-25,,1,1,沪市主板,21605914140.0,21605914140.0,0.0
600260,*ST凯乐,2000-07-06,2023-02-15,1,0,沪市主板,0.0,0.0,0.0
600261,阳光照明,2000-07-20,,1,1,沪市主板,4579231673.0,4579231673.0,0.0
600262,北方股份,2000-06-30,,1,1,沪市主板,4754900000.0,4754900000.0,0.0
600263,路桥建设,2000-07-25,2012-03-01,1,0,沪市主板,0.0,0.0,0.0
600265,ST景谷,2000-08-25,,1,1,沪市主板,2534994000.0,2534994000.0,0.0
600266,城建发展,1999-02-03,,1,1,沪市主板,14156570718.0,14156570718.0,0.0
600267,海正药业,2000-07-25,,1,1,沪市主板,12772694164.0,12779721769.0,0.0
600268,国电南自,1999-11-18,,1,1,沪市主板,11483044397.0,11540292038.0,0.0
600269,赣粤高速,2000-05-18,,1,1,沪市主板,12167470543.0,12167470543.0,0.0
600270,外运发展,2000-12-28,2018-12-28,1,0,沪市主板,0.0,0.0,0.0
600271,航天信息,2003-07-11,,1,1,沪市主板,23828096445.0,23828096445.0,0.0
600272,开开实业,2001-02-28,,1,1,沪市主板,2289600000.0,3758549333.0,0.0
600273,嘉化能源,2003-06-27,,1,1,沪市主板,12822511483.0,12822511483.0,0.0
600275,退市昌鱼,2000-08-10,2022-06-22,1,0,沪市主板,0.0,0.0,0.0
600276,恒瑞医药,2000-10-18,,1,1,沪市主板,406852765036.0,423320607964.0,0.0
600277,ST亿利,2000-07-25,2024-07-18,1,0,沪市主板,0.0,0.0,0.0
600278,东方创业,2000-07-12,,1,1,沪市主板,6844537122.0,6844537122.0,0.0
600279,重庆港,2000-07-31,,1,1,沪市主板,6515895894.0,6515895894.0,0.0
600280,中央商场,2000-09-26,,1,1,沪市主板,4874406284.0,4874406284.0,0.0
600281,华阳新材,2000-11-09,,1,1,沪市主板,3184148535.0,3184148535.0,0.0
600282,南钢股份,2000-09-19,,1,1,沪市主板,34031302381.0,34031302381.0,0.0
600283,钱江水利,2000-10-18,,1,1,沪市主板,5251213374.0,5411960266.0,0.0
600284,浦东建设,2004-03-16,,1,1,沪市主板,9023380800.0,9023380800.0,0.0
600285,羚锐制药,2000-10-18,,1,1,沪市主板,12041617542.0,12068217542.0,0.0
600286,S*ST国瓷,1999-12-09,2007-05-31,1,0,沪市主板,0.0,0.0,0.0
600287,苏豪时尚,2000-09-01,,1,1,沪市主板,2467897818.0,2467897818.0,0.0
600288,大恒科技,2000-11-29,,1,1,沪市主板,6835920000.0,6835920000.0,0.0
600289,ST信通,2000-07-20,,1,1,沪市主板,3899207293.0,4347948755.0,0.0
600290,*ST华仪,2000-11-06,2024-01-16,1,0,沪市主板,0.0,0.0,0.0
600291,退市西水,2000-07-31,2022-06-14,1,0,沪市主板,0.0,0.0,0.0
600292,远达环保,2000-11-01,,1,1,沪市主板,10931436460.0,61322886814.0,0.0
600293,三峡新材,2000-09-19,,1,1,沪市主板,3747268499.0,3747268499.0,0.0
600295,鄂尔多斯,2001-04-26,,1,1,沪市主板,31214104813.0,44220664813.0,0.0
600296,S兰铝,2000-07-19,2007-04-30,1,0,沪市主板,0.0,0.0,0.0
600297,广汇汽车,2000-11-16,2024-08-28,1,0,沪市主板,0.0,0.0,0.0
600298,安琪酵母,2000-08-18,,1,1,沪市主板,38023194894.0,38503524974.0,0.0
600299,安迪苏,2000-04-20,,1,1,沪市主板,24432120597.0,28056789031.0,0.0
600300,维维股份,2000-06-30,,1,1,沪市主板,5918740379.0,5918740379.0,0.0
600301,华锡有色,2000-07-12,,1,1,沪市主板,11643945949.0,26751278687.0,0.0
600302,标准股份,2000-12-13,,1,1,沪市主板,3878769903.0,3878769903.0,0.0
600303,曙光股份,2000-12-26,,1,1,沪市主板,2229493896.0,2255893896.0,0.0
600305,恒顺醋业,2001-02-06,,1,1,沪市主板,8790816177.0,8818578078.0,0.0
600306,退市商城,2000-12-26,2024-06-26,1,0,沪市主板,0.0,0.0,0.0
600307,酒钢宏兴,2000-12-20,,1,1,沪市主板,11023509066.0,11023509066.0,0.0
600308,华泰股份,2000-09-28,,1,1,沪市主板,5915793686.0,5915793686.0,0.0
600309,万华化学,2001-01-05,,1,1,沪市主板,248402923523.0,248402923523.0,0.0
600310,广西能源,2001-02-28,,1,1,沪市主板,5642986280.0,5642986280.0,0.0
600311,*ST荣华,2001-06-26,2023-03-27,1,0,沪市主板,0.0,0.0,0.0
600312,平高电气,2001-02-21,,1,1,沪市主板,25767935658.0,25767935658.0,0.0
600313,农发种业,2001-01-19,,1,1,沪市主板,7153333162.0,7153333162.0,0.0
600315,上海家化,2001-03-15,,1,1,沪市主板,15703198893.0,15703198893.0,0.0
600316,洪都航空,2000-12-15,,1,1,沪市主板,27938781388.0,27938781388.0,0.0
600317,营口港,2002-01-31,2021-01-29,1,0,沪市主板,0.0,0.0,0.0
600318,新力金融,2000-12-08,,1,1,沪市主板,4747857872.0,4747857872.0,0.0
600319,亚星化学,2001-03-26,,1,1,沪市主板,3469998987.0,3469998987.0,0.0
600320,振华重工,2000-12-21,,1,1,沪市主板,17606587603.0,27922273555.0,0.0
600321,正源股份,2001-05-24,2024-06-27,1,0,沪市主板,0.0,0.0,0.0
600322,津投城开,2001-09-10,,1,1,沪市主板,2642623000.0,2642623000.0,0.0
600323,瀚蓝环境,2000-12-25,,1,1,沪市主板,22935715217.0,22935715217.0,0.0
600325,华发股份,2004-02-25,,1,1,沪市主板,12192033874.0,12192033874.0,0.0
600326,西藏天路,2001-01-16,,1,1,沪市主板,15382223336.0,15382223336.0,0.0
600327,大东方,2002-06-25,,1,1,沪市主板,4485832156.0,4485832156.0,0.0
600328,中盐化工,2000-12-22,,1,1,沪市主板,12404978649.0,12404978649.0,0.0
600329,达仁堂,2001-06-06,,1,1,沪市主板,26976440665.0,36633388515.0,0.0
600330,天通股份,2001-01-18,,1,1,沪市主板,17181741415.0,17181741415.0,0.0
600331,宏达股份,2001-12-20,,1,1,沪市主板,25664160000.0,33363408000.0,0.0
600332,白云山,2001-02-06,,1,1,沪市主板,35597158829.0,41165026829.0,0.0
600333,长春燃气,2000-12-11,,1,1,沪市主板,3471474899.0,3471474899.0,0.0
600335,国机汽车,2001-03-05,,1,1,沪市主板,9782458046.0,9782458046.0,0.0
600336,澳柯玛,2000-12-29,,1,1,沪市主板,6631502730.0,6631502730.0,0.0
600337,美克家居,2000-11-27,,1,1,沪市主板,5518072846.0,5518072846.0,0.0
600338,西藏珠峰,2000-12-27,,1,1,沪市主板,15450151839.0,15450151839.0,0.0
600339,中油工程,2000-12-25,,1,1,沪市主板,19373521724.0,19373521724.0,0.0
600340,华夏幸福,2003-12-30,,1,1,沪市主板,8760048890.0,8805870770.0,0.0
600343,航天动力,2003-04-08,,1,1,沪市主板,29612774547.0,29612774547.0,0.0
600345,长江通信,2000-12-22,,1,1,沪市主板,8456025101.0,13174596916.0,0.0
600346,恒力石化,2001-08-20,,1,1,沪市主板,163447897031.0,163447897031.0,0.0
600348,华阳股份,2003-08-21,,1,1,沪市主板,31060575000.0,31060575000.0,0.0
600350,山东高速,2002-03-18,,1,1,沪市主板,45976768546.0,45976768546.0,0.0
600351,亚宝药业,2002-09-26,,1,1,沪市主板,4608720306.0,4608720306.0,0.0
600352,浙江龙盛,2003-08-01,,1,1,沪市主板,36697583381.0,36697583381.0,0.0
600353,旭光电子,2002-11-20,,1,1,沪市主板,15432463781.0,15454157570.0,0.0
600354,敦煌种业,2004-01-15,,1,1,沪市主板,3546829978.0,3546829978.0,0.0
600355,*ST精伦,2002-06-13,,1,1,沪市主板,1102279808.0,1102279808.0,0.0
600356,恒丰纸业,2001-04-19,,1,1,沪市主板,2643772695.0,2643772695.0,0.0
600357,承德钒钛,2002-09-06,2009-12-29,1,0,沪市主板,0.0,0.0,0.0
600358,ST联合,2000-09-22,,1,1,沪市主板,3009422494.0,3009422494.0,0.0
600359,新农开发,1999-04-29,,1,1,沪市主板,2861346150.0,2861346150.0,0.0
600360,*ST华微,2001-03-16,,1,1,沪市主板,8008862835.0,8008862835.0,0.0
600361,创新新材,2001-11-29,,1,1,沪市主板,16752081847.0,16752081847.0,0.0
600362,江西铜业,2002-01-11,,1,1,沪市主板,117251478383.0,195644211383.0,0.0
600363,联创光电,2001-03-29,,1,1,沪市主板,33063650039.0,33063650039.0,0.0
600365,ST通葡,2001-01-15,,1,1,沪市主板,1388660000.0,1475597500.0,0.0
600366,宁波韵升,2000-10-30,,1,1,沪市主板,16177884271.0,16177884271.0,0.0
600367,红星发展,2001-03-20,,1,1,沪市主板,6004799844.0,6362091322.0,0.0
600368,五洲交通,2000-12-21,,1,1,沪市主板,6374229278.0,6374229278.0,0.0
600369,西南证券,2001-01-09,,1,1,沪市主板,30301697605.0,30301697605.0,0.0
600370,三房巷,2003-03-06,,1,1,沪市主板,9819624563.0,9819624563.0,0.0
600371,万向德农,2002-09-16,,1,1,沪市主板,2627350440.0,2627350440.0,0.0
600372,中航机载,2001-07-06,,1,1,沪市主板,75051286731.0,75051286731.0,0.0
600373,中文传媒,2002-03-04,,1,1,沪市主板,12907696528.0,13100699040.0,0.0
600375,汉马科技,2003-04-01,,1,1,沪市主板,8134517424.0,9858888907.0,0.0
600376,首开股份,2001-03-12,,1,1,沪市主板,16199669720.0,16199669720.0,0.0
600377,宁沪高速,2001-01-16,,1,1,沪市主板,44523562942.0,58992023225.0,0.0
600378,昊华科技,2001-01-11,,1,1,沪市主板,38140424308.0,45872386487.0,0.0
600379,宝光股份,2002-01-16,,1,1,沪市主板,4015251018.0,4015251018.0,0.0
600380,健康元,2001-06-08,,1,1,沪市主板,21898557030.0,21898557030.0,0.0
600381,*ST春天,2001-05-08,,1,1,沪市主板,2324760534.0,2324760534.0,0.0
600382,广东明珠,2001-01-18,,1,1,沪市主板,5221948829.0,5221948829.0,0.0
600383,金地集团,2001-04-12,,1,1,沪市主板,14536959102.0,14536959102.0,0.0
600385,退市金泰,2001-07-23,2022-07-07,1,0,沪市主板,0.0,0.0,0.0
600386,北巴传媒,2001-02-16,,1,1,沪市主板,3604608000.0,3604608000.0,0.0
600387,退市海越,2004-02-18,2025-07-11,1,0,沪市主板,0.0,0.0,0.0
600388,龙净环保,2000-12-29,,1,1,沪市主板,20574749947.0,20574749947.0,0.0
600389,江山股份,2001-01-10,,1,1,沪市主板,10533699000.0,10533699000.0,0.0
600390,五矿资本,2001-01-15,,1,1,沪市主板,26403644244.0,26403644244.0,0.0
600391,航发科技,2001-12-12,,1,1,沪市主板,14657743895.0,14657743895.0,0.0
600392,盛和资源,2003-05-29,,1,1,沪市主板,41016141738.0,41016141738.0,0.0
600393,ST粤泰,2001-03-19,2023-07-18,1,0,沪市主板,0.0,0.0,0.0
600395,盘江股份,2001-05-31,,1,1,沪市主板,10604326976.0,10604326976.0,0.0
600396,华电辽能,2001-03-28,,1,1,沪市主板,4315030974.0,4315030974.0,0.0
600397,江钨装备,2002-07-02,,1,1,沪市主板,8969036531.0,8969036531.0,0.0
600398,海澜之家,2000-12-28,,1,1,沪市主板,29537037320.0,29537037320.0,0.0
600399,抚顺特钢,2000-12-29,,1,1,沪市主板,12798929000.0,12798929000.0,0.0
600400,红豆股份,2001-01-08,,1,1,沪市主板,5682602193.0,5682602193.0,0.0
600401,退市海润,2003-09-24,2019-07-12,1,0,沪市主板,0.0,0.0,0.0
600403,大有能源,2003-10-09,,1,1,沪市主板,19365580456.0,19365580456.0,0.0
600405,动力源,2004-04-01,,1,1,沪市主板,3483781757.0,3499256947.0,0.0
600406,国电南瑞,2003-10-16,,1,1,沪市主板,189357008183.0,190191985774.0,0.0
600408,安泰集团,2003-02-12,,1,1,沪市主板,4490328000.0,4490328000.0,0.0
600409,三友化工,2003-06-18,,1,1,沪市主板,13542132379.0,13542132379.0,0.0
600410,华胜天成,2004-04-27,,1,1,沪市主板,23267617173.0,23267617173.0,0.0
600415,小商品城,2002-05-09,,1,1,沪市主板,90369056044.0,90369056044.0,0.0
600416,湘电股份,2002-07-18,,1,1,沪市主板,22439131114.0,24984995761.0,0.0
600418,江淮汽车,2001-08-24,,1,1,沪市主板,110358014739.0,110358014739.0,0.0
600419,天润乳业,2001-06-28,,1,1,沪市主板,3136188097.0,3136188097.0,0.0
600420,国药现代,2004-06-16,,1,1,沪市主板,14203018808.0,14203018808.0,0.0
600421,*ST华嵘,2004-06-07,,1,1,沪市主板,1394628000.0,1394628000.0,0.0
600422,昆药集团,2000-12-06,,1,1,沪市主板,9764987265.0,9764987265.0,0.0
600423,柳化股份,2003-07-17,,1,1,沪市主板,3027054149.0,3027054149.0,0.0
600425,青松建化,2003-07-24,,1,1,沪市主板,5970161072.0,6948367051.0,0.0
600426,华鲁恒升,2002-06-20,,1,1,沪市主板,70493124920.0,70618297133.0,0.0
600428,中远海特,2002-04-18,,1,1,沪市主板,17434886207.0,19564152416.0,0.0
600429,三元股份,2003-09-15,,1,1,沪市主板,7847200912.0,7870946701.0,0.0
600432,退市吉恩,2003-09-05,2018-07-13,1,0,沪市主板,0.0,0.0,0.0
600433,冠豪高新,2003-06-19,,1,1,沪市主板,5723413092.0,5723413092.0,0.0
600435,北方导航,2003-07-04,,1,1,沪市主板,31275558249.0,31275558249.0,0.0
600436,片仔癀,2003-06-16,,1,1,沪市主板,103776593292.0,103776593292.0,0.0
600438,通威股份,2004-03-02,,1,1,沪市主板,93776453554.0,93776453554.0,0.0
600439,瑞贝卡,2003-07-10,,1,1,沪市主板,3214838650.0,3214838650.0,0.0
600444,国机通用,2004-02-19,,1,1,沪市主板,2878655183.0,2878655183.0,0.0
600446,金证股份,2003-12-24,,1,1,沪市主板,15728579574.0,15728579574.0,0.0
600448,华纺股份,2001-09-03,,1,1,沪市主板,2021721115.0,2021721115.0,0.0
600449,宁夏建材,2003-08-29,,1,1,沪市主板,6025081129.0,6025081129.0,0.0
600452,涪陵电力,2004-03-03,,1,1,沪市主板,14873723211.0,14873723211.0,0.0
600455,博通股份,2004-03-29,,1,1,沪市主板,1675748140.0,1675748140.0,0.0
600456,宝钛股份,2002-04-12,,1,1,沪市主板,19168434865.0,19168434865.0,0.0
600458,时代新材,2002-12-19,,1,1,沪市主板,11449854706.0,13166892270.0,0.0
600459,贵研铂业,2003-05-16,,1,1,沪市主板,16386863985.0,16389039708.0,0.0
600460,士兰微,2003-03-11,,1,1,沪市主板,49223245175.0,49223245175.0,0.0
600461,洪城环境,2004-06-01,,1,1,沪市主板,12006852822.0,12006852822.0,0.0
600462,退市九有,2003-09-03,2025-07-21,1,0,沪市主板,0.0,0.0,0.0
600463,空港股份,2004-03-18,,1,1,沪市主板,3372000000.0,3372000000.0,0.0
600466,*ST蓝光,2001-02-12,2023-06-06,1,0,沪市主板,0.0,0.0,0.0
600467,好当家,2004-04-05,,1,1,沪市主板,3973904507.0,3973904507.0,0.0
600468,百利电气,2001-06-15,,1,1,沪市主板,8854165513.0,8854165513.0,0.0
600469,风神股份,2003-10-21,,1,1,沪市主板,4785197714.0,4785197714.0,0.0
600470,六国化工,2004-03-05,,1,1,沪市主板,3223488000.0,3223488000.0,0.0
600472,包头铝业,2005-05-09,2007-12-26,1,0,沪市主板,0.0,0.0,0.0
600475,华光环能,2003-07-21,,1,1,沪市主板,20168325743.0,20448106943.0,0.0
600476,湘邮科技,2003-12-10,,1,1,沪市主板,2654433600.0,2654433600.0,0.0
600477,杭萧钢构,2003-11-10,,1,1,沪市主板,8528278140.0,8528278140.0,0.0
600478,科力远,2003-09-18,,1,1,沪市主板,12125137868.0,12125137868.0,0.0
600479,千金药业,2004-03-12,,1,1,沪市主板,4314808376.0,5074685265.0,0.0
600480,凌云股份,2003-08-15,,1,1,沪市主板,15015899953.0,15241886805.0,0.0
600481,双良节能,2003-04-22,,1,1,沪市主板,13172635494.0,13172635494.0,0.0
600482,中国动力,2004-07-14,,1,1,沪市主板,53027227648.0,53027227648.0,0.0
600483,福能股份,2004-05-31,,1,1,沪市主板,26383507722.0,26383507722.0,0.0
600485,*ST信威,2003-08-07,2021-06-01,1,0,沪市主板,0.0,0.0,0.0
600486,扬农化工,2002-04-25,,1,1,沪市主板,28481200107.0,28575433157.0,0.0
600487,亨通光电,2003-08-22,,1,1,沪市主板,60127003864.0,60657005216.0,0.0
600488,津药药业,2001-06-18,,1,1,沪市主板,4564086322.0,4564086322.0,0.0
600489,中金黄金,2003-08-14,,1,1,沪市主板,120843502221.0,120843502221.0,0.0
600490,鹏欣资源,2003-06-26,,1,1,沪市主板,16399274007.0,18212060660.0,0.0
600491,龙元建设,2004-05-24,,1,1,沪市主板,4742249661.0,4742249661.0,0.0
600493,凤竹纺织,2004-04-21,,1,1,沪市主板,2015520000.0,2015520000.0,0.0
600495,晋西车轴,2004-05-26,,1,1,沪市主板,5992626795.0,5992626795.0,0.0
600496,精工钢构,2002-06-05,,1,1,沪市主板,9074969840.0,9074969840.0,0.0
600497,驰宏锌锗,2004-04-20,,1,1,沪市主板,42893637910.0,42893637910.0,0.0
600498,烽火通信,2001-08-23,,1,1,沪市主板,49504223282.0,52873460074.0,0.0
600499,科达制造,2002-10-10,,1,1,沪市主板,27137667933.0,27137667933.0,0.0
600500,中化国际,2000-03-01,,1,1,沪市主板,14640289716.0,14641176259.0,0.0
600501,航天晨光,2001-06-15,,1,1,沪市主板,15654087478.0,15654087478.0,0.0
600502,安徽建工,2003-04-15,,1,1,沪市主板,8084874848.0,8084874848.0,0.0
600503,华丽家族,2002-07-09,,1,1,沪市主板,4422320400.0,4422320400.0,0.0
600505,西昌电力,2002-05-30,,1,1,沪市主板,4947180975.0,4947180975.0,0.0
600506,统一股份,2001-12-26,,1,1,沪市主板,5532065489.0,5532065489.0,0.0
600507,方大特钢,2003-09-30,,1,1,沪市主板,13740336067.0,13740336067.0,0.0
600508,上海能源,2001-08-29,,1,1,沪市主板,9041202180.0,9041202180.0,0.0
600509,天富能源,2002-02-28,,1,1,沪市主板,12067209233.0,12067209233.0,0.0
600510,黑牡丹,2002-06-18,,1,1,沪市主板,9246948095.0,9246948095.0,0.0
600511,国药股份,2002-11-27,,1,1,沪市主板,16118981331.0,21978672332.0,0.0
600512,腾达建设,2002-12-26,,1,1,沪市主板,3905016701.0,3920775008.0,0.0
600513,联环药业,2003-03-19,,1,1,沪市主板,6025981860.0,6025981860.0,0.0
600515,海南机场,2002-08-06,,1,1,沪市主板,45054221414.0,56098270146.0,0.0
600516,方大炭素,2002-08-30,,1,1,沪市主板,24316861023.0,24316861023.0,0.0
600517,国网英大,2003-10-10,,1,1,沪市主板,36254882617.0,36254882617.0,0.0
600518,康美药业,2001-03-19,,1,1,沪市主板,26815363245.0,26828059579.0,0.0
600519,贵州茅台,2001-08-27,,1,1,沪市主板,1777096662107.0,1777096662107.0,0.0
600520,三佳科技,2002-01-08,,1,1,沪市主板,4068482400.0,4068482400.0,0.0
600521,华海药业,2003-03-04,,1,1,沪市主板,27848889730.0,27848889730.0,0.0
600522,中天科技,2002-10-24,,1,1,沪市主板,63071309569.0,63071309569.0,0.0
600523,贵航股份,2001-12-27,,1,1,沪市主板,6682898015.0,6687309233.0,0.0
600525,ST长园,2002-12-02,,1,1,沪市主板,5248745005.0,5248745005.0,0.0
600526,菲达环保,2002-07-22,,1,1,沪市主板,4740428770.0,4825656421.0,0.0
600527,江南高纤,2003-11-27,,1,1,沪市主板,3775238766.0,3775238766.0,0.0
600528,中铁工业,2001-05-28,,1,1,沪市主板,18683248855.0,18683248855.0,0.0
600529,山东药玻,2002-06-03,,1,1,沪市主板,13524455623.0,13524455623.0,0.0
600530,交大昂立,2001-07-02,,1,1,沪市主板,5246208400.0,5246208400.0,0.0
600531,豫光金铅,2002-07-30,,1,1,沪市主板,15442284653.0,15442284653.0,0.0
600532,退市未来,2002-10-31,2023-06-28,1,0,沪市主板,0.0,0.0,0.0
600533,栖霞建设,2002-03-28,,1,1,沪市主板,2751000000.0,2751000000.0,0.0
600535,天士力,2002-08-23,,1,1,沪市主板,22872374577.0,22872374577.0,0.0
600536,中国软件,2002-05-17,,1,1,沪市主板,40073655013.0,44354862740.0,0.0
600537,亿晶光电,2003-01-23,,1,1,沪市主板,4604651420.0,4604651420.0,0.0
600538,国发股份,2003-01-14,,1,1,沪市主板,3354869427.0,3354869427.0,0.0
600539,狮头股份,2001-08-24,,1,1,沪市主板,2417300000.0,2417300000.0,0.0
600540,新赛股份,2004-01-07,,1,1,沪市主板,2744099251.0,2744099251.0,0.0
600543,莫高股份,2004-03-24,,1,1,沪市主板,1795060800.0,1795060800.0,0.0
600545,卓郎智能,2003-12-03,,1,1,沪市主板,4737967388.0,4737967388.0,0.0
600546,山煤国际,2003-07-31,,1,1,沪市主板,21033859645.0,21033859645.0,0.0
600547,山东黄金,2003-08-28,,1,1,沪市主板,158168040865.0,201730516014.0,0.0
600548,深高速,2001-12-25,,1,1,沪市主板,15069804391.0,22307755356.0,0.0
600549,厦门钨业,2002-11-07,,1,1,沪市主板,74883982116.0,76505760955.0,0.0
600550,保变电气,2001-02-28,,1,1,沪市主板,21637959640.0,21637959640.0,0.0
600551,时代出版,2002-09-05,,1,1,沪市主板,5749908427.0,5749908427.0,0.0
600552,凯盛科技,2002-11-08,,1,1,沪市主板,13139481896.0,13139481896.0,0.0
600553,太行水泥,2002-08-22,2011-02-18,1,0,沪市主板,0.0,0.0,0.0
600555,退市海创,2001-03-28,2022-07-13,1,0,沪市主板,0.0,0.0,0.0
600556,天下秀,2001-08-07,,1,1,沪市主板,14136586560.0,14136586560.0,0.0
600557,康缘药业,2002-09-18,,1,1,沪市主板,8339519212.0,8339519212.0,0.0
600558,大西洋,2001-02-27,,1,1,沪市主板,6067808658.0,6067808658.0,0.0
600559,老白干酒,2002-10-29,,1,1,沪市主板,14752243182.0,14837203542.0,0.0
600560,金自天正,2002-09-19,,1,1,沪市主板,3813155775.0,3813155775.0,0.0
600561,江西长运,2002-07-16,,1,1,沪市主板,1866167808.0,1866167808.0,0.0
600562,国睿科技,2003-01-28,,1,1,沪市主板,40298286908.0,40298286908.0,0.0
600563,法拉电子,2002-12-10,,1,1,沪市主板,24311250000.0,24311250000.0,0.0
600565,ST迪马,2002-07-23,2024-08-07,1,0,沪市主板,0.0,0.0,0.0
600566,济川药业,2001-08-22,,1,1,沪市主板,24030193201.0,24111579284.0,0.0
600567,山鹰国际,2001-12-18,,1,1,沪市主板,10722670620.0,10722670620.0,0.0
600568,ST中珠,2001-05-18,,1,1,沪市主板,4456409635.0,5320962048.0,0.0
600569,安阳钢铁,2001-08-20,,1,1,沪市主板,6807638685.0,6807638685.0,0.0
600570,恒生电子,2003-12-16,,1,1,沪市主板,59210532153.0,59210532153.0,0.0
600571,信雅达,2002-11-01,,1,1,沪市主板,7603255787.0,7745547112.0,0.0
600572,康恩贝,2004-04-12,,1,1,沪市主板,11425778438.0,11456251613.0,0.0
600573,惠泉啤酒,2003-02-26,,1,1,沪市主板,2982500000.0,2982500000.0,0.0
600575,淮河能源,2003-03-28,,1,1,沪市主板,13485325896.0,24868768830.0,0.0
600576,祥源文旅,2003-02-20,,1,1,沪市主板,4378386250.0,6991656157.0,0.0
600577,精达股份,2002-09-11,,1,1,沪市主板,31658689049.0,31658689049.0,0.0
600578,京能电力,2002-05-10,,1,1,沪市主板,36485684532.0,36485684532.0,0.0
600579,中化装备,2002-08-09,,1,1,沪市主板,4205478467.0,4205478467.0,0.0
600580,卧龙电驱,2002-06-06,,1,1,沪市主板,75109039680.0,75325306380.0,0.0
600581,八一钢铁,2002-08-16,,1,1,沪市主板,5273168673.0,5273168673.0,0.0
600582,天地科技,2002-05-15,,1,1,沪市主板,24459060352.0,24459060352.0,0.0
600583,海油工程,2002-02-05,,1,1,沪市主板,26174420416.0,26174420416.0,0.0
600584,长电科技,2003-06-03,,1,1,沪市主板,73688091993.0,73688091993.0,0.0
600585,海螺水泥,2002-02-07,,1,1,沪市主板,91033230698.0,120612126698.0,0.0
600586,金晶科技,2002-08-15,,1,1,沪市主板,8645759970.0,8645759970.0,0.0
600587,新华医疗,2002-09-27,,1,1,沪市主板,9881319289.0,9918638376.0,0.0
