ETF代码,ETF名称,完整代码,基金规模,成立日期,跟踪指数,基金公司
510300,沪深300ETF,,4076.67361317,,,
510310,沪深300ETF易方达,,2893.21869778,,,
510330,沪深300ETF华夏,,2139.34655476,,,
159919,沪深300ETF,,1870.21983981,,,
510050,上证50ETF,,1808.27815931,,,
510500,中证500ETF,,1307.51783177,,,
159915,创业板ETF,,1020.13833815,,,
159792,港股通互联网ETF,,773.20563548,,,
512100,中证1000ETF,,740.16541472,,,
588000,科创50ETF,,712.4480154,,,
588080,科创板50ETF,,678.01594376,,,
511990,华宝添益ETF,,664.52986214,,,
511880,银华日利ETF,,603.28768817,,,
518880,黄金ETF,,597.83040704,,,
159845,中证1000ETF,,422.39282112,,,
512880,证券ETF,,389.47947897,,,
513180,恒生科技指数ETF,,365.59474991,,,
513050,中概互联网ETF,,358.19355556,,,
513130,恒生科技ETF,,337.94647527,,,
588200,科创芯片ETF,,333.09596129,,,
560010,中证1000ETF指数,,329.62397265,,,
159636,港股通科技30ETF,,313.94926287,,,
159937,黄金ETF基金,,296.15164546,,,
512000,券商ETF,,277.36879967,,,
159941,纳指ETF,,276.00730793,,,
513330,恒生互联网ETF,,273.54313113,,,
159949,创业板50ETF,,272.68517896,,,
512170,医疗ETF,,269.36573198,,,
513090,香港证券ETF,,264.59393396,,,
159995,芯片ETF,,259.77350342,,,
159934,黄金ETF,,254.82261374,,,
512480,半导体ETF,,232.10310344,,,
159819,人工智能ETF,,225.98576882,,,
510180,上证180ETF,,219.68153152,,,
513500,标普500ETF,,214.66731878,,,
512890,红利低波ETF,,206.66861985,,,
513120,港股创新药ETF,,206.50210627,,,
563360,A500ETF华泰柏瑞,,202.661434,,,
159570,港股通创新药ETF,,201.18816579,,,
512010,医药ETF,,199.03879452,,,
513980,港股科技50ETF,,195.83196787,,,
159338,中证A500ETF,,192.69966975,,,
159361,A500ETF易方达,,192.26410237,,,
510880,红利ETF,,179.6042146,,,
513750,港股通非银ETF,,179.04349469,,,
159352,A500ETF南方,,176.6073773,,,
518800,黄金基金ETF,,174.31312905,,,
512690,酒ETF,,167.14179127,,,
562500,机器人ETF,,167.08230335,,,
513100,纳指ETF,,159.23680123,,,
159920,恒生ETF,,159.18928237,,,
512050,A500ETF基金,,158.97847644,,,
563800,A500ETF龙头,,158.58000098,,,
512500,中证500ETF华夏,,156.73603971,,,
159928,消费ETF,,156.00695785,,,
513010,恒生科技ETF易方达,,149.55468317,,,
515790,光伏ETF,,148.92555829,,,
512660,军工ETF,,144.34007205,,,
159870,化工ETF,,142.39383639,,,
512800,银行ETF,,136.25108986,,,
512710,军工龙头ETF,,134.11231797,,,
515450,红利低波50ETF,,131.95349082,,,
159740,恒生科技ETF,,128.15171325,,,
159952,创业板ETF广发,,125.0382344,,,
159629,1000ETF,,124.37964143,,,
159922,中证500ETF,,122.67293955,,,
513630,港股红利指数ETF,,122.36328818,,,
159509,纳指科技ETF,,120.16536466,,,
159351,A500ETF嘉实,,116.77336965,,,
588050,科创ETF,,114.33927404,,,
512760,芯片ETF,,113.57393696,,,
159992,创新药ETF,,110.64348494,,,
512070,证券保险ETF,,103.74197711,,,
513300,纳斯达克ETF,,102.15937292,,,
563220,中证A500ETF富国,,102.1047569,,,
159781,科创创业ETF,,100.94555758,,,
159851,金融科技ETF,,99.51876485,,,
511660,货币ETF建信添益,,97.8615248,,,
515220,煤炭ETF,,95.94741569,,,
159977,创业板ETF天弘,,93.20567196,,,
159632,纳斯达克ETF,,93.17534175,,,
515330,沪深300ETF天弘,,89.49238834,,,
510900,H股ETF,,88.09584442,,,
515180,红利ETF易方达,,87.90324616,,,
510810,上海国企ETF,,83.19930911,,,
515050,5G通信ETF,,79.62858803,,,
588790,科创AIETF,,79.26205712,,,
159770,机器人ETF,,78.12431632,,,
513060,恒生医疗ETF,,77.60083231,,,
512400,有色金属ETF,,76.5542242,,,
159869,游戏ETF,,74.06648016,,,
159501,纳指ETF嘉实,,74.05659113,,,
159841,证券ETF,,73.47981609,,,
159353,中证A500ETF景顺,,73.05333851,,,
512680,军工ETF龙头,,72.87714757,,,
159901,深证100ETF,,71.67316878,,,
515080,中证红利ETF,,71.3478437,,,
159938,医药卫生ETF,,68.8570374,,,
513380,恒生科技ETF龙头,,68.70150171,,,
517520,黄金股ETF,,67.13338248,,,
512900,证券ETF南方,,66.9569046,,,
159691,港股红利ETF,,66.24473378,,,
515880,通信ETF,,64.78125651,,,
159567,港股创新药ETF,,64.74365504,,,
515070,人工智能AIETF,,64.70062218,,,
512200,房地产ETF,,64.31814577,,,
159530,机器人ETF易方达,,62.7936673,,,
159755,电池ETF,,61.04876772,,,
513260,恒生科技ETF基金,,60.09002661,,,
588220,科创100ETF基金,,59.72007085,,,
560530,中证A500ETF摩根,,58.90944098,,,
516150,稀土ETF嘉实,,58.888511,,,
159593,中证A50指数ETF,,58.79964569,,,
512670,国防ETF,,58.49175764,,,
588030,科创100指数ETF,,58.45819755,,,
588060,科创50ETF龙头,,58.22809175,,,
159513,纳斯达克100指数ETF,,58.04981393,,,
159659,纳斯达克100ETF,,57.52339315,,,
512950,央企改革ETF,,57.4011335,,,
515290,银行ETF天弘,,57.22009852,,,
510360,沪深300ETF基金,,56.99881361,,,
560610,A500指数ETF,,55.87184316,,,
515800,800ETF,,55.27985999,,,
159217,港股通创新药ETF工银,,54.88190682,,,
159892,恒生医药ETF,,54.00032901,,,
512960,央企结构调整ETF,,53.80403549,,,
159736,食品饮料ETF天弘,,53.41208621,,,
159842,券商ETF,,52.30339412,,,
159948,创业板ETF南方,,51.03693164,,,
588090,科创板ETF,,50.93839291,,,
516160,新能源ETF,,50.70284996,,,
515300,300红利低波ETF,,50.22660024,,,
515100,红利低波100ETF,,49.73642092,,,
159852,软件ETF,,49.56297984,,,
515030,新能源车ETF,,49.34090624,,,
159783,科创创业50ETF,,48.63946029,,,
159605,中概互联ETF,,48.44385896,,,
159682,创业50ETF,,48.40724503,,,
510230,金融ETF,,47.3920408,,,
515660,沪深300ETF国联安,,47.32123649,,,
510100,上证50ETF易方达,,47.19410662,,,
159883,医疗器械ETF,,47.04292384,,,
159813,半导体ETF,,46.99711142,,,
159363,创业板人工智能ETF华宝,,46.79270627,,,
515120,创新药ETF,,46.53355438,,,
513690,港股红利ETF博时,,46.4417664,,,
518850,黄金ETF华夏,,45.59519555,,,
159766,旅游ETF,,45.2170156,,,
520990,港股央企红利50ETF,,45.08687234,,,
513660,恒生ETF,,44.64524298,,,
159201,自由现金流ETF,,44.28536978,,,
159865,养殖ETF,,43.98138268,,,
560050,MSCI中国A50ETF,,43.26214358,,,
510210,上证指数ETF,,42.81121755,,,
159549,红利低波ETF天弘,,42.21366046,,,
159967,创业板成长ETF,,41.79215574,,,
159732,消费电子ETF,,41.41749915,,,
513770,港股互联网ETF,,41.15515323,,,
515980,人工智能ETF,,40.66060905,,,
563880,中证A500指数ETF,,40.63875925,,,
511160,国债ETF东财,,40.51164828,,,
159801,芯片ETF龙头,,40.41943407,,,
159545,恒生红利低波ETF,,40.41599156,,,
159611,电力ETF,,39.8860671,,,
588750,科创芯片50ETF,,39.74000856,,,
588190,科创100ETF,,39.26410041,,,
515170,食品饮料ETF,,38.38417217,,,
516780,稀土ETF,,38.05758199,,,
510350,沪深300ETF工银,,38.05487144,,,
560510,中证A500ETF,,37.77291101,,,
515380,沪深300ETF泰康,,37.5049864,,,
159339,A500ETF,,36.88527793,,,
159262,港股通科技ETF,,36.86993335,,,
563000,中国A50ETF,,36.21888278,,,
159623,成渝经济圈ETF,,36.06150338,,,
159925,沪深300ETF南方,,35.2864965,,,
512290,生物医药ETF,,35.26820272,,,
159660,纳指100ETF,,35.17348686,,,
513910,港股央企红利ETF,,35.14867628,,,
515900,央企创新驱动ETF,,34.58115199,,,
159506,港股通医疗ETF富国,,34.40130789,,,
159780,双创ETF,,34.38697501,,,
159998,计算机ETF,,34.20921887,,,
513110,纳斯达克100ETF,,34.1324013,,,
518680,金ETF,,34.03183748,,,
513860,港股通科技ETF,,33.989637,,,
515000,科技ETF,,33.9238294,,,
159399,现金流ETF,,33.86544458,,,
513390,纳指100ETF,,33.82615533,,,
518660,黄金ETF基金,,33.7446894,,,
513920,港股通央企红利ETF,,33.43888676,,,
588180,科创50ETF基金,,33.40241835,,,
513190,港股通金融ETF,,32.8597248,,,
159742,恒生科技指数ETF,,32.69400284,,,
513650,标普500ETF南方,,32.67163238,,,
513820,港股红利ETF基金,,32.08575415,,,
513580,恒生科技ETF指数基金,,31.96344618,,,
588290,科创芯片ETF基金,,31.94035933,,,
159696,纳指ETF易方达,,31.63187722,,,
159655,标普ETF,,31.22249449,,,
513950,恒生红利ETF,,31.13488041,,,
520980,港股通科技ETF汇添富,,30.80061514,,,
515210,钢铁ETF,,30.38832038,,,
159595,中证A50ETF基金,,30.09578259,,,
159859,生物医药ETF,,29.82431868,,,
517300,沪港深300ETF,,29.78053874,,,
159516,半导体设备ETF,,29.7744768,,,
512020,A500ETF指数,,29.54504673,,,
510580,中证500ETF易方达,,29.41718253,,,
512980,传媒ETF,,29.22002273,,,
588800,科创100ETF华夏,,28.72652779,,,
560090,证券ETF龙头,,28.71439111,,,
513020,港股科技ETF,,28.54565944,,,
159959,央企ETF,,28.29222556,,,
513550,港股通50ETF,,28.01625024,,,
159971,创业板ETF富国,,27.80677507,,,
159356,A500ETF基金,,27.64339288,,,
159601,A50ETF,,27.56340438,,,
516970,基建50ETF,,27.18496275,,,
563020,红利低波动ETF,,26.9769303,,,
159993,证券ETF龙头,,26.76204621,,,
516510,云计算ETF,,26.3781322,,,
159673,沪深300ETF鹏华,,25.90845834,,,
513780,港股创新药50ETF,,25.8267817,,,
515650,消费50ETF,,25.71561984,,,
513600,恒生指数ETF,,25.63824096,,,
513160,港股科技30ETF,,25.32368455,,,
159985,豆粕ETF,,25.11913819,,,
159603,双创龙头ETF,,24.71022016,,,
588760,人工智能ETF科创,,24.44035464,,,
588380,双创50ETF,,24.2739707,,,
513530,港股通红利ETF,,24.23748862,,,
159929,医药ETF,,24.06409516,,,
159357,中证A500指数ETF,,23.58509747,,,
159857,光伏ETF,,23.45424714,,,
515700,新能车ETF,,23.10041232,,,
159825,农业ETF,,23.06178533,,,
563300,中证2000ETF,,22.92858066,,,
510760,上证综指ETF,,22.77521991,,,
560860,工业有色ETF,,22.46537182,,,
560080,中药ETF,,22.45230774,,,
513200,港股通医药ETF,,22.41402493,,,
518600,上海金ETF,,22.36929904,,,
516310,银行ETF易方达,,21.75098724,,,
588930,科创板人工智能ETF,,21.70146997,,,
510720,红利国企ETF,,21.62285488,,,
560350,中证A50ETF指数基金,,21.17703029,,,
562800,稀有金属ETF,,21.13950626,,,
512930,AI人工智能ETF,,21.09967232,,,
563080,中证A50ETF易方达,,20.92271149,,,
159358,中证A500ETF基金,,20.76770081,,,
589800,科创综指ETF易方达,,20.57426215,,,
159828,医疗ETF,,20.45274332,,,
516860,金融科技ETF,,20.12961792,,,
159790,碳中和ETF,,20.12641439,,,
515400,大数据ETF,,20.08582629,,,
516010,游戏ETF,,19.9042629,,,
518860,黄金ETFAU,,19.88048287,,,
159905,深红利ETF,,19.79661804,,,
159820,中证500ETF天弘,,19.79091564,,,
510510,中证500ETF基金,,19.71419281,,,
159581,红利ETF基金,,19.66658223,,,
588350,双创50ETF基金,,19.66525752,,,
159957,创业板ETF华夏,,19.61275407,,,
159796,电池50ETF,,19.44980275,,,
159316,恒生创新药ETF,,19.24119183,,,
588890,科创芯片ETF南方,,19.2269213,,,
518890,中银上海金ETF,,18.92557103,,,
159329,沙特ETF,,18.80395738,,,
515600,央企创新ETF,,18.34690426,,,
515680,央企创新ETF嘉实,,18.22227644,,,
159681,创50ETF,,18.16919094,,,
513040,港股通互联网ETF,,18.09381057,,,
520660,港股通央企红利ETF南方,,18.04350359,,,
159001,货币ETF,,17.999032,,,
513970,恒生消费ETF,,17.77469746,,,
520900,红利ETF港股,,17.65477808,,,
159592,A50ETF基金,,17.35916528,,,
159360,中证A500ETF天弘,,17.22617606,,,
589000,科创综指ETF华夏,,17.19300198,,,
588730,科创人工智能ETF,,17.1453054,,,
588300,双创ETF,,17.08383555,,,
530000,上证50ETF天弘,,16.98934495,,,
588400,科创创业ETF嘉实,,16.88558871,,,
159713,稀土ETF,,16.68890885,,,
159215,中证A500ETF指数基金,,16.63586551,,,
159939,信息技术ETF,,16.52155206,,,
562060,标普红利ETF,,16.49387187,,,
159300,300ETF,,16.48263627,,,
512700,银行ETF南方,,16.44164228,,,
510150,消费ETF,,16.40537736,,,
159633,中证1000ETF易方达,,16.33742094,,,
159908,创业板ETF博时,,16.28031821,,,
516880,光伏50ETF,,16.25279973,,,
515230,软件ETF,,16.09623315,,,
560260,医疗ETF龙头,,16.02595481,,,
513030,德国ETF,,15.74436212,,,
159561,德国ETF,,15.73605818,,,
589680,科创综指ETF鹏华,,15.70894237,,,
562080,300现金流ETF,,15.69800934,,,
517160,长江保护主题ETF,,15.62009543,,,
513880,日经225ETF,,15.6163321,,,
512040,价值100ETF,,15.57898858,,,
516820,医疗创新ETF,,15.49698156,,,
513850,美国50ETF,,15.38558516,,,
513730,东南亚科技ETF,,15.31905581,,,
513520,日经ETF,,14.95258618,,,
512570,证券ETF易方达,,14.83744396,,,
159359,中证A500ETF华安,,14.76489216,,,
520830,沙特ETF,,14.74763297,,,
159502,标普生物科技ETF,,14.66471086,,,
513400,道琼斯ETF,,14.52908292,,,
513870,纳指ETF富国,,14.43196903,,,
159362,A500ETF工银,,14.2487486,,,
515010,券商ETF基金,,14.20966073,,,
520500,恒生创新药ETF,,14.19373871,,,
159840,锂电池ETF,,14.04487172,,,
159559,机器人50ETF,,13.95192764,,,
159273,云计算ETF汇添富,,13.90887457,,,
512080,A500ETF中金,,13.67936291,,,
561910,电池ETF,,13.66339489,,,
159994,5GETF,,13.50110449,,,
512720,计算机ETF,,13.47258674,,,
159830,上海金ETF,,13.42961513,,,
516640,芯片龙头ETF,,13.33591486,,,
159996,家电ETF,,13.23360865,,,
159101,港股通科技ETF基金,,13.0875503,,,
159997,电子ETF,,12.97770843,,,
512580,环保ETF,,12.93173511,,,
159837,生物科技ETF,,12.70133433,,,
588120,科创板100ETF,,12.67084784,,,
561300,300增强ETF,,12.57327457,,,
513290,纳指生物科技ETF,,12.5442726,,,
159307,红利低波100ETF,,12.53610029,,,
513000,日经225ETF易方达,,12.51170962,,,
159980,有色ETF,,12.34320381,,,
560170,央企科技ETF,,12.27195756,,,
561550,500增强ETF,,11.72346082,,,
159259,成长ETF,,11.70952438,,,
563990,800现金流ETF,,11.58684645,,,
159227,航空航天ETF,,11.58154231,,,
520880,港股通创新药ETF,,11.56119138,,,
159887,银行ETF,,11.42526774,,,
512820,银行ETF龙头,,11.41016799,,,
588330,双创龙头ETF,,11.35144704,,,
562950,消费电子ETF易方达,,11.1920171,,,
511850,财富宝ETF,,11.14585155,,,
159847,医疗ETF易方达,,11.10483158,,,
517380,创新药ETF天弘,,11.06291074,,,
520840,港股通恒生科技ETF,,11.0567693,,,
561230,中证A50ETF基金,,11.05127704,,,
588230,科创200ETF,,10.9416099,,,
159246,创业板人工智能ETF富国,,10.86646917,,,
520550,港股红利低波ETF,,10.84888224,,,
562310,沪深300成长ETF,,10.83977941,,,
515710,食品ETF,,10.76811478,,,
159518,标普油气ETF,,10.63942068,,,
159652,有色50ETF,,10.62378595,,,
159806,新能源车ETF,,10.62129957,,,
159688,恒生互联网ETF,,10.57236632,,,
159699,恒生消费ETF,,10.5705916,,,
159638,高端装备ETF,,10.56567252,,,
561100,消费电子ETF富国,,10.47223992,,,
517900,银行AH优选ETF,,10.4643812,,,
159583,通信设备ETF,,10.42355109,,,
159745,建材ETF,,10.422153,,,
159607,中概互联网ETF,,10.37658291,,,
159310,芯片ETF天弘,,10.35966904,,,
516020,化工ETF,,10.3194165,,,
513700,香港医药ETF,,10.24772652,,,
511700,场内货币ETF,,10.0945112,,,
562990,碳中和ETF易方达,,10.042865,,,
159875,新能源ETF,,10.03938244,,,
159378,通用航空ETF,,9.9927622,,,
516350,芯片ETF易方达,,9.93386542,,,
159981,能源化工ETF,,9.84667289,,,
159807,科技ETF,,9.83828809,,,
560770,机器人指数ETF,,9.77676358,,,
159235,中证现金流ETF,,9.74669878,,,
512810,国防军工ETF,,9.71220948,,,
159812,黄金基金ETF,,9.5234745,,,
159258,机器人ETF南方,,9.48188151,,,
512510,中证500ETF华泰柏瑞,,9.4696488,,,
561980,半导体设备ETF,,9.3825828,,,
516100,金融科技ETF华夏,,9.38174831,,,
562510,旅游ETF,,9.33365166,,,
159628,国证2000ETF,,9.29822095,,,
563520,沪深300ETF永赢,,9.23592159,,,
562000,中证A100ETF基金,,9.18001301,,,
159637,新能源车龙头ETF,,9.09288391,,,
159834,金ETF,,9.06622873,,,
513080,法国CAC40ETF,,9.0498762,,,
159750,港股科技50ETF,,9.01750007,,,
159337,中证500ETF基金,,9.00132517,,,
560150,红利低波ETF泰康,,8.89194128,,,
159529,标普消费ETF,,8.81647601,,,
511690,交易货币ETF,,8.81194058,,,
520700,港股创新药ETF基金,,8.76645132,,,
159647,中药ETF,,8.7559811,,,
159269,港股通科技ETF南方,,8.69275701,,,
159758,红利质量ETF,,8.62003068,,,
563700,红利价值ETF,,8.597424,,,
563320,通用航空ETF,,8.57548908,,,
159599,芯片ETF基金,,8.416079,,,
159850,恒生国企ETF,,8.40572911,,,
159602,中国A50ETF,,8.34151054,,,
561160,锂电池ETF,,8.2430476,,,
159751,港股科技ETF,,8.23169558,,,
159741,恒生科技ETF嘉实,,8.22729573,,,
159221,现金流ETF嘉实,,8.2092786,,,
515250,智能汽车ETF,,8.20199778,,,
159782,双创50ETF,,8.20196509,,,
159735,港股消费ETF,,7.97893749,,,
159667,工业母机ETF,,7.94764476,,,
588990,科创芯片ETF博时,,7.87510924,,,
159715,稀土ETF易方达,,7.75688209,,,
563680,800自由现金流ETF,,7.75432458,,,
159591,中证A50ETF,,7.72261157,,,
159202,恒生互联网科技ETF,,7.70636544,,,
588830,科创新能源ETF,,7.69887693,,,
159612,标普500ETF,,7.69643405,,,
513800,日本东证指数ETF,,7.69006685,,,
159552,中证2000增强ETF,,7.68430447,,,
159940,金融地产ETF,,7.67994899,,,
159680,1000ETF增强,,7.65849264,,,
159562,黄金股ETF,,7.61345712,,,
520860,港股通科技ETF富国,,7.60481373,,,
563580,自由现金流ETF800,,7.57124736,,,
159864,光伏50ETF,,7.55695177,,,
563500,中证A500ETF华宝,,7.54531422,,,
159572,创业板200ETF易方达,,7.52606523,,,
588460,科创50增强ETF,,7.52345062,,,
515150,一带一路ETF,,7.3939932,,,
589880,科创综指ETF建信,,7.3749528,,,
589900,科创综指ETF博时,,7.3708042,,,
159866,日经ETF,,7.35008189,,,
159531,中证2000ETF,,7.31799011,,,
515060,房地产ETF基金,,7.28644101,,,
560800,数字经济ETF,,7.16143896,,,
516090,新能源ETF易方达,,7.15849229,,,
513070,港股消费ETF易方达,,7.11267166,,,
516670,畜牧养殖ETF,,7.05595478,,,
159232,现金流ETF南方,,7.04363461,,,
159768,房地产ETF,,7.03042524,,,
513310,中韩半导体ETF,,6.96485717,,,
159206,卫星ETF,,6.93709442,,,
159639,碳中和ETF南方,,6.93493033,,,
159336,央企红利50ETF,,6.92895597,,,
515750,科技50ETF,,6.91983893,,,
588690,科创指数增强ETF,,6.79138564,,,
512560,军工ETF易方达,,6.6581043,,,
563390,现金流ETF全指,,6.63913536,,,
159205,创业板ETF东财,,6.59488294,,,
588020,科创成长50ETF,,6.56124716,,,
159748,创新药ETF富国,,6.52735228,,,
159596,A50ETF华宝,,6.51873387,,,
159286,港股创新药ETF鹏华,,6.50221198,,,
159831,上海金ETF嘉实,,6.48432958,,,
159577,美国50ETF,,6.47312146,,,
588900,科创100ETF南方,,6.46291713,,,
589600,科创综指ETF富国,,6.37184889,,,
513890,恒生科技HKETF,,6.3461028,,,
159330,沪深300ETF基金,,6.31102943,,,
159692,证券ETF东财,,6.24860116,,,
516630,云计算50ETF,,6.24156356,,,
159586,计算机ETF南方,,6.20427881,,,
513560,香港科技ETF,,6.1688198,,,
512600,消费ETF嘉实,,6.13890438,,,
588780,科创芯片设计ETF,,6.10062449,,,
516920,芯片50ETF,,6.07834669,,,
516110,汽车ETF,,6.05768577,,,
561190,双碳ETF,,6.04718568,,,
513350,标普油气ETF,,6.04580922,,,
562570,信创ETF,,6.01321543,,,
589520,科创人工智能ETF华宝,,6.00889685,,,
560700,央企红利50ETF,,5.98906229,,,
562970,光伏ETF易方达,,5.98454424,,,
159814,创业大盘ETF,,5.93541754,,,
561560,电力ETF,,5.91735037,,,
510320,沪深300ETF中金,,5.9093014,,,
515020,银行ETF基金,,5.881379,,,
159909,TMT50ETF,,5.87297978,,,
159526,机器人ETF嘉实,,5.86379848,,,
516080,创新药ETF易方达,,5.85445655,,,
159622,创新药ETF沪港深,,5.85285437,,,
589890,科创综指ETF景顺,,5.81114747,,,
510390,沪深300ETF平安,,5.810498,,,
512330,信息科技ETF,,5.80679736,,,
515950,医药龙头ETF,,5.7159503,,,
159381,创业板人工智能ETF华夏,,5.71529146,,,
510710,上证50ETF博时,,5.70053112,,,
159608,稀有金属ETF,,5.63598683,,,
159333,港股央企红利ETF,,5.62925106,,,
159867,畜牧ETF,,5.62233053,,,
589630,科创综指ETF国泰,,5.61417552,,,
589660,科创综指ETF南方,,5.6065952,,,
159839,生物药ETF,,5.57219949,,,
159964,创业板ETF平安,,5.5377488,,,
159960,恒生中国企业ETF,,5.51008477,,,
159968,中证500ETF博时,,5.47891167,,,
588810,科创芯片ETF富国,,5.47473204,,,
515390,沪深300ETF指数基金,,5.47265907,,,
563900,沪深300自由现金流ETF摩根,,5.472643,,,
516120,化工50ETF,,5.4274363,,,
563860,A500ETF海富通,,5.38488794,,,
588870,科创50指数ETF,,5.3619552,,,
561600,消费电子ETF,,5.33414988,,,
562880,电池ETF嘉实,,5.29769836,,,
159958,创业板ETF工银,,5.26136689,,,
510410,资源ETF,,5.24336825,,,
512220,TMTETF,,5.20957957,,,
510590,中证500ETF平安,,5.17678214,,,
159687,亚太精选ETF,,5.17624323,,,
159263,价值ETF,,5.15195433,,,
589090,科创人工智能ETF鹏华,,5.14236698,,,
563780,现金流全指ETF,,5.12118438,,,
159739,大数据ETF,,5.07698928,,,
588210,科创100ETF易方达,,5.04832578,,,
520600,港股汽车ETF,,5.04180096,,,
515890,红利ETF博时,,5.0389811,,,
560880,家电ETF龙头,,5.02513856,,,
159966,创业板价值ETF,,5.00698542,,,
159903,深成ETF,,4.99346824,,,
588170,科创半导体ETF,,4.98939528,,,
515160,MSCI中国ETF招商,,4.95780138,,,
560810,央企ESGETF,,4.93559248,,,
516460,现金流ETF800,,4.93026406,,,
516950,基建ETF,,4.9191835,,,
515580,科技100ETF,,4.90233764,,,
159373,创业板50ETF嘉实,,4.85743759,,,
513360,教育ETF,,4.83415508,,,
513280,恒生生物科技ETF,,4.81126707,,,
516000,数据ETF,,4.79404688,,,
159707,地产ETF,,4.78849757,,,
560500,500质量成长ETF,,4.78002231,,,
515260,电子ETF,,4.71824587,,,
516290,光伏龙头ETF,,4.69660764,,,
516050,科技龙头ETF,,4.69200848,,,
159843,食品饮料ETF,,4.66794948,,,
159747,香港科技ETF,,4.64813054,,,
511810,理财金货币ETF,,4.63942474,,,
561580,央企红利ETF,,4.62656053,,,
589850,科创50ETF东财,,4.62571414,,,
159738,云计算ETF华泰柏瑞,,4.60058916,,,
159961,深100ETF方正富邦,,4.60051473,,,
561990,沪深300增强ETF,,4.5756674,,,
588360,科创创业ETF,,4.56619382,,,
510630,消费30ETF,,4.5089502,,,
159671,稀有金属ETF基金,,4.48051744,,,
588940,科创50ETF富国,,4.4193468,,,
517110,创新药ETF国泰,,4.40577555,,,
588110,科创成长ETF,,4.39063284,,,
159222,自由现金流ETF易方达,,4.37749664,,,
159558,半导体设备ETF易方达,,4.37658363,,,
589770,科创综指ETF招商,,4.36017364,,,
159242,创业板人工智能ETF大成,,4.31969949,,,
510800,50ETF基金,,4.29285544,,,
562360,机器人ETF基金,,4.28755908,,,
159241,航空航天ETF天弘,,4.25248665,,,
159615,恒生生物科技ETF,,4.23563274,,,
520970,港股通创新药ETF嘉实,,4.23467246,,,
512090,MSCIA股ETF易方达,,4.1326614,,,
562870,证券ETF嘉实,,4.10952944,,,
159726,恒生红利ETF,,4.09485739,,,
588280,科创50ETF指数基金,,4.08890608,,,
159902,中小100ETF,,4.07353055,,,
520580,新兴亚洲ETF,,4.04993743,,,
159954,H股ETF,,4.04136451,,,
512120,医药50ETF,,3.99453371,,,
516650,有色金属ETF基金,,3.99288607,,,
515630,保险证券ETF,,3.97885217,,,
588920,科创芯片ETF指数,,3.97134066,,,
159822,新经济ETF,,3.96382382,,,
517050,互联网ETF华泰柏瑞,,3.95695667,,,
560550,碳中和ETF龙头,,3.95645719,,,
159890,云计算ETF,,3.95356618,,,
561870,自由现金流ETF全指,,3.90273989,,,
516520,智能驾驶ETF,,3.88194839,,,
589080,科创综指ETF汇添富,,3.86783928,,,
510530,中证500ETF工银,,3.86384545,,,
563350,中证A50ETF,,3.84744942,,,
516200,证券ETF指数基金,,3.83030364,,,
517180,中国国企ETF,,3.8120048,,,
159898,医疗器械指数ETF,,3.79722817,,,
159268,港股通消费50ETF,,3.79345335,,,
561930,沪深300ETF招商,,3.78783967,,,
510980,上证综合ETF,,3.75864188,,,
159551,机器人产业ETF,,3.75287714,,,
512650,长三角ETF,,3.73674146,,,
589860,科创综指ETF天弘,,3.73276752,,,
159500,500ETF,,3.72998837,,,
159610,500ETF增强,,3.70600458,,,
159278,机器人ETF鹏华,,3.67634415,,,
588240,科创200ETF指数,,3.66488223,,,
159547,红利低波ETF基金,,3.66276878,,,
159606,中证500成长ETF,,3.64226419,,,
159382,创业板人工智能ETF南方,,3.63252547,,,
517080,沪港深500ETF基金,,3.6010519,,,
159209,中证红利质量ETF,,3.59738087,,,
520690,港股创新药精选ETF,,3.56853982,,,
159213,机器人ETF基金,,3.55267054,,,
517390,云计算ETF沪港深,,3.52509543,,,
560070,央企红利ETF基金,,3.48660944,,,
513170,恒生央企ETF,,3.46885142,,,
562590,半导体材料ETF,,3.4323224,,,
159858,创新药ETF南方,,3.40241822,,,
159757,电池30ETF,,3.38798117,,,
159752,新能源龙头ETF,,3.38411785,,,
159281,港股通央企红利ETF天弘,,3.38204997,,,
159973,民企ETF,,3.37560202,,,
159665,半导体龙头ETF,,3.36353673,,,
517120,创新药ETF华泰柏瑞,,3.34593792,,,
159797,医疗器械ETF基金,,3.34545162,,,
517800,人工智能50ETF,,3.3381041,,,
516660,新能源车ETF基金,,3.32775442,,,
159292,创业板综增强ETF华宝,,3.2998385,,,
159899,软件龙头ETF,,3.29182577,,,
517000,沪港深500ETF,,3.28672597,,,
515810,中证800ETF,,3.27925382,,,
516390,新能源汽车ETF,,3.2783985,,,
159366,港股医疗ETF,,3.25464571,,,
513590,香港消费ETF,,3.23888389,,,
159380,A500ETF东财,,3.22027595,,,
159568,港股互联网ETF,,3.2017127,,,
159389,数字经济ETF嘉实,,3.17841103,,,
513230,港股消费ETF,,3.16504407,,,
515310,沪深300指数ETF,,3.16282282,,,
159609,光伏龙头ETF,,3.15267187,,,
159775,新能源车电池ETF,,3.13838113,,,
159569,港股红利低波ETF,,3.13163622,,,
515850,券商指数ETF,,3.09547394,,,
589720,科创创新药ETF国泰,,3.09530973,,,
530680,上证180指数ETF基金,,3.08913635,,,
159566,储能电池ETF,,3.07995021,,,
159388,创业板人工智能ETF国泰,,3.07193202,,,
530530,上证580ETF华夏,,3.0285684,,,
515110,一带一路ETF易方达,,3.02363145,,,
588700,科创医药ETF嘉实,,3.0151819,,,
588390,科创创业50ETF,,3.00137647,,,
588910,科创价值ETF,,2.99104036,,,
588160,科创材料ETF,,2.9840706,,,
159560,芯片50ETF,,2.97885792,,,
159910,基本面120ETF,,2.96920728,,,
159390,A50指数ETF,,2.96759237,,,
159856,互联网龙头ETF,,2.96457749,,,
512550,富时A50ETF嘉实,,2.95842166,,,
512160,MSCI中国A股ETF,,2.94372031,,,
520670,港股通科技ETF嘉实,,2.94055031,,,
589980,科创100ETF汇添富,,2.8971494,,,
513220,中概互联ETF,,2.8725008,,,
561220,数字经济ETF工银,,2.8685307,,,
159936,可选消费ETF,,2.86154949,,,
159296,A500红利低波ETF,,2.85894772,,,
159218,卫星产业ETF,,2.85749314,,,
159625,绿色电力ETF,,2.85694257,,,
159248,人工智能ETF基金,,2.847712,,,
588010,科创新材料ETF,,2.84706582,,,
159220,港股通红利ETF,,2.82619491,,,
588950,科创50ETF景顺,,2.82485233,,,
511620,货币基金ETF,,2.82471068,,,
520510,港股通医疗ETF,,2.81907144,,,
159982,中证500ETF鹏华,,2.81112101,,,
512910,中证A100ETF,,2.78738582,,,
159597,创业板成长ETF易方达,,2.77928616,,,
512770,战略新兴ETF,,2.7773186,,,
516070,低碳ETF易方达,,2.77013088,,,
159266,港股通央企红利ETF,,2.75766213,,,
159251,港股科技ETF基金,,2.73411287,,,
561090,中证A500增强ETF,,2.72128582,,,
159676,创业板增强ETF富国,,2.71973432,,,
589990,科创综指ETF华泰柏瑞,,2.7040364,,,
562660,中证2000ETF华夏,,2.69655708,,,
159641,双碳ETF,,2.67506448,,,
159718,港股医药ETF,,2.67495082,,,
159885,碳中和ETF基金,,2.66488576,,,
560280,工程机械ETF,,2.66021872,,,
159557,恒生医疗ETF嘉实,,2.65674713,,,
517100,AH500ETF,,2.6501886,,,
159003,招商快线ETF,,2.64423,,,
588150,科创50ETF南方,,2.6365511,,,
589380,AIETF富国,,2.62997393,,,
562890,A50ETF嘉实,,2.62359005,,,
159863,光伏ETF基金,,2.5939063,,,
159525,红利低波ETF,,2.58022796,,,
562860,生物疫苗ETF,,2.56882416,,,
560980,光伏ETF龙头,,2.56645024,,,
159350,深证50ETF富国,,2.5582919,,,
159393,沪深300指数ETF,,2.55822032,,,
512990,MSCIA股ETF,,2.5169729,,,
510130,上证中盘ETF易方达,,2.49495365,,,
589500,科创综指ETF工银,,2.46615136,,,
159635,基建50ETF,,2.46468197,,,
159276,现金流ETF汇添富,,2.45618861,,,
589010,科创人工智能ETF华夏,,2.44689381,,,
159265,港股消费50ETF,,2.44061653,,,
588100,科创信息技术ETF,,2.42160119,,,
515960,医药ETF嘉实,,2.40232629,,,
515910,质量ETF,,2.3746674,,,
516810,农业50ETF,,2.3709068,,,
159656,300成长ETF,,2.37049312,,,
560630,机器人产业ETF,,2.36286882,,,
159335,央企科创ETF,,2.36083942,,,
159695,通信ETF,,2.34098265,,,
589020,N科创半导体ETF鹏华,,2.33118823,,,
510850,上证50ETF工银,,2.32762651,,,
159619,基建ETF,,2.32644703,,,
510160,产业升级ETF,,2.32500119,,,
159385,数字经济ETF富国,,2.3160303,,,
159331,红利港股ETF,,2.31446103,,,
516270,新能源50ETF,,2.29706545,,,
159779,消费电子50ETF,,2.29008684,,,
159208,航天航空ETF,,2.26847094,,,
560850,信创50ETF,,2.26056616,,,
159930,能源ETF,,2.22297151,,,
159207,高股息ETF,,2.21250979,,,
159527,云计算ETF广发,,2.20242554,,,
515360,方正沪深300ETF,,2.20142792,,,
560680,消费ETF龙头,,2.19468436,,,
515860,科技ETF嘉实,,2.18695928,,,
517090,央企共赢ETF,,2.17396575,,,
159291,创业板综增强ETF招商,,2.15935186,,,
516830,300ESGETF,,2.15436932,,,
159708,红利ETF,,2.14714192,,,
159876,有色龙头ETF,,2.14007867,,,
560780,芯片设备ETF,,2.1398992,,,
159323,港股通汽车ETF,,2.13482247,,,
560060,碳中和ETF,,2.1297195,,,
588880,科创100ETF华泰柏瑞,,2.11600024,,,
159386,A500ETF永赢,,2.11449993,,,
159582,半导体产业ETF,,2.11109026,,,
588860,科创医药ETF,,2.09364861,,,
159871,有色金属ETF,,2.08176137,,,
515560,证券ETF建信,,2.06206962,,,
562600,医疗器械ETF,,2.06134594,,,
512530,沪深300红利ETF,,2.04095152,,,
159835,创新药50ETF,,2.02813596,,,
159277,港股通红利ETF富国,,2.02779388,,,
159520,消费龙头ETF,,2.02667328,,,
159355,800红利低波ETF,,2.01560928,,,
516770,游戏ETF华泰柏瑞,,1.98766128,,,
588710,科创半导体设备ETF,,1.98734265,,,
159698,粮食ETF,,1.97034548,,,
560110,中证1000ETF基金,,1.96547061,,,
159943,深证成指ETF,,1.96386577,,,
159225,现金流ETF基金,,1.95206525,,,
515760,浙江国资ETF,,1.94353043,,,
588720,科创50ETF中银,,1.94036381,,,
563180,高股息ETF,,1.9340728,,,
560380,A100ETF南方,,1.92560347,,,
512390,平安MSCI低波ETF,,1.92356802,,,
159212,深100ETF南方,,1.91878342,,,
159245,港股通消费ETF,,1.91583187,,,
159907,2000ETF,,1.91412228,,,
159376,A500ETF指数基金,,1.91267091,,,
159375,创业板50ETF国泰,,1.90701619,,,
517400,黄金股票ETF,,1.88912832,,,
516550,农业ETF,,1.85799954,,,
563660,A500ETF银河,,1.85263384,,,
159767,电池龙头ETF,,1.84409707,,,
530050,上证50ETF东财,,1.83657755,,,
516750,建材ETF,,1.83576104,,,
520620,港股通消费ETF,,1.81620362,,,
159773,创业板科技ETF,,1.80559811,,,
510170,大宗商品ETF,,1.79725347,,,
159836,创业板300ETF天弘,,1.79083204,,,
159280,港股通互联网ETF汇添富,,1.76181817,,,
510190,上证50ETF指数基金,,1.75599773,,,
510030,价值ETF,,1.74450644,,,
159573,创业板200ETF华夏,,1.74360214,,,
562930,软件ETF易方达,,1.74347922,,,
159271,恒生指数ETF,,1.73906891,,,
159540,信创ETF易方达,,1.73648299,,,
159640,碳中和龙头ETF,,1.73065941,,,
560660,云50ETF,,1.72735486,,,
512370,A500增强ETF基金,,1.72667016,,,
516210,银行ETF指数基金,,1.72654013,,,
159590,软件50ETF,,1.71975052,,,
159541,创业板综ETF万家,,1.7156501,,,
159150,深证50ETF易方达,,1.70843698,,,
159325,半导体ETF南方,,1.7063041,,,
561130,国货ETF,,1.68829162,,,
510290,上证380ETF,,1.68775656,,,
561880,A100ETF基金,,1.68068796,,,
159287,创业板综ETF博时,,1.67873065,,,
515920,智能消费ETF,,1.67645514,,,
159838,医药50ETF,,1.67288487,,,
515200,创新100ETF,,1.66729808,,,
159365,恒指ETF,,1.64077544,,,
516800,智能制造ETF,,1.62609752,,,
562550,绿电ETF,,1.62563311,,,
563050,央企科技50ETF,,1.62065941,,,
159550,互联网ETF沪港深,,1.6187252,,,
159537,信创ETF,,1.61038942,,,
159861,碳中和50ETF,,1.60999302,,,
511900,富国货币ETF,,1.60639274,,,
589200,科创200ETF工银,,1.6059742,,,
588960,科创板新能源ETF,,1.60367809,,,
563010,电信ETF,,1.59289481,,,
513320,恒生新经济ETF,,1.59005914,,,
159824,新能车ETF,,1.58339395,,,
159228,红利低波ETF长城,,1.56931285,,,
159805,传媒ETF,,1.55376323,,,
159658,数字经济ETF,,1.54552828,,,
159267,航天ETF,,1.54513289,,,
511800,易方达货币ETF,,1.54334086,,,
159786,VRETF,,1.53459612,,,
159788,港股通100ETF,,1.52448253,,,
510020,超大盘ETF,,1.52031264,,,
515320,电子50ETF,,1.5112136,,,
159761,新材料50ETF,,1.50802597,,,
159787,建材ETF易方达,,1.49527905,,,
159519,港股国企ETF,,1.48927092,,,
561010,软件ETF基金,,1.48341944,,,
516220,化工龙头ETF,,1.4778627,,,
561330,矿业ETF,,1.47340363,,,
159546,集成电路ETF,,1.46551385,,,
561800,稀有金属ETF基金,,1.43698672,,,
159511,通信ETF南方,,1.43659424,,,
517010,沪港深500ETF易方达,,1.43640745,,,
563620,自由现金流全指ETF,,1.42177392,,,
513140,港股金融ETF,,1.4202384,,,
159776,港股通医药ETF,,1.42020178,,,
513830,港股红利ETF,,1.41969516,,,
589100,科创芯片ETF国泰,,1.41879919,,,
159991,创大盘ETF,,1.41568525,,,
159906,深成长龙头ETF,,1.41250707,,,
588500,科创100增强ETF易方达,,1.41167663,,,
563650,中证A500龙头ETF,,1.40484987,,,
589300,科创综指ETF嘉实,,1.40484765,,,
588450,科创50ETF增强,,1.40472054,,,
588840,科创板50ETF基金,,1.39392792,,,
560360,软件指数ETF,,1.3884213,,,
515130,沪深300ETF博时,,1.38787597,,,
588260,科创信息ETF,,1.38737028,,,
561700,电力ETF基金,,1.36953348,,,
510200,上证券商ETF,,1.34636933,,,
588670,科创综指增强ETF,,1.34306848,,,
159675,创业板增强ETF,,1.33566702,,,
159321,黄金股票ETF,,1.3326713,,,
516850,新能源ETF基金,,1.32727635,,,
563030,中证500增强ETF易方达,,1.32203659,,,
513900,港股通100ETF,,1.31709438,,,
159912,深300ETF,,1.31323611,,,
561360,石油ETF,,1.31029472,,,
159233,自由现金流ETF基金,,1.30367136,,,
516760,养殖ETF,,1.30026268,,,
561380,电网ETF,,1.29560088,,,
159538,信创ETF富国,,1.28725619,,,
563550,A500增强ETF摩根,,1.28501608,,,
562320,沪深300价值ETF,,1.2843006,,,
159005,汇添富快钱ETF,,1.27981,,,
159328,家电ETF易方达,,1.27790102,,,
515190,中银证券500ETF,,1.27503743,,,
561000,沪深300ETF增强基金,,1.270008,,,
516790,医疗ETF华泰柏瑞,,1.26970422,,,
159811,5G50ETF,,1.26435277,,,
159956,创业板ETF建信,,1.26106637,,,
516130,消费龙头ETF,,1.2598267,,,
516900,食品饮料ETF基金,,1.25115812,,,
159880,有色ETF基金,,1.25066944,,,
159891,医疗ETF基金,,1.24936798,,,
562910,高端制造ETF,,1.24382066,,,
159327,半导体设备ETF基金,,1.23656736,,,
512380,MSCI中国ETF,,1.23608262,,,
159565,汽车零部件ETF,,1.2354636,,,
510060,央企ETF,,1.21608043,,,
588250,科创生物医药ETF,,1.210281,,,
588770,科创信息技术ETF摩根,,1.20697355,,,
589060,科创综指ETF东财,,1.19771031,,,
159657,疫苗ETF鹏华,,1.19108729,,,
159974,央企创新ETF,,1.17129118,,,
561950,500指数增强ETF,,1.17097092,,,
561750,中证A50ETF博时,,1.17039104,,,
561170,绿色电力ETF,,1.16954068,,,
159369,创业板50ETF易方达,,1.1678832,,,
159663,机床ETF,,1.16754695,,,
512730,银行ETF指数,,1.15838805,,,
516560,养老ETF,,1.14854442,,,
159507,通信ETF广发,,1.14777503,,,
159302,港股高股息ETF,,1.14460118,,,
517200,互联网ETF,,1.14276292,,,
159743,湖北ETF,,1.14093743,,,
159848,证券ETF基金,,1.1400756,,,
159379,A500ETF融通,,1.12590228,,,
510680,上证50ETF基金,,1.12552323,,,
561120,家电ETF,,1.12051251,,,
159367,创业板50ETF华夏,,1.11627479,,,
562050,药ETF,,1.11465776,,,
516500,生物科技ETF,,1.1124491,,,
159231,通用航空ETF华宝,,1.10260728,,,
588660,科创创业50ETF基金,,1.0959736,,,
560120,现金流500ETF,,1.08644962,,,
588370,科创50增强ETF南方,,1.08587352,,,
513150,港股通科技ETF华泰柏瑞,,1.07435875,,,
512150,A50ETF,,1.07277294,,,
159383,创业板50ETF华泰柏瑞,,1.05667561,,,
516060,创新药产业ETF,,1.05415159,,,
515350,民生加银300ETF,,1.04485356,,,
560900,创新药企ETF,,1.03567988,,,
159283,通用航空ETF南方,,1.03414446,,,
563330,A股ETF,,1.0341331,,,
159798,消费ETF易方达,,1.02845538,,,
159697,油气ETF,,1.02289732,,,
159855,影视ETF,,1.01989348,,,
159303,恒生医疗ETF基金,,1.01728428,,,
513990,港股通ETF,,1.01616,,,
560620,公用事业ETF基金,,1.00672943,,,
159510,沪深300价值ETF,,1.00278706,,,
