ETF代码,ETF名称,基金规模,next_crawl_index
159707,地产ETF华宝,5.90637767,0
159768,房地产ETF银华,3.83427584,0
159546,集成电路ETF国泰,5.82693919,0
562820,集成电路ETF嘉实,4.27282944,0
589420,科创芯片设计ETF永赢,2.80358351,0
589260,科创芯片设计ETF国泰,1.43599532,0
159131,港股通信息技术ETF华宝,20.55961506,0
589210,科创芯片设计ETF广发,9.07780902,0
589020,科创半导体设备ETF鹏华,53.05668434,0
588780,科创芯片设计ETF国联安,9.91855176,0
526050,港股通信息技术ETF招商,0.5829581,0
526060,港股通信息技术ETF华泰柏瑞,0.48779246,0
589400,科创芯片设计ETF富国,2.31180537,0
526000,港股通信息技术ETF华夏,2.11722684,0
159198,港股通信息技术ETF富国,1.13291811,0
159185,港股通信息技术ETF鹏华,2.16226325,0
159325,半导体ETF南方,11.37332004,0
589070,科创芯片设计ETF天弘,21.02686812,0
159196,港股通信息技术ETF易方达,2.76469844,0
589430,科创芯片设计ETF华宝,2.297653,0
589170,科创芯片设计ETF鹏华,1.5650172,0
588710,科创半导体设备ETF华泰柏瑞,115.92824916,0
513240,港股通信息技术ETF华安,1.07839872,0
589250,科创芯片设计ETF浦银,0.93501119,0
589030,科创芯片设计ETF易方达,10.3678902,0
588170,科创半导体ETF华夏,436.14674403,0
520710,港股通信息技术ETF广发,0.89794564,0
516920,芯片ETF汇添富,6.832091,0
589350,科创芯片设计ETF银华,1.79693911,0
526030,港股通信息技术ETF汇添富,1.37845665,0
512480,半导体ETF国联安,206.76349595,0
520750,港股通信息ETF华富,1.2137944,0
589390,科创芯片设计ETF招商,10.09512356,0
589290,科创芯片设计ETF汇添富,1.10480631,0
588030,科创100ETF博时,40.91179925,0
589160,科创芯片ETF广发,3.67310432,0
515060,房地产ETF华夏,6.04123033,0
159560,芯片ETF景顺,4.47436705,0
588880,科创100ETF华泰柏瑞,1.9934872,0
516350,芯片ETF易方达,22.13114594,0
512200,房地产ETF南方,39.46267922,0
588200,科创芯片ETF嘉实,508.05658083,0
512760,芯片ETF国泰,109.44390195,0
588810,科创芯片ETF富国,22.1062296,0
588220,科创100ETF鹏华,66.52158529,0
588750,科创芯片ETF汇添富,70.51219448,0
588890,科创芯片ETF南方,36.0643848,0
159310,芯片ETF天弘,14.24046668,0
588210,科创100ETF易方达,4.4604351,0
159516,半导体设备ETF国泰,446.69008487,0
159599,芯片ETF东财,20.12336626,0
588990,科创芯片ETF博时,7.26215434,0
589950,科创100ETF富国,4.86817688,0
512330,信息科技ETF南方,6.84127584,0
588500,科创100增强ETF易方达,1.17019787,0
516640,芯片ETF富国,18.95484198,0
588290,科创芯片ETF华安,53.94764261,0
560780,半导体设备ETF广发,128.693496,0
588800,科创100ETF华夏,29.35625828,0
588120,科创100ETF国泰,8.23180886,0
589980,科创100ETF汇添富,2.40425164,0
588020,科创成长ETF易方达,19.54118842,0
588790,科创AIETF博时,26.94290288,0
588770,科创信息ETF摩根,5.7676624,0
588920,科创芯片ETF鹏华,3.54603012,0
588670,科创综指增强ETF嘉实,0.69874752,0
588230,科创200ETF华泰柏瑞,12.77086592,0
159539,信创ETF广发,0.88944155,0
589190,科创芯片ETF华宝,24.0427749,0
589410,科创人工智能ETF嘉实,4.66283489,0
562590,半导体设备ETF华夏,89.84678728,0
588900,科创100ETF南方,6.7110748,0
588980,科创100ETF广发,0.2383626,0
589100,科创芯片ETF国泰,8.23889326,0
588680,科创100增强ETF广发,0.93459123,0
589380,科创人工智能ETF富国,1.44964631,0
589310,科创人工智能ETF鑫元,2.59928397,0
588190,科创100ETF银华,24.42240382,0
588110,科创成长ETF广发,6.06820992,0
589090,科创AIETF鹏华,2.05792895,0
589680,科创综指ETF鹏华,21.86854193,0
589130,科创芯片ETF易方达,46.0480146,0
588930,科创人工智能ETF银华,9.75113382,0
589500,科创综指ETF工银,1.27622016,0
159558,半导体设备ETF易方达,212.01008615,0
588910,科创价值ETF建信,1.50673945,0
159801,芯片ETF广发,51.48057473,0
589110,科创人工智能ETF国泰,4.97768185,0
159995,芯片ETF华夏,278.96977097,0
589880,科创综指ETF建信,7.19813808,0
159537,信创ETF国泰,1.27705694,0
588100,科创信息ETF嘉实,2.08336656,0
589800,科创综指ETF易方达,17.31661369,0
588820,科创200ETF华夏,2.996206,0
589200,科创200ETF工银,0.357098,0
589780,科创200ETF富国,0.8679561,0
159538,信创ETF富国,1.8210198,0
159327,半导体设备ETF万家,32.07998544,0
588760,科创人工智能ETF广发,18.9923368,0
588140,科创200ETF广发,2.7001124,0
588730,科创人工智能ETF易方达,10.89738604,0
589460,科创200ETF华宝,2.05219638,0
589630,科创综指ETF国泰,2.6774124,0
589080,科创综指ETF汇添富,2.3097516,0
159153,消费电子ETF鹏华,1.06415022,0
589230,科创人工智能ETF南方,2.18994391,0
589010,科创人工智能ETF华夏,12.97411937,0
589900,科创综指ETF博时,2.65692599,0
589220,科创200ETF国泰,3.2915564,0
589320,科创200ETF嘉实,1.00594746,0
589660,科创综指ETF南方,4.1400199,0
159665,半导体龙头ETF工银,5.96033808,0
159140,科创创业人工智能ETF易方达,6.05068029,0
588260,科创信息ETF华安,1.1873484,0
588550,科创综指增强ETF易方达,0.8639085,0
159895,物联网ETF易方达,1.04756321,0
589860,科创综指ETF天弘,2.54205008,0
588070,科创成长ETF万家,0.83003486,0
159540,信创ETF易方达,2.44894316,0
589560,科创人工智能ETF汇添富,2.4957015,0
589060,科创综指ETF东财,1.3495257,0
159582,半导体ETF博时,7.77335071,0
589700,科创成长ETF南方,0.64079115,0
588430,科创创业人工智能ETF工银,1.21497172,0
159022,科创创业人工智能ETF富国,1.75678753,0
516800,智能制造ETF华宝,1.77385684,0
589960,科创新能源ETF易方达,1.53874704,0
588960,科创新能源ETF富国,1.66089519,0
159142,科创创业人工智能ETF景顺,13.88419734,0
589520,科创人工智能ETF华宝,5.327353,0
589050,科创综指ETF兴业,0.6906164,0
588420,科创创业人工智能ETF摩根,3.96707472,0
589580,科创综指ETF兴银,0.22307359,0
588510,科创创业人工智能ETF华夏,2.72453332,0
159139,科创创业人工智能ETF华泰柏瑞,2.14507714,0
561980,半导体设备ETF招商,58.60093866,0
588160,科创新材料ETF南方,10.33523616,0
588270,科创200ETF易方达,5.0674653,0
589600,科创综指ETF富国,3.53413345,0
589000,科创综指ETF华夏,16.74919751,0
588240,科创200ETF鹏华,1.93289733,0
512220,TMTETF景顺,8.45216812,0
588010,科创新材料ETF博时,11.05230615,0
589820,科创200ETF建信,1.64744654,0
159363,创业板人工智能ETF华宝,73.4220022,0
159381,创业板人工智能ETF华夏,20.49889606,0
159813,半导体ETF鹏华,66.0995013,0
588520,科创增强ETF永赢,0.23875456,0
588150,科创50ETF南方,4.7248618,0
159896,物联网ETF南方,0.47357517,0
589770,科创综指ETF招商,2.44021459,0
159618,光伏ETF华安,0.49595495,0
588370,科创50增强ETF南方,1.3815008,0
589890,科创综指ETF景顺,1.32919668,0
588850,科创机械ETF嘉实,1.52561697,0
588830,科创新能源ETF鹏华,8.07479549,0
589180,科创新材料ETF汇添富,2.3700241,0
589270,科创100ETF前海开源,0.24378308,0
588410,科创创业人工智能ETF鹏华,1.3383375,0
589330,科创200ETF东财,1.48648192,0
589510,科创新材料ETF易方达,1.66528615,0
517660,物联网ETF天弘,0.49651472,0
516330,物联网ETF华泰柏瑞,0.11314143,0
560980,光伏龙头ETF广发,2.1188875,0
512930,AI人工智能ETF平安,30.3282576,0
159701,物联网ETF招商,0.07126296,0
159382,创业板人工智能ETF南方,20.96525701,0
159939,信息技术ETF广发,8.57396909,0
588840,科创50ETF万家,0.89275788,0
588530,科创创业人工智能ETF中银证券,2.06423469,0
159732,消费电子ETF华夏,32.17654045,0
159583,通信ETF富国,49.87611196,0
589300,科创综指ETF嘉实,0.71313988,0
159243,创业板人工智能ETF招商,1.8147917,0
562950,消费电子ETF易方达,16.09503087,0
159295,创业综指ETF西部利得,0.90258564,0
159246,创业板人工智能ETF富国,37.66988098,0
159279,创业板人工智能ETF华安,2.06764824,0
588080,科创50ETF易方达,441.08792475,0
159145,工业软件ETF广发,0.59081622,0
562970,光伏ETF易方达,3.57389736,0
516180,光伏ETF平安,1.03266225,0
561600,消费电子ETF平安,2.2092826,0
159509,纳指科技ETF景顺,193.60968717,0
561100,消费电子ETF富国,9.53373922,0
589360,科创50ETF国泰,23.1805377,0
588870,科创50ETF汇添富,15.50643808,0
159782,双创50ETF银华,6.43403972,0
159779,消费电子ETF招商,1.99320317,0
512630,卫星ETF广发,17.64741286,0
159388,创业板人工智能ETF国泰,9.03486472,0
588690,科创增强ETF银华,0.58258828,0
588950,科创50ETF景顺,12.56238104,0
159967,创业板成长ETF华夏,58.71713999,0
516290,光伏ETF汇添富,3.82384432,0
588060,科创50ETF广发,82.03796966,0
588000,科创50ETF华夏,969.53613271,0
159242,创业板人工智能ETF大成,8.64225988,0
588400,科创创业ETF嘉实,15.17934663,0
589990,科创综指ETF华泰柏瑞,1.739876,0
563210,专精特新ETF富国,2.24347092,0
588470,科创创业人工智能ETF华安,2.36523701,0
516880,光伏ETF银华,6.37971147,0
159609,光伏ETF浦银,1.52429119,0
159603,科创创业ETF天弘,43.70650884,0
588460,科创50增强ETF鹏华,13.79917812,0
159819,人工智能ETF易方达,212.76554724,0
159781,科创创业ETF易方达,169.60883132,0
560800,数字经济ETF鹏扬,3.42844112,0
589850,科创50ETF东财,13.39518472,0
588300,科创创业50ETF招商,17.26283651,0
588090,科创50ETF华泰柏瑞,53.9592376,0
561460,人工智能ETF天弘,20.750063,0
588280,科创50ETF华安,4.80095758,0
513160,港股科技ETF银华,28.92999288,0
515790,光伏ETF华泰柏瑞,48.43947519,0
588180,科创50ETF国联安,8.43562345,0
588940,科创50ETF富国,26.5774304,0
589150,科创50ETF平安,10.20873203,0
588480,科创创业人工智能ETF中金,2.17303583,0
588720,科创50ETF中银,1.89239675,0
159248,人工智能ETF万家,2.3301673,0
159108,工业软件ETF博时,1.12434462,0
159218,卫星ETF招商,26.84462584,0
588050,科创50ETF工银,114.33237595,0
588380,科创创业ETF富国,31.4798484,0
561310,消电ETF国泰,0.77316333,0
561410,光伏ETF工银,1.84463342,0
159778,工业互联网ETF鹏华,0.49104329,0
520980,港股通科技ETF汇添富,26.75085378,0
159123,光伏ETF嘉实,3.46622052,0
563230,卫星ETF富国,35.2434642,0
159864,光伏ETF国泰,3.39905328,0
588040,科创50ETF鹏华,2.44947631,0
588450,科创50增强ETF招商,1.38198354,0
159178,消费电子ETF汇添富,0.99904582,0
159783,科创创业50ETF华夏,57.43601056,0
563530,卫星ETF易方达,16.8248028,0
159997,电子ETF天弘,14.29712237,0
588660,科创创业50ETF兴银,0.68175632,0
588350,科创创业50ETF鹏扬,10.97796182,0
159658,数字经济ETF华安,0.70743845,0
560310,光伏ETF博时,1.38096036,0
588360,科创创业ETF国泰,2.59157942,0
588390,科创创业ETF博时,1.86272875,0
159777,创科技ETF国联安,0.31746923,0
517800,人工智能50ETF方正富邦,2.09935668,0
515880,通信ETF国泰,445.43328862,0
158008,新能源电池ETF华夏,2.29748338,0
159863,光伏ETF鹏华,1.63703689,0
562560,信息技术ETF华夏,0.5165492,0
159577,美国50ETF汇添富,14.03059528,0
159141,科创创业人工智能ETF永赢,17.38500486,0
159013,工业互联网ETF大成,0.42067934,0
159206,卫星ETF永赢,128.16725293,0
563790,卫星ETF鹏华,9.69151358,0
588310,科创创业ETF方正富邦,0.3517185,0
516230,光伏ETF招商,5.68455519,0
515070,人工智能ETF华夏,84.47395623,0
159597,创业板成长ETF易方达,8.68840166,0
159502,标普生物科技ETF嘉实,18.13571546,0
159071,新能源电池ETF华宝,0.98206479,0
159566,储能电池ETF易方达,41.36710266,0
159193,新能源电池ETF银华,1.97419215,0
159311,数字经济ETF易方达,0.5383295,0
515260,电子ETF华宝,7.3475973,0
159773,创业板科技ETF华泰柏瑞,1.87037922,0
159695,通信ETF嘉实,8.4128431,0
562570,信创ETF华夏,4.21602584,0
517130,云计算ETF嘉实,1.75636874,0
159099,云计算ETF华宝,1.02759061,0
159273,云计算ETF汇添富,9.76653846,0
159723,科技龙头ETF汇添富,0.30651007,0
159262,港股通科技ETF广发,45.14216549,0
158027,工业互联网ETF易方达,1.88314469,0
516260,物联网ETF华夏,0.61712097,0
517850,张江ETF汇添富,0.48266093,0
159095,云计算ETF银华,2.01600051,0
562030,信创ETF华宝,0.77074185,0
159857,光伏ETF天弘,15.35850462,0
159780,科创创业50ETF南方,38.84154279,0
515370,光伏ETF华夏,7.6066072,0
515050,通信ETF华夏,191.67129889,0
517230,云计算ETF永赢,1.4111851,0
159180,软件ETF银华,0.32890679,0
159305,储能电池ETF广发,9.38201279,0
159909,TMT50ETF招商,7.0100715,0
159738,云计算ETF华泰柏瑞,2.77429363,0
159676,创业板增强ETF富国,2.19347102,0
159675,创业板增强ETF嘉实,0.96778914,0
159012,科创创业50ETF鹏华,1.21197529,0
588330,双创50ETF华宝,13.28294473,0
513130,恒生科技ETF华泰柏瑞,331.78425466,0
516050,科技龙头ETF工银,2.21595324,0
560850,信创ETF汇添富,0.93153676,0
159120,港股通科技ETF国联安,1.41266542,0
159369,创业板50ETF易方达,6.46400469,0
159994,通信ETF银华,49.21316408,0
589280,科创增强ETF华宝,1.29612308,0
159991,创业板大盘ETF招商,0.8479239,0
159052,新能源电池ETF嘉实,1.63358208,0
159170,港股通互联网ETF永赢,3.14019788,0
517390,云计算ETF天弘,2.40851688,0
159075,工业互联网ETF华夏,1.54460857,0
159709,物联网ETF工银,0.36802195,0
560660,云计算50ETF新华,1.35005536,0
159851,金融科技ETF华宝,63.37472189,0
560230,光伏ETF富国,0.6415897,0
562930,软件ETF易方达,12.02236662,0
159739,云计算ETF鹏华,3.20819955,0
159511,通信ETF南方,3.56339204,0
159613,信息安全ETF嘉实,1.11706767,0
159680,中证1000增强ETF招商,17.56744851,0
159015,恒生港股通科技ETF国联,0.95234582,0
516630,云计算ETF华夏,7.30761912,0
159372,创业板50ETF万家,1.10851569,0
159527,云计算ETF广发,3.12017735,0
513850,美国50ETF易方达,24.51555855,0
563560,科技成长ETF兴业,0.69201411,0
159298,创业板50ETF大成,1.9403999,0
588320,双创50增强ETF广发,1.53240768,0
159371,创业板50ETF富国,3.19087146,0
159852,软件ETF嘉实,94.33996174,0
159948,创业板ETF南方,43.71616387,0
159941,纳指ETF广发,383.03722861,0
515400,大数据ETF富国,14.80610383,0
158012,云计算ETF南方,2.58933429,0
159531,中证2000ETF南方,13.83674425,0
159190,创业板新能源ETF天弘,0.60627231,0
159167,港股通医疗ETF工银,1.47760435,0
159373,创业板50ETF嘉实,2.3782328,0
515980,人工智能ETF华富,65.08457861,0
513890,恒生科技ETF摩根,7.55676544,0
563050,央企科技ETF易方达,2.09631673,0
159259,成长ETF易方达,95.5852967,0
560170,央企科技ETF南方,5.00967362,0
515230,软件ETF国泰,54.5109143,0
159977,创业板ETF天弘,68.84896156,0
159370,创50ETF工银,4.16489596,0
159663,机床ETF华夏,3.93455027,0
159821,创业板ETF中银证券,0.8378432,0
159270,创业板200ETF南方,1.02925978,0
159971,创业板ETF富国,21.9246394,0
516510,云计算ETF易方达,25.0093371,0
159890,云计算ETF招商,3.83035128,0
159741,恒生科技ETF嘉实,8.26272603,0
562860,疫苗ETF嘉实,2.12387015,0
562920,信息安全ETF易方达,0.86702928,0
515000,科技ETF华宝,41.2868034,0
159958,创业板ETF工银,4.97558468,0
513580,恒生科技ETF华安,33.36370062,0
159010,港股通科技ETF博时,1.78409117,0
159573,创业板200ETF华夏,1.13550931,0
159681,创业板50ETF鹏华,18.07717755,0
159387,创业板新能源ETF国泰,8.38314047,0
159507,通信ETF广发,7.55262593,0
516700,大数据ETF华宝,1.5848175,0
159205,创业板ETF东财,11.2655401,0
513100,纳指ETF国泰,215.48943788,0
159505,国证2000ETF博时,0.27726858,0
159367,创业板50ETF华夏,3.13339662,0
520670,港股通科技ETF嘉实,1.62746794,0
513150,港股通科技ETF华泰柏瑞,0.93118375,0
159261,创业板新能源ETF鹏华,0.6490882,0
520920,恒生科技ETF天弘,125.15762355,0
159682,创业板50ETF景顺,52.43683957,0
159949,创业板50ETF华安,253.12087983,0
512770,战略新兴ETF华夏,2.52646514,0
520570,恒生科技ETF南方,25.56460076,0
530530,上证580ETF华夏,1.5328236,0
562110,云计算50ETF东方红,2.19245295,0
159742,恒生科技ETF博时,35.44357716,0
159152,港股通科技ETF平安,6.18102848,0
159952,创业板ETF广发,115.26826784,0
159808,创100ETF融通,0.67445075,0
515580,科技100ETF华泰柏瑞,4.10158652,0
159572,创业板200ETF易方达,2.762747,0
562380,央企科技ETF银华,0.91875559,0
159035,软件ETF天弘,5.34287782,0
159375,创业板50ETF国泰,2.90997908,0
159915,创业板ETF易方达,678.04587824,0
159383,创业板50ETF华泰柏瑞,0.84455879,0
159964,创业板ETF平安,3.80518294,0
159957,创业板ETF华夏,26.30221723,0
560910,电池ETF华泰柏瑞,1.59102468,0
560790,软件ETF鹏华,1.76442544,0
159667,工业母机ETF国泰,22.33680627,0
515320,电子50ETF华安,1.34494607,0
159135,港股通科技ETF前海开源,4.71413918,0
159280,港股通互联网ETF汇添富,0.71524202,0
517350,沪港深科技ETF广发,0.4166801,0
560360,软件ETF万家,2.73608585,0
589120,科创创新药ETF汇添富,11.6166344,0
159036,软件开发ETF华宝,2.57352325,0
561780,1000增强ETF博时,0.27387452,0
159513,纳斯达克100ETF大成,86.07045714,0
159590,软件ETF汇添富,6.78274823,0
159836,创业板300ETF天弘,1.49683891,0
159247,创业板ETF汇添富,5.73342764,0
158041,创业板算力ETF华夏,3.0868724,0
158061,创业板算力ETF天弘,3.82056866,0
513260,恒生科技ETF汇添富,52.68486249,0
159290,创业板综指增强ETF东财,0.52271359,0
561910,电池ETF招商,33.03492137,0
520840,港股通恒生科技ETF华安,8.49582923,0
589720,科创创新药ETF国泰,47.43807452,0
159213,机器人ETF汇添富,5.45735739,0
561590,中证1000增强ETF华泰柏瑞,1.54279392,0
159586,计算机ETF南方,2.66024727,0
513310,中韩半导体ETF华泰柏瑞,120.97226719,0
159908,创业板ETF博时,11.5631509,0
159740,恒生科技ETF大成,142.19660609,0
159122,创业板新能源ETF富国,0.58164346,0
513870,纳指ETF富国,29.3009571,0
516860,金融科技ETF博时,12.53407836,0
159796,电池ETF汇添富,47.12761211,0
512460,电池ETF华夏,2.49339822,0
159563,创业板综ETF华夏,0.45547948,0
512100,中证1000ETF南方,199.98120071,0
159998,计算机ETF天弘,15.3367466,0
561010,软件ETF华安,2.49871176,0
520590,恒生科技ETF鹏华,1.94395545,0
513380,恒生科技ETF广发,91.20597233,0
159751,港股通科技ETF鹏华,7.61372446,0
159147,电池ETF南方,17.87690232,0
159187,创业板新能源ETF景顺,0.52941013,0
515920,智能消费ETF博时,0.71767029,0
588860,科创医药ETF工银,2.37543005,0
159076,创业板新能源ETF华宝,1.98946785,0
159810,创业板ETF浦银,0.77994197,0
159811,5GETF博时,2.22238903,0
159149,创业板新能源ETF工银,0.470463,0
159814,创业大盘ETF西部利得,3.66253556,0
513110,纳指ETF华泰柏瑞,55.53508435,0
513180,恒生科技ETF华夏,394.52546245,0
560630,机器人ETF万家,1.59568034,0
159875,新能源ETF嘉实,13.59562907,0
159968,中证500ETF博时,6.49787476,0
159551,机器人ETF国泰,3.51616769,0
159770,机器人ETF天弘,59.12720205,0
562520,中证1000成长ETF华夏,0.3114384,0
159292,创业板综增强ETF华宝,2.0883813,0
159009,创业板新能源ETF易方达,1.31020802,0
159677,中证1000增强ETF银华,0.44407575,0
563010,电信ETF易方达,2.12097407,0
516000,大数据ETF华夏,4.07832172,0
159633,中证1000ETF易方达,33.21895952,0
159526,机器人ETF嘉实,7.84733551,0
516090,新能源ETF易方达,7.89191987,0
510560,中证500ETF国寿,1.02596971,0
159289,创业板综指ETF鹏华,0.41975949,0
159571,创业板200ETF富国,0.2897363,0
159555,中证2000增强ETF银华,0.73358884,0
159632,纳斯达克ETF华安,125.16485673,0
159966,创业板价值ETF华夏,3.38738152,0
562500,机器人ETF华夏,172.96453875,0
159288,创业板综ETF银华,0.91068832,0
563300,中证2000ETF华泰柏瑞,56.33452866,0
588130,科创医药ETF华夏,4.60865947,0
159368,创业板新能源ETF华夏,6.2260688,0
159251,港股通科技ETF万家,1.78452629,0
159935,中证500ETF景顺,0.62986191,0
159160,电池ETF东财,2.12834471,0
159610,中证500增强ETF景顺,2.04185668,0
159679,中证1000增强ETF国泰,0.72318216,0
561160,电池ETF富国,15.68299145,0
159575,创业板200ETF银华,0.13372214,0
159077,电池ETF鑫元,0.29685619,0
510500,中证500ETF南方,445.5401995,0
561220,数字经济ETF工银,0.828954,0
159807,科技ETF易方达,8.4960123,0
159258,机器人ETF南方,14.13769073,0
159291,创业板综增强ETF招商,0.20268027,0
562360,机器人ETF银华,3.03779214,0
513980,港股科技ETF景顺,95.93487192,0
159175,电池ETF易方达,4.34068556,0
517950,沪深港科技50ETF交银,0.56840521,0
516100,金融科技ETF华夏,11.69037774,0
159660,纳指ETF汇添富,59.65474296,0
159069,创业板新能源ETF华泰柏瑞,0.40974082,0
561920,疫苗ETF招商,0.3500288,0
510580,中证500ETF易方达,47.46276276,0
530100,上证580ETF易方达,1.41455712,0
516850,新能源ETF华夏,1.25617583,0
158011,创业板软件ETF国泰,0.53461004,0
513020,港股科技ETF国泰,21.13727758,0
159086,金融科技ETF广发,0.2995842,0
510530,中证500ETF工银,4.1857839,0
159103,金融科技ETF汇添富,2.10195145,0
159256,创业板软件ETF华夏,4.75311743,0
159629,中证1000ETF富国,28.10127047,0
159792,港股通互联网ETF富国,334.44281825,0
512500,中证500ETF华夏,81.15798984,0
159337,中证500ETF东财,5.03698567,0
562880,电池ETF嘉实,6.29465919,0
158019,电池ETF永赢,2.49850648,0
159845,中证1000ETF华夏,79.81814048,0
159820,中证500ETF天弘,18.42002694,0
159521,国证2000ETF平安,0.23720217,0
159269,港股通科技ETF南方,12.10737292,0
563570,金融科技ETF兴业,0.73085418,0
159922,中证500ETF嘉实,89.04848738,0
159956,创业板ETF建信,1.0525517,0
159636,港股通科技30ETF工银,104.79398054,0
159533,中证2000ETF博时,0.28599477,0
159287,创业板综ETF博时,1.21073472,0
159678,500增强ETF博时,1.38083582,0
159389,数字经济ETF嘉实,2.49459136,0
513770,港股互联网ETF华宝,47.88585949,0
159568,港股互联网ETF博时,3.60205952,0
159628,国证2000ETF万家,4.64864264,0
560220,中证2000ETF广发,0.88464669,0
563200,中证2000ETF富国,0.80481563,0
560410,电池ETF鹏华,0.47717089,0
512430,家居家电ETF华泰柏瑞,0.3469312,0
159747,香港科技ETF南方,3.4961232,0
515730,家居家电ETF永赢,0.34226604,0
561550,中证500增强ETF华泰柏瑞,19.34020909,0
560010,中证1000ETF广发,60.36443292,0
159107,创业板软件ETF富国,5.61240796,0
159906,深成长ETF大成,2.31647657,0
159752,新能源ETF申万菱信,1.97800909,0
159743,湖北ETF博时,1.57948892,0
560300,电信ETF汇添富,0.64309264,0
512720,计算机ETF国泰,4.01950165,0
159299,金融科技ETF易方达,4.54572151,0
513300,纳斯达克ETF华夏,147.07639947,0
159918,中创400ETF嘉实,0.7343018,0
159696,纳指ETF易方达,60.74007618,0
159556,中证2000增强ETF平安,0.1573278,0
516300,中证1000ETF华泰柏瑞,1.266349,0
513010,恒生科技ETF易方达,255.27625068,0
159535,中证2000ETF嘉实,0.30730913,0
562660,中证2000ETF华夏,6.8104682,0
159106,民企300ETF前海开源,0.40648134,0
588700,科创医药ETF嘉实,4.52306794,0
158050,创业板算力ETF易方达,15.18815968,0
159155,电池ETF大成,5.82881124,0
518800,黄金ETF国泰,374.81524319,0
513560,香港科技ETF兴银,5.7655381,0
159786,VRETF银华,0.94940948,0
159552,中证2000增强ETF招商,15.64877317,0
563750,中证500ETF汇添富,3.91174524,0
159937,黄金ETF博时,426.73424855,0
159899,软件ETF招商,6.94814632,0
518850,黄金ETF华夏,180.00831564,0
515250,智能汽车ETF富国,3.13184714,0
510510,中证500ETF广发,22.05619216,0
560770,机器人ETF招商,15.49107963,0
561280,中证1000增强ETF工银,1.28442903,0
159385,数字经济ETF富国,0.84792555,0
520860,港股通科技ETF富国,2.59867231,0
159541,创业板综ETF万家,0.97535922,0
159191,港股通科技ETF易方达,0.6039764,0
560110,中证1000ETF汇添富,4.16328065,0
518600,金ETF广发,80.26038046,0
516160,新能源ETF南方,35.91190428,0
159982,中证500ETF鹏华,4.25250265,0
159830,金ETF天弘,34.37605342,0
159750,港股科技50ETF招商,10.48558206,0
518880,黄金ETF华安,1081.38097267,0
515190,中证500ETF中银证券,4.8515533,0
159934,黄金ETF易方达,377.83617433,0
510290,上证380ETF南方,1.44289585,0
560990,科技先锋ETF中金,0.18048617,0
159912,深300ETF汇添富,1.28684103,0
159659,纳斯达克100ETF招商,108.59042095,0
159293,创业板综增强ETF建信,0.24687917,0
563670,金融科技ETF鹏华,1.21077537,0
517520,黄金股ETF永赢,143.22488499,0
518660,黄金ETF工银,88.25252091,0
159831,金ETF嘉实,26.11398847,0
159656,沪深300成长ETF万家,2.6164328,0
588250,科创医药ETF鹏华,2.88246083,0
159961,深100ETF方正富邦,2.10932436,0
510590,中证500ETF平安,9.75337492,0
518890,上海金ETF中银,33.9479707,0
159901,深证100ETF易方达,37.38784578,0
516270,新能源ETF华安,1.78480773,0
510550,中证500ETF方正富邦,0.4755783,0
517400,黄金股ETF国泰,16.28474504,0
518680,金ETF富国,81.06095209,0
159943,深证成指ETF大成,3.24997182,0
159350,深证50ETF富国,1.69806617,0
560710,船舶ETF富国,15.9531134,0
159068,软件ETF华夏,0.58647146,0
516580,新能源ETF博时,0.82268007,0
159812,黄金ETF前海开源,14.92956894,0
515720,金融科技ETF富国,3.0416243,0
562310,沪深300成长ETF银华,4.34901485,0
560590,中证1000增强ETF鹏华,0.245637,0
159500,中证500ETF富国,2.50459828,0
159212,深100ETF南方,1.40770997,0
512510,中证500ETF华泰柏瑞,10.14171189,0
510570,中证500ETF兴业,0.62290659,0
513040,港股通互联网ETF易方达,58.23708148,0
159150,深证50ETF易方达,1.52092311,0
561350,中证500ETF国泰,1.28588,0
520630,港股通互联网ETF广发,3.7013053,0
159889,智能汽车ETF国泰,0.24822296,0
515440,A股ETF南方,1.48433404,0
159202,恒生互联网ETF万家,9.3205382,0
520650,港股通互联网ETF南方,13.90862059,0
159532,中证2000ETF易方达,2.48941802,0
159501,纳指ETF嘉实,144.47365386,0
513390,纳指100ETF博时,52.78816047,0
159219,深证100ETF融通,0.13722572,0
159226,中证A500增强ETF国泰,1.06211783,0
159040,港股通互联网ETF鹏华,0.3287086,0
159834,金ETF南方,22.7822598,0
518860,上海金ETF建信,42.52096008,0
159907,国证2000ETF广发,1.94071103,0
159101,港股通科技ETF华夏,20.20640954,0
159379,A500ETF融通,2.12979593,0
159688,恒生互联网ETF华安,10.10108828,0
513090,香港证券ETF易方达,179.21616585,0
159903,深成ETF南方,7.78011881,0
159179,港股通互联网ETF工银,0.79544458,0
159706,深证100ETF华安,0.3634812,0
512660,军工ETF国泰,78.47492874,0
515750,科技50ETF富国,5.33345562,0
513860,港股通科技ETF海富通,15.10827364,0
530380,上证380ETF易方达,1.49118435,0
513290,纳指生物科技ETF汇添富,18.72900601,0
560950,中证500增强ETF汇添富,0.1860654,0
159861,碳中和50ETF国泰,0.98615772,0
515360,沪深300ETF方正富邦,2.4869021,0
159559,机器人ETF景顺,22.33003146,0
159729,互联网ETF汇添富,0.44128778,0
520910,港股通互联网ETF华夏,4.5008478,0
517360,沪港深科技ETF华安,0.21790692,0
520740,港股通互联网ETF华安,0.38710836,0
512580,环保ETF广发,6.09690088,0
159562,黄金股ETF华夏,58.58440174,0
159645,疫苗ETF富国,0.41585363,0
159203,大盘成长ETF博时,0.12964493,0
159078,A股ETF富国,1.56724925,0
560100,中证500增强ETF南方,0.9348712,0
159888,智能汽车ETF华夏,0.71220975,0
515200,创新100ETF申万菱信,0.96502771,0
159993,证券ETF鹏华,36.577014,0
159804,创中盘88ETF国寿,0.25725676,0
516380,智能电动车ETF华宝,0.71555484,0
512020,A500ETF鹏华,14.01416185,0
560860,工业有色ETF万家,82.65132721,0
515530,中证500ETF泰康,0.59606666,0
515860,科技ETF嘉实,2.15737053,0
158022,创业板综增强ETF国联,2.0474215,0
159716,深证100ETF华宝,0.60231404,0
589550,科创价值ETF华夏,0.36331422,0
159655,标普500ETF华夏,44.70690657,0
159721,深证100ETF永赢,0.6878033,0
515940,电网设备ETF南方,1.35325371,0
159216,深证100ETF大成,0.15754805,0
159536,中证2000ETF汇添富,0.67442288,0
516320,高端装备ETF华夏,0.7849012,0
159543,国证2000ETF工银,0.63801185,0
159523,沪深300成长ETF华夏,0.9064689,0
159128,港股科技ETF天弘,13.11318703,0
513330,恒生互联网ETF华夏,259.45667748,0
561370,中证2000ETF国泰,0.46819132,0
513320,港股通新经济ETF易方达,0.93922939,0
562870,证券ETF嘉实,5.31763175,0
516520,智能驾驶ETF华泰柏瑞,8.04468828,0
159692,证券ETF东财,17.2630713,0
159686,A100ETF易方达,0.95148309,0
561950,中证500增强ETF招商,1.00368996,0
159638,航空航天ETF嘉实,11.92421858,0
516610,医疗设备ETF大成,0.97383466,0
159049,有色ETF工银,0.33085193,0
159886,机械ETF富国,0.65129189,0
159048,机器人ETF大成,1.64866881,0
512970,大湾区ETF平安,0.0880776,0
159168,有色ETF富国,4.36861702,0
512880,证券ETF国泰,601.18240204,0
520790,港股通互联网ETF兴业,5.09464981,0
159902,中小100ETF华夏,3.40026586,0
515810,中证800ETF易方达,4.67389507,0
520530,港股通科技ETF东财,1.98199056,0
561090,A500增强ETF华安,2.53228644,0
159565,汽车零部件ETF易方达,1.68219601,0
561300,沪深300增强ETF国泰,5.92610769,0
159032,工业有色ETF易方达,2.27501871,0
159278,机器人ETF鹏华,18.752291,0
563030,中证500增强ETF易方达,1.99273823,0
159169,恒生生物科技ETF广发,1.26874485,0
159970,深100ETF工银,0.12293241,0
512400,有色金属ETF南方,246.29973784,0
561130,国货ETF富国,0.84354876,0
159883,医疗器械ETF永赢,38.7729233,0
159795,智能汽车ETF汇添富,0.24253916,0
159361,A500ETF易方达,273.17543261,0
159612,标普500ETF国泰,10.475379,0
561890,A股ETF易方达,0.36365388,0
159283,通用航空ETF南方,2.47484104,0
560380,A100ETF南方,1.73540752,0
159322,黄金股ETF平安,1.95373054,0
159530,机器人ETF易方达,162.51965038,0
562910,高端制造ETF易方达,2.37388928,0
159211,深证100ETF富国,0.27320412,0
563330,A股ETF华泰柏瑞,1.49883781,0
159755,电池ETF广发,68.20996286,0
515040,工业有色ETF华夏,0.55297353,0
561880,A100ETF华富,1.04979916,0
159620,中证500成长ETF华夏,0.36222181,0
515550,中证500ETF国联,0.35584629,0
159162,工业有色ETF鹏华,3.42501511,0
159881,有色金属ETF国泰,1.69399266,0
159157,有色金属ETF天弘,65.53513856,0
159975,深100ETF招商,0.38122316,0
159058,证券ETF大成,0.7343066,0
159386,A500ETF永赢,0.88105514,0
516780,稀土ETF华泰柏瑞,18.91525553,0
512680,军工ETF广发,36.36904694,0
159039,机器人ETF华安,9.59534983,0
512810,军工ETF华宝,6.42152115,0
512900,证券ETF南方,77.5651476,0
512370,A500增强ETF华夏,3.57080419,0
512050,A500ETF华夏,190.92762838,0
563800,A500ETF广发,107.62777745,0
515800,中证800ETF汇添富,48.1832037,0
159627,A100ETF华夏,0.19152955,0
159652,有色ETF汇添富,27.4161597,0
513930,恒生生物科技ETF华泰柏瑞,0.886284,0
159690,有色矿业ETF招商,5.06287306,0
159356,A500ETF万家,9.11621575,0
515030,新能源车ETF华夏,21.78424152,0
159132,恒生生物科技ETF富国,1.12832542,0
159321,黄金股ETF华安,7.07991034,0
520850,港股通医疗ETF易方达,1.39303886,0
563860,中证A500ETF海富通,2.34954926,0
560090,证券ETF汇添富,26.48303919,0
561200,中证A100ETF工银,0.45065756,0
159125,港股通科技ETF招商,5.7220745,0
159637,新能源车ETF东财,5.02654912,0
516150,稀土ETF嘉实,62.45047833,0
562600,医疗器械ETF华夏,3.4375218,0
159260,证券ETF博时,8.6689227,0
159353,中证A500ETF景顺,52.259115,0
159360,A500ETF天弘,16.37148779,0
159050,机器人ETF广发,5.36657519,0
560690,电信ETF鹏华,0.43461107,0
515160,MSCI中国ETF招商,3.91060025,0
510810,上海国企ETF汇添富,48.25290732,0
159008,证券ETF景顺,1.29215117,0
512190,浙商之江凤凰ETF,5.9228244,0
513720,港股互联网ETF国泰,1.53525708,0
159973,民企ETF弘毅远方,3.6955643,0
159728,在线消费ETF南方,0.36890799,0
159871,有色ETF银华,10.46470144,0
159066,A股ETF建信,1.87122584,0
560490,工业有色ETF华泰柏瑞,0.99911922,0
159553,中证2000增强ETF海富通,0.28477103,0
159315,黄金股ETF工银,3.10886176,0
159257,航空ETF汇添富,1.24893657,0
159053,稀有金属ETF华夏,1.4143461,0
515850,证券ETF富国,8.6498834,0
159062,稀有金属ETF南方,0.91756071,0
515630,证券保险ETF鹏华,11.68690596,0
159352,A500ETF南方,331.07592713,0
159671,稀有金属ETF工银,11.3256468,0
159824,新能源车ETF博时,0.83966421,0
159916,基本面ETF建信,2.10330195,0
560510,中证A500ETF泰康,29.69291441,0
563550,A500增强ETF摩根,0.9944875,0
159255,通用航空ETF易方达,0.56786071,0
159378,通用航空ETF永赢,6.7861468,0
159272,机器人ETF富国,29.17305774,0
159876,有色ETF华宝,15.07636826,0
159766,旅游ETF富国,30.89025852,0
159840,锂电池ETF工银,13.12766567,0
560390,电网设备ETF易方达,17.07486912,0
159576,深证100ETF广发,0.76004322,0
516590,智能汽车ETF易方达,0.5295127,0
563600,A500增强ETF易方达,0.68344524,0
563650,中证A500ETF兴业,1.78108976,0
159357,A500ETF博时,15.48107641,0
159335,央企科创ETF融通,0.95997366,0
513620,港股医疗ETF银华,0.6239976,0
562340,中证500成长ETF银华,0.11638205,0
515640,家电ETF华夏,0.161975,0
563360,A500ETF华泰柏瑞,391.95925995,0
159913,深价值ETF交银,0.53144669,0
159326,电网设备ETF华夏,188.04952224,0
159856,互联网龙头ETF工银,1.91890354,0
517200,互联网ETF嘉实,0.80933138,0
159351,A500ETF嘉实,86.137597,0
516650,有色金属ETF华夏,93.62294682,0
562510,旅游ETF华夏,6.46536609,0
159029,有色ETF广发,2.65843003,0
516980,证券先锋ETF华富,0.56642124,0
520510,港股通医疗ETF华夏,3.21004152,0
560530,中证A500ETF摩根,47.49245564,0
159183,新能源车ETF招商,0.41007459,0
159841,证券ETF天弘,118.3295901,0
159557,恒生医疗ETF嘉实,1.8191821,0
159703,新材料ETF天弘,0.53080163,0
159339,A500ETF银华,21.78739826,0
159239,港股通汽车ETF富国,0.79983704,0
515700,新能源车ETF平安,11.89287559,0
159163,有色ETF泰康,1.93309119,0
512560,军工ETF易方达,6.65852716,0
515560,证券ETF建信,1.85156801,0
159757,电池ETF景顺,1.85624212,0
159713,稀土ETF富国,6.23791383,0
561380,电网设备ETF国泰,45.02328821,0
515010,证券ETF华夏,25.56689994,0
561770,A100ETF博时,0.4340655,0
159016,证券ETF广发,3.42123477,0
560500,500质量成长ETF鹏扬,4.12706543,0
159137,港股通医疗ETF华宝,1.64112322,0
159657,疫苗ETF鹏华,0.91880536,0
159377,创业板医药ETF国泰,1.21774976,0
159806,新能源车ETF国泰,5.63964852,0
515380,沪深300ETF泰康,35.27650176,0
510770,G60创新ETF申万菱信,0.18200184,0
515590,500等权ETF前海开源,0.64577234,0
516960,机械ETF国泰,0.13177953,0
159685,1000增强ETF天弘,0.31838499,0
563880,A500ETF汇添富,18.4534355,0
561330,矿业ETF国泰,16.8305116,0
159578,深证主板50ETF南方,0.23138647,0
563220,A500ETF富国,78.33618985,0
159877,医疗ETF南方,1.19656354,0
159102,港股通生物科技ETF华安,5.1802126,0
159842,券商ETF银华,90.27162006,0
159056,医疗器械ETF富国,0.57992292,0
560610,A500ETF招商,61.39574533,0
512160,MSCI中国A股ETF南方,1.80984256,0
561990,沪深300增强ETF招商,3.36322446,0
159791,300ESGETF华夏,0.31497265,0
159359,A500ETF华安,8.60420102,0
512870,杭州湾区ETF南华,0.32226443,0
561390,稀有金属ETF平安,0.81518493,0
512000,券商ETF华宝,363.75774228,0
563320,通用航空ETF华泰柏瑞,1.83465064,0
159880,有色ETF鹏华,12.18320312,0
159848,证券ETF国联安,1.32035063,0
512060,A100ETF天弘,0.10508256,0
515910,质量ETF中金,1.51317718,0
159606,中证500成长ETF易方达,5.61900823,0
159045,稀有金属ETF大成,1.35352632,0
562000,A100ETF华宝,3.48529888,0
159506,港股通创新药医疗ETF富国,32.17574275,0
516830,沪深300ESGETF富国,0.93190846,0
159923,中证A100ETF大成,0.19546634,0
561830,有色ETF国泰海通,1.70353981,0
159608,稀有金属ETF广发,34.29334235,0
512290,生物医药ETF国泰,32.48389297,0
159240,A500增强ETF天弘,0.22465214,0
159873,医疗设备ETF天弘,2.5233288,0
159227,航空航天ETF华夏,44.47618924,0
159249,A500增强ETF工银,1.52777702,0
159171,工业有色ETF博时,1.68707425,0
560470,有色ETF易方达,2.5687074,0
159338,中证A500ETF国泰,253.23011717,0
159362,A500ETF工银,20.69710186,0
159055,稀有金属ETF富国,1.11451387,0
159376,A500ETF浦银,0.63501167,0
159358,中证A500ETF大成,11.37147809,0
159715,稀土ETF易方达,4.88664965,0
159745,建材ETF国泰,6.67791213,0
159661,A100ETF嘉实,0.29415791,0
159631,A100ETF招商,0.47671117,0
561800,稀有金属ETF华富,1.99041494,0
159230,通用航空ETF华夏,2.86372055,0
560290,有色ETF景顺,3.00393178,0
560750,A500ETF申万菱信,0.98750124,0
513000,日经225ETF易方达,24.14154162,0
159761,新材料ETF国泰,1.51693814,0
561250,稀有金属ETF鹏华,0.58200608,0
560400,证券ETF华泰柏瑞,1.67164294,0
159687,亚太精选ETF南方,30.83996728,0
526070,恒指港股通ETF博时,0.50700936,0
158028,稀有金属ETF招商,1.97933073,0
159320,电网设备ETF广发,10.32729845,0
513650,标普500ETF南方,89.07100052,0
159615,恒生生物科技ETF南方,3.67786691,0
562800,稀有金属ETF嘉实,51.64061511,0
513220,中概互联ETF招商,4.72687373,0
513880,日经225ETF华安,28.1768625,0
560870,工业有色ETF中银,0.81211839,0
516390,新能源车ETF汇添富,1.510088,0
561660,通用航空ETF平安,0.5638335,0
159630,A100ETF汇添富,0.17428166,0
563500,A500ETF华宝,4.75660355,0
512570,证券ETF易方达,43.1238488,0
159763,新材料ETF建信,0.65729793,0
159380,A500ETF东财,2.06354181,0
159767,电池龙头ETF兴银,1.80298928,0
515090,可持续发展ETF博时,0.11811881,0
515130,沪深300ETF博时,1.47949138,0
159208,航空航天ETF万家,3.2054903,0
520760,恒生生物科技ETF摩根,1.28378544,0
159643,疫苗ETF国泰,1.48421765,0
512740,汽车零部件ETF广发,1.67859619,0
159057,医疗器械ETF鹏华,0.25329604,0
520730,港股通汽车ETF万家,0.86683968,0
517050,互联网ETF华泰柏瑞,2.2003397,0
562700,汽车零部件ETF华夏,1.14954,0
515660,沪深300ETF国联安,24.93996754,0
510390,沪深300ETF平安,7.1432765,0
561050,稀有金属ETF易方达,1.91265,0
512710,军工龙头ETF富国,70.4691334,0
561180,A100ETF富国,0.63450678,0
563520,沪深300ETF永赢,5.28268644,0
159775,电池ETF建信,4.99880443,0
158003,港股通医疗ETF嘉实,0.70072322,0
512250,A50ETF招商,1.41128118,0
560970,工业有色ETF平安,0.62708166,0
561730,A股ETF华夏,0.63124589,0
159601,A50ETF华夏,15.30002936,0
159960,恒生中国企业ETF平安,0.46956387,0
516360,新材料ETF华宝,0.62167318,0
512990,MSCIA股ETF华夏,1.95389016,0
563870,通用航空ETF鹏华,0.66321104,0
510300,沪深300ETF华泰柏瑞,1085.98384043,0
510370,沪深300ETF兴业,0.88479713,0
513050,中概互联网ETF易方达,352.42008762,0
159215,A500ETF平安,12.2890315,0
512910,A100ETF广发,1.66961894,0
516200,证券ETF华安,4.56571644,0
159910,基本面120ETF嘉实,1.9043541,0
516710,新材料ETF华夏,0.5458992,0
159303,恒生医疗ETF大成,1.135309,0
515680,央企创新ETF嘉实,18.37339644,0
159607,中概互联网ETF嘉实,10.14068048,0
159717,ESGETF鹏华,0.31102139,0
512360,MSCIA股ETF平安,0.48087014,0
513280,恒生生物科技ETF汇添富,3.87817037,0
512090,MSCIA股ETF易方达,6.14148431,0
517300,沪港深300ETF国寿,9.3426895,0
159105,恒生生物科技ETF易方达,1.65696605,0
512380,MSCI中国ETF银华,1.15688098,0
510330,沪深300ETF华夏,397.09240306,0
159393,沪深300ETF万家,4.80795939,0
159392,航空ETF富国,1.68349085,0
159800,中证800ETF鹏华,0.37404786,0
158009,航空航天ETF南方,0.3253465,0
563660,A500ETF银河,0.81152626,0
159130,恒生生物科技ETF鹏华,1.85195266,0
510320,沪深300ETF中金,7.84868387,0
516750,建材ETF富国,0.78768692,0
516720,ESGETF浦银,0.08864552,0
159797,医疗器械ETF汇添富,2.56732904,0
159720,智能车ETF泰康,0.30373593,0
510350,沪深300ETF工银,32.64759617,0
159517,中证800增强ETF银华,0.11566492,0
516890,新材料ETF平安,0.26907287,0
515390,沪深300ETF华安,25.45421816,0
563090,上证50增强ETF易方达,0.79750944,0
513060,恒生医疗ETF博时,48.28029563,0
512650,长三角ETF汇添富,0.46751861,0
563930,上证增强ETF招商,0.27025152,0
563630,A500增强ETF国联安,0.47623611,0
159241,航空航天ETF天弘,13.56808357,0
510760,上证指数ETF国泰,44.58007471,0
563380,航空航天ETF华泰柏瑞,7.6938885,0
561120,家电ETF富国,0.35087235,0
159898,医疗器械ETF招商,4.27581637,0
513900,港股通100ETF华安,0.8682877,0
159309,油气ETF汇添富,9.47517196,0
510360,沪深300ETF广发,31.99819862,0
159673,沪深300ETF鹏华,23.18272349,0
562810,上证指数增强ETF嘉实,0.55671111,0
159925,沪深300ETF南方,28.21027122,0
159602,中国A50ETF南方,4.31242778,0
159176,家电ETF华宝,0.18975184,0
517080,沪港深500ETF汇添富,1.65613514,0
159121,港股通汽车ETF易方达,1.04907015,0
520940,港股通恒生ETF华安,0.21940248,0
520930,恒生生物科技ETF国泰,1.49220141,0
512070,证券保险ETF易方达,129.9074763,0
561810,医疗器械ETF华泰柏瑞,0.51585632,0
510310,沪深300ETF易方达,504.70541414,0
561760,油气ETF博时,2.2272327,0
159231,通用航空ETF华宝,1.61256285,0
513500,标普500ETF博时,275.95459791,0
159837,生物科技ETF易方达,14.67749499,0
159186,港股通汽车ETF鹏华,0.61586387,0
512940,有色ETF华安,17.23207301,0
513600,恒生指数ETF南方,16.33922172,0
159051,医疗器械ETF易方达,0.84202012,0
159954,恒生中国企业ETF南方,1.68469365,0
516970,基建ETF广发,11.98524033,0
159919,沪深300ETF嘉实,303.14967021,0
159300,沪深300ETF富国,17.18926093,0
159892,恒生医药ETF华夏,42.16844255,0
510210,上证指数ETF富国,149.08363603,0
517030,沪港深300ETF易方达,0.93536854,0
159330,沪深300ETF东财,6.32670227,0
159237,港股汽车ETF工银,0.34206055,0
515330,沪深300ETF天弘,81.04861707,0
562010,绿色能源ETF华宝,0.14767051,0
159996,家电ETF国泰,6.54052555,0
515350,沪深300ETF民生加银,0.7179799,0
159028,港股汽车ETF天弘,0.95149148,0
159156,电池ETF万家,1.89335305,0
159182,家电ETF南方,0.31692324,0
561930,沪深300ETF招商,2.88943106,0
561750,A50ETF博时,0.69613472,0
520950,港股通50ETF摩根,2.8510449,0
512520,MSCI中国ETF华泰柏瑞,0.65151554,0
512180,MSCIA股ETF建信,0.80288208,0
515310,沪深300ETF汇添富,4.46911232,0
512960,央企结构调整ETF博时,56.1477868,0
526010,港股通医疗ETF汇添富,0.40073236,0
512260,中证500低波动ETF华安,0.38494681,0
562300,碳中和ETF银华,0.3924686,0
560560,碳中和ETF泰康,0.44079383,0
516560,养老ETF华宝,1.58645146,0
159312,恒指港股通ETF广发,0.37251352,0
510200,上证券商ETF汇安,1.69788096,0
513660,恒生ETF华夏,26.17128305,0
510660,医药ETF华夏,1.22271532,0
510380,沪深300ETF国寿,19.10656671,0
561000,沪深300增强ETF华安,0.638976,0
159318,恒指港股通ETF银华,0.1742371,0
561900,沪深300ESGETF招商,0.25307358,0
159828,医疗ETF国泰,19.6290593,0
516730,证券ETF浦银,2.17578687,0
516500,生物科技ETF华夏,1.31405122,0
563280,A50增强ETF富国,0.07211141,0
512080,A500ETF中金,9.94241458,0
159605,中概互联ETF广发,32.72318759,0
530180,上证180ETF易方达,0.7578312,0
159793,线上消费ETF平安,0.32026422,0
512030,中证A50增强ETF易方达,0.4661272,0
560050,中国A50ETF汇添富,23.04729677,0
513520,日经ETF华夏,24.54955395,0
560880,家电ETF广发,2.83663052,0
560120,中证500现金流ETF华夏,6.75651163,0
517380,创新药ETF天弘,24.48430295,0
510910,上证指数ETF南方,1.6836008,0
159550,互联网ETF东财,1.51869877,0
159267,航天ETF华安,21.48739319,0
159725,线上消费ETF工银,0.85555367,0
159790,碳中和ETF华夏,10.38528797,0
515900,央企创新ETF博时,36.57159332,0
159390,中证A50ETF国联,1.31996675,0
159712,港股通50ETF国泰,1.02497585,0
159870,化工ETF鹏华,125.94367553,0
517010,沪港深500ETF易方达,0.85724187,0
517000,沪港深500ETF银华,1.20951105,0
159758,红利质量ETF华夏,14.00445572,0
510670,上证180ETF华夏,1.72509619,0
563000,中国A50ETF易方达,16.23743117,0
158013,航空航天ETF易方达,0.60731751,0
530300,上证180ETF华泰柏瑞,0.41078103,0
159866,日经ETF工银,20.18245599,0
530060,上证指数ETF易方达,9.26472236,0
159944,材料ETF广发,0.45705663,0
512670,国防ETF鹏华,16.1574295,0
562530,中证1000价值ETF华夏,1.79688272,0
159129,化工ETF嘉实,11.5651235,0
520820,恒指港股通ETF汇添富,0.53283256,0
512170,医疗ETF华宝,242.50778419,0
515460,红利质量ETF南方,2.48132089,0
159109,恒生50ETF景顺,4.44856593,0
516770,游戏ETF华泰柏瑞,2.72694528,0
513210,恒生ETF易方达,0.58634856,0
159787,建材ETF易方达,0.76928417,0
159126,港股通50ETF南方,2.09407222,0
563350,A50ETF华泰柏瑞,2.47316702,0
159980,有色ETF大成,66.57904482,0
562070,沪深300指增ETF华宝,5.7498597,0
510140,上证综指ETF华夏,0.85727415,0
159822,新经济ETF银华,1.70257965,0
159133,化工ETF天弘,16.29530598,0
512980,传媒ETF广发,41.33210977,0
520720,港股汽车ETF国泰,0.94615632,0
159736,食品饮料ETF天弘,43.57191945,0
513750,港股通非银ETF广发,118.42494935,0
530580,上证180ETF南方,0.61333946,0
159192,家电ETF汇添富,0.16925828,0
516060,创新药ETF工银,1.77674646,0
159271,恒生ETF鹏华,2.17746367,0
560180,沪深300ESGETF南方,0.1825551,0
516010,游戏ETF国泰,25.03862905,0
517330,长江保护ETF易方达,17.24138065,0
159711,港股通50ETF华夏,0.39726565,0
159974,央企创新ETF富国,0.73583981,0
513200,港股通医药ETF易方达,8.97030432,0
515600,央企创新ETF广发,17.25638482,0
159697,石油ETF鹏华,13.03201018,0
159869,游戏ETF华夏,82.88008612,0
159776,港股医药ETF银华,0.94367674,0
158032,化工ETF景顺,2.26414739,0
513990,港股通ETF招商,0.46956,0
159839,生物医药ETF汇添富,9.81388336,0
530080,上证180ETF天弘,0.27889989,0
159323,港股通汽车ETF华夏,1.21594651,0
510850,上证50ETF工银,1.67201612,0
562330,中证500价值ETF银华,0.14602964,0
158010,医疗ETF嘉实,3.28816619,0
159136,A50ETF广发,1.07663449,0
560260,医疗ETF广发,14.8061864,0
516930,生物科技ETF民生加银,0.53696683,0
516190,传媒ETF华夏,1.10141223,0
159528,国企改革ETF富国,0.09041155,0
159891,医疗ETF建信,1.33543262,0
159849,生物科技ETF招商,0.78029826,0
520500,恒生创新药ETF华泰柏瑞,25.94598836,0
512150,富时A50ETF汇安,0.33815331,0
159117,港股通红利低波ETF鹏华,0.59917944,0
515210,钢铁ETF国泰,10.67701297,0
515120,创新药ETF广发,109.31114067,0
159805,传媒ETF鹏华,3.2798328,0
512950,央企改革ETF华夏,60.88081818,0
516790,医疗ETF华泰柏瑞,0.92359064,0
530680,上证180ETF兴业,1.18737253,0
512550,富时A50ETF嘉实,1.9439721,0
520780,港股通汽车ETF华宝,0.3103282,0
516660,新能源车ETF华安,1.4349699,0
159653,ESG300ETF国联安,0.61553543,0
520970,港股通创新药ETF嘉实,11.23312916,0
561230,中证A50ETF工银,6.00569806,0
517110,创新药ETF国泰,9.70539024,0
560160,食品ETF易方达,0.98874108,0
159592,A50ETF银华,7.68921776,0
510180,上证180ETF华安,172.84793043,0
530050,上证50ETF东财,1.54616649,0
159859,生物医药ETF天弘,42.08370905,0
159622,创新药ETF东财,12.03178988,0
159920,恒生ETF华夏,82.78664098,0
159850,恒生国企ETF华夏,3.26483251,0
520560,香港大盘30ETF华宝,4.81683273,0
159843,食品饮料ETF招商,3.21343767,0
530800,上证180ETF银华,0.21605537,0
562890,A50ETF嘉实,3.64004249,0
517160,长江保护ETF南方,17.20824409,0
159858,创新药ETF南方,6.74038464,0
159862,食品饮料ETF银华,1.62603333,0
159508,生物医药ETF华安,0.73371468,0
159591,A50ETF富国,4.38081988,0
520600,港股通汽车ETF广发,2.525746,0
516070,低碳ETF易方达,1.62463424,0
515960,医药ETF嘉实,1.95113415,0
159847,医疗ETF易方达,16.14090922,0
512690,酒ETF鹏华,132.34015135,0
515770,MSCI中国A股ETF摩根,0.59177311,0
513550,港股通50ETF华泰柏瑞,18.01809216,0
159623,成渝经济圈ETF博时,30.02180828,0
516020,化工ETF华宝,28.95582469,0
159872,智能网联汽车ETF鹏华,0.48922279,0
159748,创新药ETF富国,11.1795185,0
159365,恒指港股通ETF富国,0.44916013,0
512600,消费ETF嘉实,9.52683882,0
563760,全指现金流ETF中银,7.9652261,0
158006,化工ETF博时,0.42099,0
159148,石油ETF富国,2.16815802,0
517770,游戏传媒ETF浦银,1.60968995,0
517170,沪港深500ETF华夏,0.15841428,0
512240,A50ETF鹏华,0.25921948,0
561620,化工ETF华泰柏瑞,0.31219368,0
510980,上证指数ETF汇添富,9.57396412,0
510130,上证中盘ETF易方达,2.29243013,0
563830,全指现金流ETF博时,1.44621312,0
159316,港股通创新药ETF易方达,59.85378144,0
561870,现金流全指ETF华富,1.00038155,0
512130,全指现金流ETF鹏华,0.13405665,0
159238,沪深300增强ETF景顺,0.6897867,0
159025,家电ETF华安,0.57703306,0
517100,沪港深500ETF富国,1.42309681,0
159760,医疗健康ETF泰康,0.75577687,0
159730,家电ETF博时,0.42911911,0
560060,碳中和ETF汇添富,0.6510303,0
513120,港股创新药ETF广发,228.08048645,0
561080,全指现金流ETF华安,0.27742,0
560680,消费ETF广发,2.38537981,0
159236,自由现金流ETF工银,0.44724096,0
516620,影视ETF国泰,1.84914783,0
159232,自由现金流ETF南方,24.06693278,0
510060,央企ETF工银,0.92082533,0
510100,上证50ETF易方达,28.84346365,0
520880,港股通创新药ETF华宝,19.49741649,0
563620,全指现金流ETF兴业,0.52835715,0
159788,港股通100ETF易方达,0.83594433,0
560370,红利质量ETF易方达,1.92779424,0
159189,石油ETF华夏,0.94554454,0
159519,港股国企ETF国泰,1.00826454,0
159640,碳中和龙头ETF工银,0.52783465,0
510990,180ESGETF工银,0.40662338,0
563780,现金流全指ETF方正富邦,2.78037059,0
159718,港股医药ETF平安,1.64162542,0
516910,物流ETF富国,0.70002727,0
560900,创新药ETF摩根,1.90560221,0
515760,浙江国资ETF华夏,1.28478487,0
561190,碳中和ETF富国,1.75339426,0
159018,石油ETF广发,0.23313783,0
560550,碳中和ETF广发,1.11979244,0
510680,上证50ETF万家,0.62603407,0
510170,大宗商品ETF国联安,4.2306081,0
520680,港股通汽车ETF南方,0.5576044,0
159017,石油ETF工银,1.37785498,0
159510,沪深300价值ETF华夏,0.77395347,0
510600,上证50ETF申万菱信,0.48597112,0
530000,上证50ETF天弘,12.85020201,0
159855,影视ETF银华,1.37503179,0
515170,食品饮料ETF华夏,39.31460355,0
159641,碳中和ETF招商,0.81929668,0
159689,消费ETF南方,0.52339924,0
159588,石油ETF景顺,5.34030371,0
159931,金融地产ETF汇添富,0.32369659,0
561500,漂亮50ETF华泰柏瑞,0.42096831,0
159210,港股通汽车ETF汇添富,0.38556097,0
513700,港股通医药ETF鹏华,4.87174672,0
159596,A50ETF华宝,3.30225364,0
159529,标普消费ETF景顺,10.20913274,0
510710,上证50ETF博时,4.45467276,0
560810,央企ESGETF融通,2.27666624,0
159938,医药ETF广发,45.62940645,0
159306,汽车零部件ETF平安,0.23836459,0
159976,湾创ETF工银,1.09332715,0
159835,创新药ETF建信,2.47862685,0
515710,食品饮料ETF华宝,11.38796706,0
510950,上证50ETF广发,1.08813305,0
515970,工程机械ETF华夏,3.62055104,0
510040,上证180ETF鹏华,0.303196,0
510150,消费ETF招商,13.81512339,0
159621,ESGETF国泰,0.16426708,0
513400,道琼斯ETF鹏华,39.25585344,0
159593,中证A50ETF平安,24.64259391,0
159666,交通运输ETF华夏,1.03260411,0
159595,中证A50ETF大成,12.8734028,0
159093,化工ETF汇添富,0.26307929,0
560820,中证A50ETF新华,0.47719716,0
516080,创新药ETF易方达,34.20530574,0
159235,中证现金流ETF大成,22.47580871,0
516120,化工ETF富国,40.53036111,0
159617,中证500价值ETF华夏,0.4060854,0
513780,港股创新药ETF景顺,29.87515831,0
159726,港股通红利ETF华夏,3.16863717,0
510020,超大盘ETF博时,1.38480824,0
159992,创新药ETF银华,163.13546289,0
510900,恒生中国企业ETF易方达,32.35386167,0
159201,自由现金流ETF华夏,153.71699853,0
159885,碳中和ETF鹏华,1.69984167,0
561490,红利质量ETF财通,0.77786563,0
159328,家电ETF易方达,1.94401958,0
516550,农业ETF嘉实,1.8085945,0
512040,价值ETF富国,55.69555658,0
561570,油气ETF华泰柏瑞,1.00140036,0
159647,中药ETF鹏华,8.79518961,0
513140,港股通金融ETF华泰柏瑞,1.34949696,0
560330,沪深300价值ETF申万菱信,0.1988829,0
560350,中证A50ETF摩根,10.08019882,0
513170,恒生央企ETF鹏华,2.46427632,0
560930,电力ETF易方达,1.73089192,0
562580,可选消费ETF华夏,0.41223688,0
510050,上证50ETF华夏,231.75746182,0
520690,港股创新药ETF博时,4.57610426,0
159276,现金流ETF汇添富,5.97520265,0
159639,碳中和ETF南方,1.83164444,0
520960,恒指港股通ETF嘉实,0.45037026,0
520700,港股通创新药ETF万家,7.45098816,0
159199,石油ETF平安,0.54427895,0
517990,沪港深医药ETF招商,0.40929231,0
562990,碳中和ETF易方达,3.44513472,0
513030,德国ETF华安,18.92733817,0
561360,石油ETF国泰,18.9798756,0
159825,农业ETF富国,17.14400663,0
159151,食品ETF华夏,1.70043369,0
159619,基建ETF国泰,0.68607621,0
159209,红利质量ETF招商,25.94843168,0
560030,800价值ETF汇添富,0.27711576,0
159929,医药ETF汇添富,21.24750858,0
159220,港股通红利低波ETF华宝,2.46426196,0
159118,港股通红利低波ETF华夏,0.63887107,0
563770,全指现金流ETF招商,0.31184594,0
159838,医药50ETF博时,1.30052937,0
159082,化工ETF华夏,0.7167912,0
159561,德国ETF嘉实,17.86899316,0
158017,化工ETF易方达,0.63997393,0
159100,巴西ETF华夏,5.56854436,0
563680,800现金流ETF汇添富,1.20072645,0
515150,一带一路ETF富国,6.17192554,0
159616,农牧ETF建信,0.50613178,0
159233,自由现金流ETF平安,7.14245314,0
159635,基建ETF华夏,1.35791418,0
530280,上证180ETF平安,0.35411922,0
516570,石化ETF易方达,11.23095878,0
159087,化工ETF万家,0.29662236,0
563390,全指现金流ETF华泰柏瑞,25.16285856,0
510800,上证50ETF建信,2.4091488,0
159043,食品ETF华安,0.61766364,0
510630,消费ETF华夏,4.32471673,0
159940,金融地产ETF广发,3.50918821,0
562060,标普A股红利ETF华宝,31.06753847,0
516600,消费服务ETF工银,0.6619926,0
515840,食品ETF南方,0.30974075,0
561430,红利质量ETF博时,0.30614896,0
159672,消费ETF博时,0.80270419,0
517550,沪港深消费龙头ETF招商,0.50984632,0
159542,工程机械ETF大成,0.17181362,0
159936,可选消费ETF广发,2.03333457,0
562850,央企能源ETF嘉实,2.20680801,0
516220,化工ETF国泰,2.1970137,0
159166,现金流ETF长城,4.68788022,0
562050,药ETF华宝,1.02841244,0
159065,工程机械ETF景顺,0.9446872,0
562350,电力ETF银华,1.36229936,0
159928,消费ETF汇添富,149.70330103,0
513810,港股国企ETF华夏,0.76150152,0
512640,金融地产ETF嘉实,0.49467047,0
513630,XD港股低波红利ETF摩根,113.38366871,0
520520,恒生消费ETF华泰柏瑞,0.46032552,0
159731,石化ETF华夏,6.20647851,0
563080,中证A50ETF易方达,14.41504926,0
510650,金融地产ETF华夏,0.37937873,0
159642,碳中和ETF大成,0.20767772,0
513690,港股红利ETF博时,34.91257513,0
159195,石油ETF华安,0.65773697,0
159223,现金流ETF永赢,1.9747366,0
520770,恒指港股通ETF建信,1.95237027,0
560420,食品ETF前海开源,1.15047344,0
515950,医药50ETF富国,4.95836161,0
159263,价值ETF易方达,85.30476137,0
159217,港股通创新药ETF工银,64.04292258,0
512120,医药ETF华安,3.50774308,0
560130,食品ETF鹏华,0.61473013,0
516370,电力ETF汇添富,2.54018952,0
563150,油气ETF银华,0.47057832,0
159026,石油ETF南方,0.39988857,0
563850,食品ETF广发,0.9850548,0
159959,央企ETF银华,29.63012569,0
159570,港股通创新药ETF汇添富,202.51261939,0
159221,现金流ETF嘉实,12.36848309,0
520870,巴西ETF易方达,5.99176575,0
560450,电力ETF天弘,2.30812722,0
159188,红利100ETF景顺,0.60878546,0
516900,食品饮料ETF华安,1.34790153,0
561320,交运ETF国泰,0.33529812,0
560280,工程机械ETF广发,19.87374636,0
159366,港股医疗ETF永赢,4.65402951,0
562150,红利质量ETF鹏华,1.9868188,0
513950,恒生红利ETF富国,29.18343094,0
159336,央企红利ETF融通,3.92724207,0
159245,港股通消费ETF富国,0.53147499,0
159037,价值ETF鹏华,0.58183335,0
159225,现金流ETF银华,3.18706875,0
560250,红利质量ETF富国,1.24404341,0
159662,交运ETF南方,0.76294509,0
561690,300质量ETF农银,2.97367309,0
159286,港股通创新药ETF鹏华,5.21793348,0
561790,央企能源ETF博时,0.689175,0
561020,食品ETF招商,0.26126289,0
561560,电力ETF华泰柏瑞,24.13153247,0
159545,港股通红利低波ETF易方达,68.59119899,0
513970,恒生消费ETF景顺,10.81881576,0
562320,沪深300价值ETF银华,0.69657606,0
159905,红利ETF工银,15.88131716,0
563580,自由现金流800ETF万家,2.62065672,0
159091,港股通金融ETF易方达,0.26421628,0
562390,中药ETF银华,0.68807505,0
561030,工程机械ETF华泰柏瑞,1.53342,0
159138,工程机械ETF易方达,2.52811751,0
159670,消费50ETF国联安,0.47518004,0
159181,石油ETF易方达,1.15373884,0
512620,农业ETF天弘,11.92741074,0
159229,自由现金流ETF广发,1.59670266,0
159177,工程机械ETF鹏华,0.40783635,0
516460,现金流ETF800鹏华,4.99014987,0
159197,石油ETF招商,0.3614752,0
159329,沙特ETF南方,10.21254563,0
560460,电力ETF平安,2.43753844,0
516250,工程机械ETF富国,0.547902,0
516670,畜牧养殖ETF招商,20.07856848,0
563990,800现金流ETF富国,3.57906205,0
560320,食品ETF富国,0.95375436,0
520610,港股红利低波ETF银华,3.72857856,0
159173,农牧ETF南方,0.41856305,0
159027,畜牧养殖ETF大成,0.94651888,0
561260,能源ETF工银,0.28839458,0
159119,800现金流ETF招商,1.45119084,0
159735,港股消费ETF银华,3.90972983,0
159222,自由现金流ETF易方达,21.3999963,0
563960,300质量ETF兴全,3.27845208,0
515110,一带一路ETF易方达,3.46677735,0
159096,价值ETF华夏,1.36419785,0
560190,公用事业ETF鹏华,0.27798678,0
159399,现金流ETF国泰,41.91574689,0
159158,电力ETF景顺,8.53325273,0
159079,价值ETF兴全,0.71088762,0
561400,畜牧养殖ETF鑫元,0.25697633,0
159159,公用事业ETF国投瑞银,1.15070586,0
516820,医疗创新ETF平安,15.82233966,0
159567,港股创新药ETF银华,70.90569762,0
159611,电力ETF广发,93.37497395,0
515650,消费50ETF富国,32.667432,0
561470,畜牧养殖ETF天弘,0.81225144,0
513590,港股通消费ETF鹏华,0.94756721,0
563060,央企50ETF易方达,1.93701795,0
159933,金融地产ETF国投瑞银,1.05498935,0
520550,港股红利低波ETF招商,12.71281944,0
510090,责任ETF建信,0.61747723,0
510030,价值ETF华宝,1.48024697,0
562550,绿电ETF华夏,16.11034562,0
512010,医药ETF易方达,148.57222178,0
159207,高股息ETF广发,26.34830112,0
561700,电力ETF博时,3.83229028,0
517120,创新药ETF华泰柏瑞,3.922248,0
516810,农业ETF华夏,4.13757609,0
159708,红利ETF西部利得,1.39210767,0
563900,300自由现金流ETF摩根,5.22521031,0
513920,港股通央企红利ETF华安,38.04791297,0
159265,港股消费ETF鹏华,1.35823729,0
510410,资源ETF博时,8.40013027,0
561170,绿色电力ETF富国,5.79665315,0
159691,港股红利ETF工银,43.86758245,0
159625,绿色电力ETF嘉实,23.78057383,0
560210,农牧渔ETF景顺,4.04299782,0
159172,养殖ETF汇添富,3.18896804,0
520830,沙特ETF华泰柏瑞,9.06639489,0
159070,工程机械ETF嘉实,0.8982836,0
159161,工程机械ETF东财,0.61088146,0
512420,工程机械ETF华安,0.65611027,0
512140,电力ETF华安,1.22654835,0
516440,工程机械ETF南方,1.16021193,0
560080,中药ETF汇添富,21.04021927,0
159520,消费龙头ETF工银,1.36664595,0
159019,石油ETF华宝,0.40692839,0
513190,港股通金融ETF华夏,19.95526176,0
512750,基本面50ETF嘉实,0.65423472,0
560270,电力ETF工银,1.49566416,0
159301,公用事业ETF华夏,1.15277315,0
560620,公用事业ETF万家,0.24651251,0
159059,电力ETF大成,0.52814834,0
159041,农业ETF鹏华,0.35932966,0
561630,红利质量ETF华泰柏瑞,0.42777858,0
516950,基建ETF银华,1.09582747,0
513070,港股通消费ETF易方达,13.55100581,0
563590,A500红利低波动ETF国寿,0.5898529,0
159067,绿色电力ETF鹏华,0.1726382,0
159085,价值ETF永赢,0.2893495,0
159098,价值ETF招商,0.82800998,0
158001,价值ETF嘉实,1.18105164,0
158000,港股通金融ETF鹏华,0.68398203,0
159865,养殖ETF国泰,64.69998755,0
517090,央企共赢ETF国泰,1.29103975,0
562960,绿色电力ETF易方达,13.21044185,0
560580,电力ETF南方,4.56503309,0
562080,300现金流ETF华宝,3.48938106,0
516760,养殖ETF平安,1.6601033,0
159333,港股央企红利ETF万家,2.63573573,0
520890,港股通红利低波ETF华泰柏瑞,1.0389552,0
516130,消费龙头ETF华宝,10.504863,0
159268,港股通消费ETF汇添富,2.83621112,0
517880,品牌消费ETF华泰柏瑞,0.34980004,0
159569,港股红利低波ETF景顺,5.28509644,0
159285,港股通消费ETF华安,1.7967533,0
520620,恒生消费ETF嘉实,2.17004073,0
159719,国企ETF平安,0.28640482,0
159827,农业ETF银华,0.6737314,0
510270,国企ETF中银,0.24143953,0
515990,一带一路ETF汇添富,0.79153502,0
513230,港股通消费ETF华夏,2.67491236,0
510190,上证50ETF华安,1.00373995,0
159699,恒生消费ETF广发,4.11449318,0
159127,港股通红利ETF南方,1.43171678,0
158005,工程机械ETF博时,1.12497509,0
159046,绿电ETF天弘,7.16798723,0
159061,绿色电力ETF南方,1.92154574,0
510160,产业升级ETF南方,1.62577258,0
561510,中药ETF华泰柏瑞,0.59272254,0
159020,养殖ETF易方达,1.03573179,0
159146,电力ETF华宝,6.90559493,0
159042,价值ETF汇添富,0.80328685,0
158038,粮食ETF富国,1.8141248,0
563690,红利低波ETF永赢,0.58247168,0
516530,物流ETF银华,0.17873276,0
560730,红利低波ETF国泰海通,0.73669752,0
562170,沪深300现金流ETF易方达,2.25288579,0
561610,绿色电力ETF鑫元,1.62319067,0
159281,港股央企红利ETF天弘,2.31338368,0
159669,绿色电力ETF国泰,2.12500826,0
159549,红利低波ETF天弘,56.60469138,0
561420,300现金流ETF汇添富,10.67617465,0
516110,汽车ETF国泰,2.5877834,0
159391,大盘价值ETF博时,0.91965573,0
159023,养殖ETF万家,0.39021398,0
561060,国企红利ETF华安,0.51959945,0
159072,粮食ETF景顺,0.57224509,0
560700,央企红利ETF广发,5.52407939,0
159331,红利港股ETF国泰,1.84740219,0
513820,港股通红利ETF汇添富,20.73485514,0
513080,法国ETF华安,11.78275916,0
513530,港股通红利ETF华泰柏瑞,51.11535562,0
560480,电力ETF招商,1.12914882,0
159031,粮食ETF博时,5.19052137,0
512890,红利低波ETF华泰柏瑞,309.19107092,0
562180,A500红利低波ETF招商,0.9215,0
159512,汽车ETF广发,1.1315159,0
159867,养殖ETF鹏华,8.61939406,0
159011,养殖ETF华安,0.24797952,0
560720,红利低波100ETF工银,0.91806108,0
563700,红利价值ETF易方达,3.7467705,0
512390,中国低波ETF平安,0.11879814,0
159083,红利低波100ETF嘉实,1.26701656,0
159798,消费ETF易方达,1.33084373,0
159143,港股通央企红利ETF平安,0.47671387,0
560150,红利低波ETF泰康,7.51964163,0
513830,港股通高股息ETF嘉实,0.61570047,0
520580,新兴亚洲ETF招商,2.69252208,0
159581,红利ETF万家,12.08255869,0
159965,央视50ETF国联,0.34433113,0
159228,红利低波ETF长城,1.04451244,0
560020,红利ETF汇添富,1.44981324,0
159355,800红利低波ETF华宝,1.06630351,0
560920,工程机械ETF招商,0.42895303,0
159297,港股通创新药ETF南方,26.43242072,0
159275,农牧渔ETF华宝,2.22368834,0
563020,红利低波ETF易方达,120.56716274,0
159307,红利低波100ETF博时,68.3312723,0
562900,农业ETF易方达,1.55003585,0
159063,粮食ETF南方,0.59401832,0
512730,银行ETF鹏华,0.86852556,0
563980,800红利低波ETF鑫元,2.10891924,0
563890,国企红利ETF创金合信,0.20847636,0
520990,港股央企红利ETF景顺,32.28838145,0
159001,货币ETF易方达,32.737988,0
159005,快钱ETF汇添富,1.269753,0
159266,港股央企红利ETF永赢,3.30003024,0
159003,招商快线ETF,2.048728,0
510010,180治理ETF交银,2.26851407,0
159930,能源ETF汇添富,8.46044984,0
513910,港股通央企红利ETF华夏,30.559347,0
515890,红利ETF博时,5.54543661,0
517180,中国国企ETF南方,1.23741517,0
159515,国企红利ETF鹏扬,0.38464171,0
159547,红利低波ETF华夏,15.5065001,0
561960,央企回报ETF招商,0.71851338,0
561580,央企红利ETF华泰柏瑞,24.8671338,0
510230,金融ETF国泰,9.19989408,0
560520,红利低波100ETF大成,0.61518084,0
159296,A500红利低波ETF华宝,0.34213156,0
159277,港股通红利ETF富国,0.31580301,0
563510,A500红利低波ETF易方达,2.86088841,0
520900,港股通红利ETF广发,15.05925583,0
159033,粮食ETF国泰,1.3801009,0
516040,N300现金流ETF华夏,2.09824431,0
561450,红利低波50ETF华泰柏瑞,0.72087074,0
512450,畜牧养殖ETF广发,0.88136832,0
560830,电力ETF华夏,5.93806588,0
159698,粮食ETF鹏华,19.08715498,0
159038,粮食ETF易方达,1.65499619,0
159007,养殖ETF华泰柏瑞,1.61056088,0
515080,中证红利ETF招商,109.30207102,0
517900,银行AH优选ETF招商,6.20917814,0
515100,红利低波100ETF景顺,50.87678574,0
516310,银行ETF易方达,23.03890275,0
516840,汽车ETF南方,0.94650717,0
516210,银行ETF华安,0.99296944,0
515180,红利ETF易方达,177.71205432,0
515450,红利低波50ETF南方,200.85965617,0
159302,港股高股息ETF银华,0.62738594,0
159587,粮食ETF广发,7.90377028,0
560070,央企红利ETF汇添富,0.97006826,0
159525,红利低波ETF富国,4.86581093,0
159589,红利ETF广发,2.9034579,0
512530,沪深300红利ETF建信,1.50408252,0
513730,东南亚科技ETF华泰柏瑞,8.57607669,0
159060,粮食ETF浦银,0.19130343,0
515480,红利低波100ETF南方,0.25582076,0
159253,银行ETF博时,4.81704976,0
520660,港股通央企红利ETF南方,19.1732725,0
561680,A500红利低波ETF平安,0.53898155,0
159021,大盘价值ETF华夏,0.6096862,0
520810,港股通红利ETF易方达,3.2027016,0
560570,XDA500红利ETF国联安,11.76999576,0
159945,能源ETF广发,0.76876424,0
159030,粮食ETF华夏,3.91583804,0
515300,300红利低波ETF嘉实,35.53411162,0
510880,红利ETF华泰柏瑞,188.85970382,0
512800,银行ETF华宝,98.22338693,0
159332,央企红利ETF富国,1.04236331,0
563180,高股息ETF银华,1.0839712,0
512410,银行ETF广发,0.49853617,0
560670,银行ETF华泰柏瑞,0.36657946,0
561530,银行ETF银华,0.56470804,0
158023,红利低波ETF万家,5.33949572,0
512700,银行ETF南方,10.21206107,0
512820,银行ETF汇添富,6.42695493,0
159165,养殖ETF永赢,0.87757566,0
159887,银行ETF富国,7.6265959,0
530880,红利国企ETF银河,0.40621568,0
159073,粮食ETF汇添富,0.68562905,0
510720,红利国企ETF国泰,18.32006044,0
515290,银行ETF天弘,36.71609971,0
513360,教育ETF博时,2.89090107,0
515020,银行ETF华夏,6.8439808,0
515220,煤炭ETF国泰,99.47256943,0
513800,日本东证指数ETF南方,19.62646894,0
159981,能源化工ETF建信,35.31969384,0
513350,标普油气ETF富国,11.7665075,0
159518,标普油气ETF嘉实,21.38405807,0
159985,豆粕ETF华夏,36.26727823,0
