ETF代码,ETF名称,基金规模,next_crawl_index
516190,文娱传媒ETF,0.51399374,444
159256,创业板软件ETF华夏,1.21849083,444
159107,创业板软件ETF富国,2.42580183,444
512980,传媒ETF,33.8247785,444
159725,线上消费ETF,0.50317844,444
159218,卫星产业ETF,30.57058157,444
563530,卫星ETF易方达,10.50873228,444
159206,卫星ETF,100.56932513,444
517770,游戏传媒ETF,1.08712895,444
563230,卫星ETF,23.67375215,444
159805,传媒ETF,1.72702542,444
563790,卫星ETF鹏华,4.84714521,444
512630,卫星ETF广发,12.83278594,444
159728,在线消费ETF南方,0.56659546,444
159283,通用航空ETF南方,1.99902166,444
159855,影视ETF,1.04743521,444
561660,通用航空ETF基金,0.7753641,444
516620,影视ETF,0.60943905,444
588860,科创医药ETF,2.30211075,444
159793,线上消费ETF基金,0.32267495,444
159241,航空航天ETF天弘,6.42903464,444
560360,软件ETF指数,1.8216877,444
159267,航天ETF,8.38803718,444
159227,航空航天ETF,20.1658985,444
516630,云计算50ETF,4.67991552,444
563320,通用航空ETF,2.9622582,444
159739,大数据ETF,2.97093599,444
516000,数据ETF,3.29461884,444
515400,大数据ETF,13.38130139,444
159713,稀土ETF,11.62296422,444
560860,工业有色ETF,106.49391633,444
512660,军工ETF,116.0376046,444
159715,稀土ETF易方达,5.37240655,444
589010,科创人工智能ETF华夏,32.52579369,444
516510,云计算ETF易方达,19.0730227,444
589560,科创人工智能ETF汇添富,4.75728178,444
588790,科创AIETF,58.1835488,444
159142,科创创业人工智能ETF景顺,3.2329876,444
516700,大数据ETF华宝,0.83831614,444
159527,云计算ETF广发,1.67417245,444
512680,军工ETF广发,65.58928154,444
159890,云计算ETF,3.33071633,444
159586,计算机ETF南方,2.89512114,444
588730,科创人工智能ETF易方达,15.48465635,444
512810,军工ETF华宝,7.96951488,444
159208,航天航空ETF,1.78340453,444
561010,软件ETF基金,1.57196424,444
516150,稀土ETF嘉实,86.46505557,444
588760,科创人工智能ETF广发,24.83296028,444
516780,稀土ETF,27.56848472,444
159852,软件ETF,69.10174183,444
589720,科创创新药ETF国泰,6.524223,444
589090,科创AIETF鹏华,2.15230977,444
159638,高端装备ETF,25.0717053,444
159590,软件50ETF,3.08709842,444
589520,科创人工智能ETF华宝,5.48529041,444
588130,科创医药ETF基金,0.48499946,444
512560,军工ETF易方达,7.24086436,444
562930,软件ETF易方达,2.82693898,444
512670,国防ETF,37.44266144,444
589120,科创创新药ETF汇添富,4.1912612,444
588930,科创板人工智能ETF,16.74652604,444
589380,科创AIETF富国,1.91107694,444
588700,科创医药ETF嘉实,2.79457535,444
515230,软件ETF,33.73090242,444
588250,科创生物医药ETF,2.28565925,444
588230,科创200ETF,6.36419789,444
589110,科创人工智能ETF国泰,2.67585956,444
589200,科创200ETF工银,0.53509747,444
159899,软件龙头ETF,4.45553285,444
588270,科创200ETF易方达,8.8803036,444
562570,信创ETF,4.14848479,444
159141,科创创业人工智能ETF永赢,9.2510302,444
159500,500ETF,0.96697077,444
560850,信创50ETF,1.66256772,444
589780,科创200ETF富国,0.802894,444
515980,人工智能ETF,73.61564472,444
516770,游戏ETF华泰柏瑞,3.95077672,444
588240,科创200ETF指数,1.79426507,444
159140,科创创业人工智能ETF易方达,6.67896241,444
588820,科创200ETF基金,6.061306,444
159671,稀有金属ETF基金,7.20793994,444
561330,矿业ETF,16.14822409,444
159876,有色ETF华宝,11.18393071,444
159804,创中盘88ETF,1.49769983,444
588430,科创创业人工智能ETF工银,2.62358502,444
560590,1000ETF增强,0.2148357,444
159786,VRETF,1.84713202,444
563380,航空航天ETF,2.708456,444
159322,黄金股票ETF基金,0.94965987,444
159230,通用航空ETF基金,2.18765133,444
159652,有色50ETF,49.94685565,444
517520,黄金股ETF,131.78114092,444
516010,游戏ETF,35.97958023,444
516650,有色金属ETF基金,97.25350616,444
159871,有色金属ETF,5.1585716,444
159315,黄金股ETF基金,1.62868242,444
517400,黄金股票ETF,4.82361408,444
560660,云50ETF,1.14201164,444
159690,有色矿业ETF招商,1.41260093,444
589820,科创200ETF建信,3.77140571,444
159562,黄金股ETF,31.9933688,444
512400,有色金属ETF,255.29082549,444
588070,科创板成长ETF,0.6439719,444
159139,科创创业人工智能ETF华泰柏瑞,2.75355189,444
159881,有色60ETF,1.29784158,444
159880,有色ETF基金,11.57716532,444
588020,科创成长ETF易方达,8.9916786,444
159667,工业母机ETF,11.10520717,444
512710,军工龙头ETF,109.26894564,444
159321,黄金股票ETF,2.08458763,444
159998,计算机ETF,26.875315,444
510410,资源ETF,7.42644655,444
588140,科创200ETF广发,5.0960641,444
589700,科创成长ETF南方,0.29617038,444
159663,机床ETF,1.41905025,444
562340,中证500成长ETF,0.1111697,444
562800,稀有金属ETF,45.39639848,444
159608,稀有金属ETF,11.96132565,444
588110,科创成长ETF,3.71552412,444
159242,创业板人工智能ETF大成,2.80808142,444
159869,游戏ETF,145.6430192,444
159677,1000增强ETF,0.39791151,444
561800,稀有金属ETF基金,1.96468762,444
159108,工业软件ETF,2.94014978,444
159378,通用航空ETF,7.88641909,444
159556,中证2000ETF增强,0.20020687,444
517200,互联网ETF,1.01447766,444
159613,信息安全ETF,0.54641235,444
159246,创业板人工智能ETF富国,26.13165126,444
159381,创业板人工智能ETF华夏,16.85813801,444
515550,国联中证500ETF,0.18518803,444
159231,通用航空ETF华宝,1.21666528,444
159363,创业板人工智能ETF华宝,41.53007566,444
159243,创业板人工智能ETF招商,0.81189856,444
588420,科创创业人工智能ETF摩根,1.90491856,444
588190,科创100ETF,42.45282295,444
159573,创业板200ETF华夏,1.3319625,444
510590,中证500ETF平安,12.37272557,444
159273,云计算ETF汇添富,13.58085168,444
159935,中证500ETF景顺,0.64955308,444
159382,创业板人工智能ETF南方,18.33417405,444
563150,油气资源ETF,0.13177244,444
588120,科创板100ETF,12.07852763,444
588410,科创创业人工智能ETF鹏华,5.2215625,444
562520,中证1000成长ETF,0.55229376,444
560110,中证1000ETF汇添富,1.75959621,444
159255,通用航空ETF易方达,0.58124429,444
512720,计算机ETF,9.67750257,444
562920,信息安全ETF易方达,0.74807831,444
563010,电信ETF易方达,1.64548444,444
159388,创业板人工智能ETF国泰,6.18084682,444
588670,科创综指增强ETF,0.85098944,444
560690,电信ETF基金,0.39629122,444
159743,湖北ETF,1.40092841,444
159366,港股医疗ETF,2.84349595,444
159337,中证500ETF东财,6.34025332,444
561360,石油ETF,2.8674518,444
510560,国寿500ETF,2.36787202,444
159968,中证500ETF博时,5.54366564,444
159505,国证2000指数ETF,0.11232667,444
159820,中证500ETF天弘,20.31538046,444
588900,科创100ETF南方,7.0309453,444
516860,金融科技ETF,21.82672742,444
510530,中证500ETF工银,4.07949694,444
562030,信创ETF基金,0.85635097,444
159572,创业板200ETF易方达,4.04729826,444
159571,创业板200ETF富国,0.38370902,444
159279,创业板人工智能ETF华安,1.84911165,444
517050,互联网ETF华泰柏瑞,3.37738927,444
588220,科创100ETF基金,99.05951273,444
560950,中证500增强ETF汇添富,0.19024513,444
588030,科创100指数ETF,78.22650679,444
517800,人工智能50ETF,3.13363999,444
159729,互联网ETF,0.60507886,444
512170,医疗ETF,274.75433472,444
560280,工程机械ETF,9.67026336,444
159257,航空ETF基金,0.88326281,444
589950,科创100ETF富国,4.15367388,444
512500,中证500ETF华夏,196.33394481,444
159738,云计算ETF华泰柏瑞,3.36323231,444
561920,疫苗龙头ETF,0.23203152,444
517390,云计算ETF天弘,3.30639827,444
159620,500成长ETF,0.38068,444
516300,中证1000ETF华泰柏瑞,0.70833475,444
159856,互联网龙头ETF,2.72978729,444
561780,1000增强ETF,0.1718965,444
510580,中证500ETF易方达,31.75955323,444
159299,金融科技ETF易方达,2.75562044,444
560010,中证1000ETF广发,379.68514627,444
563750,中证500ETF汇添富,4.40933079,444
159533,中证2000ETF基金,0.12400867,444
159845,中证1000ETF,531.41512575,444
588800,科创100ETF华夏,28.49860266,444
510500,中证500ETF,1590.50000472,444
589180,科创新材料ETF汇添富,0.2269403,444
159103,金融科技ETF汇添富,2.56479396,444
159542,工程机械ETF大成,0.15582082,444
563670,金融科技ETF指数,3.94547528,444
510510,中证500ETF广发,22.50598518,444
159922,中证500ETF,170.41352417,444
512510,中证500ETF华泰柏瑞,10.00381057,444
159320,电网ETF,1.31551504,444
516250,工程机械ETF富国,1.33729412,444
159306,汽车零件ETF,0.38901953,444
159851,金融科技ETF,113.77463905,444
589680,科创综指ETF鹏华,13.82470161,444
512100,中证1000ETF,849.3591438,444
159309,油气ETF汇添富,0.77567942,444
589980,科创100ETF汇添富,3.28630808,444
588520,科创增强ETF,0.23604144,444
589300,科创综指ETF嘉实,1.0283336,444
159392,航空ETF,1.19058558,444
563570,金融科技ETF兴业,2.10695464,444
530530,上证580ETF华夏,7.214598,444
588550,科创综指增强ETF易方达,1.4123936,444
515190,中证500ETF中银证券,6.60236109,444
516100,金融科技ETF华夏,14.50821877,444
159270,创业板200ETF南方,1.68492816,444
589630,科创综指ETF国泰,3.38641598,444
588010,科创新材料ETF,3.30572498,444
159575,创业板200ETF银华,0.17743211,444
560500,500质量成长ETF,4.97575252,444
515530,中证500ETF泰康,0.67685354,444
588210,科创100ETF易方达,5.1453854,444
515720,金融科技ETF富国,6.09124067,444
159535,中证2000ETF嘉实,0.16669292,444
561380,电网ETF,5.76803214,444
520510,港股通医疗ETF,2.25400736,444
589080,科创综指ETF汇添富,2.98359474,444
589000,科创综指ETF华夏,14.91131244,444
588160,科创新材料ETF南方,1.691586,444
588880,科创100ETF华泰柏瑞,2.06029952,444
159828,医疗ETF,21.82914332,444
510550,方正中证500ETF,0.40355305,444
561760,油气ETF博时,0.350262,444
589050,科创综指ETF兴业,1.45089616,444
589660,科创综指ETF南方,4.9385238,444
589500,科创综指ETF工银,2.02812672,444
589060,科创综指ETF东财,2.36021126,444
513360,教育ETF,3.57271214,444
588780,科创芯片设计ETF,7.61085497,444
159982,中证500ETF鹏华,3.20556899,444
159891,医疗ETF基金,1.38191671,444
159511,通信ETF南方,1.54096421,444
159629,1000ETF,141.51763629,444
589890,科创综指ETF景顺,4.62781499,444
560300,电信50ETF,0.58458215,444
510170,大宗商品ETF,3.49364917,444
589900,科创综指ETF博时,4.01348911,444
159550,互联网ETF东财,1.36679721,444
588500,科创100增强ETF易方达,1.14243164,444
589210,科创芯片设计ETF广发,0.89009916,444
159837,生物科技ETF易方达,13.18105918,444
159526,机器人ETF嘉实,10.94030977,444
516500,生物科技ETF,1.3772117,444
562860,疫苗ETF,2.37173356,444
159278,机器人ETF鹏华,14.39480468,444
159918,中创400ETF,0.84268551,444
588680,科创100ETF增强指数基金,1.30891005,444
530100,上证580ETF易方达,3.71097784,444
159565,汽车零部件ETF易方达,3.93467465,444
589860,科创综指ETF天弘,3.16891424,444
589600,科创综指ETF富国,4.50899711,444
159777,创科技ETF,0.45324189,444
159326,电网设备ETF,41.82164787,444
159606,中证500成长ETF易方达,3.7231142,444
159628,国证2000ETF,7.85207877,444
159588,石油天然气ETF,1.57921307,444
589770,科创综指ETF招商,3.30053925,444
515580,科技100ETF,5.4757815,444
512330,信息科技ETF南方,6.24727236,444
515750,科技50ETF,7.68573967,444
563200,中证2000ETF富国,0.27916621,444
159849,生物科技指数ETF,0.79837935,444
561550,500增强ETF,18.43470877,444
515590,500等权ETF,0.75236444,444
159697,油气ETF,2.75150671,444
561350,国泰中证500ETF,1.203637,444
588910,科创价值ETF,2.1905782,444
159559,机器人50ETF,32.21333404,444
588980,科创100ETF广发,0.3367518,444
159797,医疗器械ETF基金,3.43571183,444
589880,科创综指ETF建信,5.44154272,444
560100,中证500增强ETF南方,0.8735296,444
563030,中证500增强ETF易方达,1.34944177,444
589800,科创综指ETF易方达,17.11695067,444
512930,AI人工智能ETF,27.33262305,444
560170,央企科技ETF南方,14.44374875,444
159859,生物医药ETF,35.44353386,444
560260,医疗ETF广发,16.53598163,444
588690,科创指数增强ETF,1.27934856,444
159907,2000ETF,1.76350277,444
159272,机器人ETF富国,29.06890382,444
588850,科创机械ETF,0.53918014,444
159521,国证2000ETF指数基金,0.16705506,444
159633,中证1000ETF易方达,15.42073958,444
563050,央企科技ETF易方达,1.6306133,444
516790,医疗ETF华泰柏瑞,1.06730104,444
159944,材料ETF,0.46840397,444
159551,机器人产业ETF,5.67899513,444
562500,机器人ETF,266.97555419,444
562700,汽车零部件ETF,2.5288875,444
159883,医疗器械ETF,52.90892232,444
560630,机器人产业ETF,2.71193768,444
562380,央企科技引领ETF,1.02048844,444
159678,中证500增强ETF,0.70715541,444
159615,恒生生物科技ETF南方,5.52215961,444
159685,1000增强ETF天弘,0.19622498,444
561950,500指数增强ETF,1.82496384,444
159258,机器人ETF南方,17.16200671,444
159819,人工智能ETF易方达,229.29629026,444
562360,机器人ETF基金,5.00635678,444
516930,生物科技ETF基金,0.60298582,444
159773,创业板科技ETF华泰柏瑞,1.89984912,444
510290,上证380ETF南方,1.63366322,444
159680,1000ETF增强,7.77604013,444
159847,医疗ETF易方达,13.00241333,444
562910,高端制造ETF易方达,1.62379844,444
159839,生物医药ETF汇添富,7.3024304,444
560770,机器人指数ETF,22.64206126,444
159996,家电ETF,14.86193976,444
159945,能源ETF广发,0.26318239,444
159536,中证2000ETF汇添富,0.5282186,444
159295,创业综指ETF西部利得,2.82137194,444
159213,机器人ETF基金,7.92681874,444
159328,家电ETF易方达,1.28290896,444
159543,国证2000ETF基金,0.67169785,444
159248,人工智能ETF基金,2.95147704,444
159877,医疗ETF南方,1.08272598,444
159530,机器人ETF易方达,162.88183929,444
159643,疫苗ETF,1.13646089,444
520650,港股通互联网ETF南方,2.69079587,444
159873,医疗设备ETF,1.2366576,444
562330,中证500价值ETF,0.3641872,444
512260,中证500低波动ETF,0.55570515,444
513040,港股通互联网ETF易方达,88.60861033,444
159563,创业板综ETF华夏,0.3951743,444
159770,机器人ETF,111.53031308,444
588450,科创50ETF增强,1.27545629,444
513200,港股通医药ETF易方达,19.8412277,444
159872,智能网联汽车ETF,0.66616901,444
520630,港股通互联网ETF广发,2.8511,444
159531,中证2000ETF,8.21176082,444
159679,中证1000增强ETF,0.75524987,444
159992,创新药ETF,138.41410722,444
589580,科创综指ETF兴银,0.09125493,444
563210,专精特新ETF,1.18062895,444
159567,港股创新药ETF,87.87853025,444
530380,上证380ETF易方达,5.48761524,444
512290,生物医药ETF,35.19542181,444
513770,港股互联网ETF,133.4005258,444
588770,科创信息技术ETF摩根,0.72918757,444
561280,中证1000ETF增强,0.95390857,444
588100,科创信息技术ETF,2.18914467,444
159795,智能汽车ETF汇添富,0.40972436,444
510770,G60创新ETF,0.16068449,444
159541,创业板综ETF万家,1.41483542,444
562600,医疗器械ETF,4.54171977,444
588840,科创板50ETF基金,0.87489432,444
159132,恒生生物科技ETF富国,2.53252699,444
520970,港股通创新药ETF嘉实,11.34105446,444
159288,创业板综ETF银华,3.47537249,444
159610,500ETF增强,2.32343621,444
515070,人工智能AIETF,92.36978826,444
159583,通信设备ETF,12.11892268,444
560220,中证2000ETF广发,0.68758368,444
159657,疫苗ETF鹏华,1.10755225,444
159386,A500ETF永赢,2.1417347,444
563300,中证2000ETF,32.49160822,444
516320,高端装备ETF,0.8960773,444
159792,港股通互联网ETF,837.79203629,444
159835,创新药50ETF,2.67685893,444
159568,港股互联网ETF,4.39629879,444
159506,港股通医疗ETF富国,34.99193335,444
510660,医药卫生ETF,0.84336431,444
159645,疫苗ETF富国,0.27441007,444
560900,创新药企ETF,1.29816058,444
159858,创新药ETF南方,3.58918004,444
516610,医疗服务ETF大成,0.85786896,444
159898,医疗器械指数ETF,6.71637817,444
561120,家电ETF,0.80966997,444
515250,智能汽车ETF,8.75727342,444
513060,恒生医疗ETF,67.29917247,444
588260,科创信息ETF,1.36225584,444
159557,恒生医疗ETF,2.32899361,444
588940,科创50ETF富国,5.0698072,444
159903,深成ETF南方,5.12527606,444
159508,生物医药ETF基金,0.44591079,444
159532,中证2000ETF易方达,1.08509729,444
588950,科创50ETF景顺,2.96573333,444
589990,科创综指ETF华泰柏瑞,2.2033212,444
513780,港股创新药50ETF,32.15344566,444
520700,港股创新药ETF基金,9.86113224,444
515120,创新药ETF,77.38638663,444
159758,红利质量ETF,13.77997465,444
560880,家电ETF广发,6.56542832,444
588720,科创50ETF中银,2.29636831,444
159105,恒生生物科技ETF易方达,1.06852079,444
588000,科创50ETF,828.2224537,444
159966,创业板价值ETF,4.27853707,444
589150,科创50ETF平安,1.4654305,444
588180,科创50ETF基金,20.2875778,444
159888,智能车ETF,0.96088437,444
159280,港股通互联网ETF汇添富,1.08321201,444
516060,创新药产业ETF,1.57736713,444
159776,港股通医药ETF,1.31966176,444
588080,科创50ETF易方达,768.11630381,444
159209,中证红利质量ETF,7.59667469,444
561590,中证1000增强ETF,0.42426415,444
159938,医药ETF广发,65.12167614,444
159291,创业板综增强ETF招商,0.46846848,444
517110,创新药ETF国泰,4.53056925,444
516080,创新药ETF易方达,10.60892244,444
588870,科创50ETF汇添富,6.62149656,444
513720,N香港互联网ETF,2.78859008,444
513120,港股创新药ETF,260.41374315,444
159929,医药ETF,20.09540996,444
588050,科创ETF,123.61440166,444
588060,科创50ETF广发,88.0137843,444
562820,集成电路ETF,1.2383592,444
588090,科创50ETF华泰柏瑞,51.6434651,444
515110,一带一路ETF易方达,3.6331724,444
159889,智能汽车ETF,0.49863336,444
159695,通信ETF,3.70069342,444
159836,创业板300ETF天弘,1.47419385,444
159102,港股通生物科技ETF,7.6194858,444
159909,TMT50ETF,6.24456944,444
159289,创业板综指ETF鹏华,0.98415222,444
588150,科创50ETF南方,4.2072498,444
588370,科创50增强ETF南方,1.02143916,444
589850,科创50ETF东财,6.4307921,444
159912,深300ETF汇添富,1.46505604,444
159910,基本面120ETF,2.74159985,444
159930,能源ETF,4.70847216,444
562660,中证2000ETF华夏,3.72993822,444
516560,养老ETF,1.33283942,444
588460,科创50增强ETF,12.07923402,444
513280,恒生生物科技ETF,5.05542769,444
159838,医药50ETF,1.77100418,444
516950,基建ETF,2.7687341,444
159570,港股通创新药ETF,249.1656542,444
562530,中证1000价值ETF,0.49300416,444
516520,智能驾驶ETF,9.75927568,444
588280,科创50ETF指数基金,4.26929116,444
159913,深价值ETF,0.61538397,444
159973,民企ETF,3.90323661,444
517850,张江ETF,0.64083426,444
513700,香港医药ETF,9.48610278,444
515680,央企创新ETF嘉实,19.45864114,444
561570,油气ETF华泰柏瑞,0.25186077,444
159303,恒生医疗ETF大成,0.88870931,444
159902,中小100ETF,3.8902667,444
159760,医疗健康ETF泰康,0.85453102,444
159517,800增强ETF,0.11811285,444
159553,中证2000增强ETF海富通,0.41245936,444
159840,锂电池ETF,19.38191315,444
512120,医药50ETF,3.80414598,444
159377,创业板医药ETF国泰,0.76512832,444
563060,央企50ETF易方达,3.23775519,444
517120,创新药ETF华泰柏瑞,2.98460237,444
515950,医药龙头ETF,4.88250997,444
159748,创新药ETF富国,6.19534929,444
159552,中证2000增强ETF,5.82928253,444
512870,杭州湾区ETF,0.40622509,444
512370,A500增强ETF基金,0.61949706,444
515150,一带一路ETF富国,8.61720462,444
159217,港股通创新药ETF工银,52.75064743,444
159757,电池ETF景顺,3.75497609,444
159640,碳中和龙头ETF,1.03033588,444
159635,基建50ETF,1.55396344,444
510760,上证综指ETF,18.12354953,444
159130,恒生生物科技ETF鹏华,4.63890146,444
159619,基建ETF,1.43555184,444
563330,A股ETF,1.23118143,444
512040,价值100ETF,22.83533358,444
159540,信创ETF易方达,1.70850413,444
159943,深证成指ETF大成,1.9721762,444
515920,智能消费ETF,1.19181369,444
159939,信息技术ETF,12.97373306,444
562950,消费电子ETF易方达,11.21641153,444
159297,港股通创新药ETF南方,16.27753891,444
159730,龙头家电ETF,0.346679,444
159287,创业板综ETF博时,3.71473946,444
510160,产业升级ETF南方,2.07421621,444
159905,深红利ETF,18.56966863,444
516590,智能汽车ETF易方达,0.8539601,444
159718,港股医药ETF,2.29465153,444
159622,创新药ETF东财,8.07128956,444
562560,信息技术ETF,0.47705973,444
159767,电池龙头ETF,3.06104565,444
510570,兴业中证500ETF,0.25844674,444
159518,标普油气ETF,12.70443862,444
159507,通信ETF广发,1.51819377,444
159688,恒生互联网ETF,14.97720758,444
159566,储能电池ETF易方达,41.36239095,444
520690,港股创新药精选ETF,5.341086,444
159528,国企改革ETF富国,0.19334816,444
561190,碳中和ETF富国,3.34017892,444
562990,碳中和ETF易方达,6.10663284,444
159866,日经ETF,9.17170724,444
159775,电池ETF基金,2.28259746,444
515990,一带一路ETF汇添富,0.91026312,444
513520,日经ETF,18.44392448,444
159755,电池ETF,144.51904696,444
159959,央企ETF,30.29948998,444
159356,A500ETF基金,17.46056832,444
589550,科创价值ETF华夏,0.44481264,444
512960,央企结构调整ETF,59.37412085,444
561790,央企现代能源ETF,0.636142,444
159779,消费电子50ETF,2.61633636,444
563360,A500ETF华泰柏瑞,500.18707349,444
159806,新能源车ETF,9.91951308,444
562850,央企能源ETF,0.71860821,444
515810,中证800ETF易方达,6.0674496,444
159936,可选消费ETF,3.67607865,444
516800,智能制造ETF,2.297618,444
513350,标普油气ETF,6.0550497,444
159131,港股信息技术ETF,2.71337989,444
159305,储能电池ETF广发,2.49563089,444
159555,2000增强ETF,0.74538539,444
159539,信创ETF广发,0.85260725,444
516600,消费服务ETF,0.84348503,444
588750,科创芯片50ETF,53.97619808,444
159537,信创ETF,1.26790369,444
159338,中证A500ETF,382.46077894,444
562050,药ETF,0.9695608,444
561910,电池ETF,56.58031377,444
159892,恒生医药ETF,67.85135655,444
560990,中金科技先锋ETF,0.2578141,444
510010,180治理ETF,2.64371945,444
560800,数字经济ETF,6.30067779,444
159658,数字经济ETF,1.47143968,444
515960,医药ETF嘉实,2.16611896,444
159538,信创ETF富国,0.86093179,444
159106,民企300ETF前海开源,1.20962155,444
159751,港股科技ETF,12.94942817,444
159226,中证A500增强ETF,0.91488352,444
520670,港股通科技ETF嘉实,2.73628462,444
159808,创100ETF融通,0.78516077,444
563600,A500增强ETF易方达,0.55395708,444
589100,科创芯片ETF国泰,6.25877603,444
561600,消费电子ETF,4.65534254,444
562880,电池ETF嘉实,13.29526447,444
159311,数字经济ETF易方达,0.53916686,444
561100,消费电子ETF富国,9.20317754,444
561370,2000ETF,0.29984388,444
159238,300ETF增强,0.53612653,444
560550,碳中和ETF广发,2.34569971,444
159286,港股创新药ETF鹏华,6.21336369,444
563220,中证A500ETF富国,142.23645778,444
159958,创业板ETF工银,6.19799515,444
515800,800ETF,56.22510609,444
159352,A500ETF南方,475.50749595,444
515900,央企创新驱动ETF,38.65621871,444
159316,港股通创新药ETF易方达,43.88780585,444
159359,A500指数ETF,9.69798264,444
159895,物联网ETF易方达,0.93697698,444
515600,央企创新ETF,19.22357201,444
512010,医药ETF易方达,176.8311405,444
159249,A500增强ETF工银,1.06848571,444
159362,A500ETF工银,15.83606772,444
159752,新能源龙头ETF,4.49076663,444
588810,科创芯片ETF富国,6.05814216,444
512080,A500ETF中金,11.99907508,444
588290,科创芯片ETF基金,38.9231237,444
159974,央企创新ETF富国,0.92745224,444
561090,中证A500增强ETF,2.10127046,444
560510,中证A500ETF,35.75359786,444
159360,中证A500ETF天弘,19.25340315,444
562080,300现金流ETF,8.59789464,444
520980,港股通科技30ETF,51.00129932,444
159641,双碳ETF,1.49896371,444
510210,上证指数ETF,55.812101,444
159216,深证100ETF大成,0.13778125,444
512050,A500ETF基金,416.39884342,444
513160,港股科技30ETF,64.60118368,444
516390,新能源汽车ETF,2.59955245,444
588890,科创芯片ETF南方,19.6571606,444
159821,创业板ETF中银证券,0.157119,444
159202,恒生互联网科技ETF,12.74955572,444
515730,家居家电ETF,0.6154214,444
560810,央企ESGETF,8.92815588,444
159292,创业板综增强ETF华宝,0.67208908,444
513020,港股科技ETF,47.03871801,444
563550,A500增强ETF摩根,1.11850017,444
517100,沪港深500ETF富国,1.98975216,444
563630,A500增强ETF国联安,0.55812817,444
159886,机械ETF,0.70707751,444
561500,漂亮50ETF,0.56543655,444
560060,碳中和ETF,1.3657722,444
513860,港股通科技ETF,46.66787274,444
159335,央企科创ETF,2.60303882,444
520840,港股通恒生科技ETF,11.54645391,444
588990,科创芯片ETF博时,5.72136071,444
563860,A500ETF海富通,3.7448544,444
563900,沪深300自由现金流ETF摩根,4.32910972,444
562580,可选消费ETF,0.37311567,444
561160,锂电池ETF,22.25910117,444
513580,恒生科技ETF指数,54.40648387,444
560980,光伏龙头ETF广发,5.11450632,444
512020,A500ETF指数,23.15242655,444
159290,创业板综指增强ETF东财,1.28342034,444
159720,智能车ETF泰康,0.55899625,444
588920,科创芯片ETF指数,3.73364898,444
520880,港股通创新药ETF,22.96950754,444
159222,自由现金流ETF易方达,5.8967041,444
560610,A500指数ETF,57.21389766,444
159796,电池50ETF,93.83737065,444
520870,巴西ETF易方达,4.44247109,444
561310,消电ETF,0.56523335,444
563800,A500ETF龙头,200.22212722,444
560000,智慧电车ETF,0.09000564,444
159810,创业板ETF浦银,0.88944163,444
513560,香港科技ETF,9.64923276,444
159380,A500ETF东财,3.5872792,444
562070,沪深300指增ETF,1.42421176,444
159957,创业板ETF华夏,19.38439125,444
159353,中证A500ETF景顺,49.88173554,444
510150,消费ETF,18.050277,444
159122,创业板新能源ETF富国,0.36286085,444
520500,恒生创新药ETF,21.33283369,444
159361,A500ETF易方达,346.97376163,444
518860,黄金ETFAU,38.07491915,444
159768,房地产ETF,3.77292024,444
560530,中证A500ETF摩根,47.15740233,444
563930,上证增强ETF,0.72427392,444
159205,创业板ETF东财,6.26643768,444
510020,超大盘ETF,1.50192448,444
515090,可持续发展ETF,0.06679165,444
159276,现金流ETF汇添富,2.52451607,444
516270,新能源50ETF,2.5780467,444
563660,A500ETF银河,1.67165334,444
515860,科技ETF嘉实,2.18662954,444
516090,新能源ETF易方达,11.60189053,444
159732,消费电子ETF,31.895556,444
516580,新能源主题ETF,1.1978687,444
513150,港股通科技ETF华泰柏瑞,1.23293846,444
159357,中证A500指数ETF,21.04483992,444
159399,现金流ETF,49.22720876,444
563650,中证A500龙头ETF,1.41252881,444
159952,创业板ETF广发,146.36935135,444
515200,创新100ETF,1.28065257,444
588200,科创芯片ETF,430.91448061,444
159120,港股科技30ETF,1.44761145,444
518880,黄金ETF,975.98991047,444
512220,TMTETF,5.64545966,444
159875,新能源ETF,17.3329933,444
159358,中证A500ETF大成,20.82542788,444
518850,黄金ETF华夏,123.34648281,444
159637,新能源车ETF东财,10.15155068,444
159964,创业板ETF平安,4.83838272,444
159639,碳中和ETF南方,3.57609131,444
517330,长江保护ETF易方达,17.4659591,444
159215,中证A500ETF指数基金,19.40550965,444
159578,深证主板50ETF南方,0.38718586,444
518660,黄金ETF基金,69.85434148,444
517360,科技ETF沪港深,0.33849387,444
159723,科技龙头ETF,0.66578902,444
159800,中证800ETF,0.38768363,444
518800,黄金基金ETF,313.9560109,444
159223,现金流ETF永赢,4.70067839,444
159379,A500ETF融通,2.73936057,444
518890,中银上海金ETF,31.26318809,444
159219,深证100ETF融通,0.51401556,444
159812,黄金ETF前海开源,14.84661812,444
159830,上海金ETF,26.49284862,444
159259,成长ETF易方达,9.97680826,444
159934,黄金ETF易方达,379.80762064,444
512060,中证A100ETF天弘,0.20787584,444
530180,上证180ETF易方达,0.8392072,444
159915,创业板ETF易方达,1050.81819578,444
515360,方正沪深300ETF,2.4642131,444
159201,自由现金流ETF,93.938685,444
518600,上海金ETF,52.2797731,444
159339,A500ETF,30.9635856,444
159597,创业板成长ETF易方达,2.92798453,444
515060,房地产ETF基金,5.54608572,444
518680,金ETF,62.517963,444
159546,集成电路ETF,2.22173311,444
159937,黄金ETF基金,424.60734065,444
516820,医疗创新ETF,16.79377812,444
159970,深100ETF工银,0.12391391,444
516360,新材料ETF,0.78787455,444
512190,浙商之江凤凰ETF,1.54212907,444
159576,深证100ETF广发,0.68324591,444
159831,上海金ETF嘉实,15.22712201,444
159708,红利ETF,1.89595192,444
515320,电子50ETF,1.22697666,444
563880,A500ETF汇添富,32.89595392,444
159336,央企红利50ETF,6.34040566,444
159971,创业板ETF富国,21.15983433,444
530300,上证180ETF华泰柏瑞,0.58149182,444
563620,自由现金流全指ETF,0.81777399,444
159960,恒生中国企业ETF,5.06834737,444
517010,沪港深500ETF易方达,1.01087272,444
563500,A500ETF华宝,6.43091281,444
515030,新能源车ETF,44.6676112,444
159212,深100ETF南方,1.7235261,444
159510,沪深300价值ETF,0.87199716,444
159834,金ETF南方,14.4061376,444
561260,能源ETF,0.33326674,444
159981,能源化工ETF,16.04369994,444
159824,新能车ETF,3.64111703,444
159389,数字经济ETF嘉实,2.78604434,444
510980,上证指数ETF汇添富,3.48049968,444
561220,数字经济ETF工银,2.2483215,444
520900,港股通红利ETF广发,19.39253633,444
512200,房地产ETF,49.27954601,444
159623,成渝经济圈ETF,32.87851009,444
159691,港股红利ETF,85.67755489,444
159948,创业板ETF南方,50.62110964,444
159901,深证100ETF易方达,71.95754261,444
513000,日经225ETF易方达,17.2034775,444
159997,电子ETF,13.98370487,444
513330,恒生互联网ETF,354.83061834,444
513320,港股通新经济ETF易方达,1.51095172,444
159642,碳中和ETF大成,0.43513357,444
560650,核心50ETF,0.08584413,444
159636,港股通科技30ETF,364.46907846,444
159675,创业板增强ETF,1.01706273,444
517380,创新药ETF天弘,16.13965938,444
515160,MSCI中国ETF招商,4.80335134,444
159814,创业大盘ETF,4.99287639,444
159376,A500ETF指数基金,1.6791474,444
159262,港股通科技ETF,96.7930245,444
513990,港股通ETF,0.76734,444
159716,深证100ETF华宝,0.62626071,444
510600,申万上证50ETF,0.49986903,444
159969,深100ETF银华,0.15042678,444
516850,新能源ETF基金,1.223607,444
159617,500价值ETF,0.38413153,444
159351,A500ETF嘉实,105.3537861,444
512950,央企改革ETF,62.30956695,444
159211,深证100ETF富国,0.33227661,444
159236,自由现金流ETF工银,0.61682256,444
159221,现金流ETF嘉实,8.90188566,444
159665,半导体龙头ETF,4.2622326,444
159310,芯片ETF天弘,12.75670994,444
513400,道琼斯ETF,24.67089802,444
159778,工业互联ETF,0.64587625,444
159387,创业板新能源ETF国泰,5.07214051,444
530080,上证180ETF天弘,0.36927009,444
560700,央企红利ETF广发,4.8142484,444
561870,自由现金流ETF全指,1.93500375,444
560120,现金流500ETF,0.40371786,444
516460,现金流ETF800,3.1704704,444
520530,港股通科技ETF东财,2.34684912,444
159763,新材料ETF基金,0.78977377,444
159385,数字经济ETF富国,1.88037924,444
159977,创业板ETF天弘,86.63972364,444
517090,央企共赢ETF,1.438985,444
159225,现金流ETF基金,3.33768245,444
520780,港股通汽车ETF华宝,1.401573,444
513260,恒生科技ETF基金,73.76663781,444
512990,MSCIA股ETF,2.37307231,444
159961,深100ETF方正富邦,3.59744417,444
517030,沪港深300ETF易方达,1.04266667,444
159703,新材料ETF,0.68721618,444
516960,机械ETF,0.15397275,444
520660,港股通央企红利ETF南方,27.98400127,444
159210,港股汽车ETF,0.47387698,444
159908,创业板ETF博时,11.73386768,444
159741,恒生科技ETF嘉实,9.01169573,444
513980,港股科技50ETF,236.12857093,444
159269,港股通科技ETF南方,22.07159869,444
560750,A500ETF申万菱信,2.49610322,444
159676,创业板增强ETF富国,1.93365555,444
512240,A50ETF龙头,0.14994852,444
512480,半导体ETF,208.83531902,444
517000,沪港深500ETF,2.11715892,444
515710,食品饮料ETF华宝,15.23372286,444
159237,港股汽车ETF基金,0.58598945,444
159325,半导体ETF南方,2.84904792,444
561200,中证A100ETF工银,0.50071868,444
516380,智能电动车ETF,0.98402113,444
159750,港股科技50ETF,15.34286551,444
513050,中概互联网ETF易方达,407.07854018,444
516330,物联网ETF,0.12647651,444
561960,央企回报ETF,0.68637855,444
159560,芯片ETF景顺,3.95558955,444
513800,日本东证指数ETF南方,16.09276503,444
515700,新能车ETF,22.67377316,444
159582,半导体产业ETF,3.06992755,444
520720,香港汽车ETF,1.2255693,444
520830,沙特ETF,13.34168297,444
530580,上证180ETF南方,0.87228674,444
159742,恒生科技指数ETF,47.66665523,444
159706,深证100ETF华安,0.52676988,444
159125,港股通科技ETF招商,7.03870463,444
159682,创业50ETF,50.95507649,444
159653,ESG300ETF,0.65685364,444
159109,恒生50ETF,5.5037355,444
512970,大湾区ETF,0.88501743,444
520520,恒生消费ETF华泰柏瑞,0.8132054,444
159925,沪深300ETF南方,28.20342018,444
513690,港股红利ETF博时,54.11607621,444
512130,全指现金流ETF鹏华,0.19884645,444
513880,日经225ETF,20.9898099,444
563830,全指现金流ETF基金,1.48857792,444
520570,恒生科技ETF南方,24.11594448,444
159232,自由现金流ETF南方,20.05349745,444
159980,有色ETF大成,60.07314499,444
159101,港股通科技ETF基金,28.98889752,444
520860,港股通科技ETF富国,7.65469013,444
515760,浙江国资ETF,1.49391088,444
159707,地产ETF,5.01326305,444
517990,医药ETF沪港深,0.44378324,444
159545,恒生红利低波ETF易方达,75.53669161,444
516070,低碳ETF易方达,2.44374732,444
159782,双创50ETF,8.07776281,444
159780,科创创业50ETF南方,40.54698584,444
159661,A100ETF嘉实,0.3712266,444
159923,中证A100ETF大成,0.1841936,444
515770,摩根MSCIAETF,0.70216039,444
159747,香港科技ETF南方,5.07593261,444
516130,消费龙头ETF,1.8037755,444
159323,港股通汽车ETF,1.46044644,444
159263,价值ETF易方达,13.52897524,444
516920,芯片50ETF,7.56158903,444
512760,芯片ETF,101.33039907,444
159235,中证现金流ETF大成,22.5942477,444
159383,创业板50ETF华泰柏瑞,0.6531066,444
159867,畜牧ETF,8.2656834,444
510390,沪深300ETF平安,5.06198,444
516260,物联网50ETF,0.77368319,444
513920,港股通央企红利ETF,64.69949812,444
513890,恒生科技HKETF,9.16567536,444
159647,中药ETF,14.30327989,444
159603,双创龙头ETF,27.03274585,444
512910,中证A100ETF,2.55040531,444
159709,物联网ETF工银,0.48173861,444
512520,MSCIETF,0.75818754,444
159369,创业板50ETF易方达,1.13880637,444
159985,豆粕ETF,27.27452543,444
159726,恒生红利ETF,4.96203016,444
561130,国货ETF富国,1.39795265,444
159627,A100ETF,0.4178983,444
516660,新能源车ETF基金,2.90846331,444
516640,芯片龙头ETF,14.32644876,444
517180,中国国企ETF南方,2.24692939,444
562810,上证指数增强ETF,0.4773218,444
159699,恒生消费ETF,11.93480391,444
159701,物联网ETF招商,0.10420604,444
589130,科创芯片ETF易方达,2.4364662,444
159621,MSCIESGETF,0.2092166,444
159721,深证100ETF永赢,0.81894079,444
513380,恒生科技ETF广发,123.99718171,444
517080,沪港深500ETF汇添富,2.61267312,444
159861,碳中和50ETF,2.86912217,444
159599,芯片ETF东财,12.10533754,444
515350,民生加银300ETF,0.91679706,444
515260,电子ETF,6.03468743,444
561930,沪深300ETF招商,3.02259578,444
563760,全指自由现金流ETF,10.01004455,444
512390,平安MSCI低波ETF,2.07310178,444
159561,德国ETF,21.00798783,444
516160,新能源ETF,74.30448358,444
513660,恒生ETF,47.23926307,444
520600,港股汽车ETF,5.51905056,444
159261,创业板新能源ETF鹏华,0.67154736,444
159520,消费龙头ETF,1.74436907,444
517950,沪深港科技50ETF交银,1.15907302,444
513630,港股红利指数ETF,163.84946566,444
520890,港股通红利低波ETF,1.57531456,444
561990,沪深300增强ETF,6.3064789,444
159512,汽车ETF,0.80907748,444
159975,深100ETF招商,0.5145338,444
159128,港股科技ETF天弘,16.94741675,444
516120,化工50ETF,23.29820096,444
159686,A100ETF易方达,0.83342894,444
515170,食品饮料ETF,56.78201661,444
159607,中概互联网ETF,10.25450341,444
561880,A100ETF基金,1.46780034,444
510630,消费30ETF,4.96291645,444
516220,化工龙头ETF,2.3641065,444
512580,环保ETF,13.24624526,444
516350,芯片ETF易方达,13.72860945,444
159368,创业板新能源ETF华夏,6.54426876,444
159956,创业板ETF建信,1.11361173,444
560070,央企红利ETF基金,1.58469037,444
159393,沪深300指数ETF,3.61627364,444
513180,恒生科技指数ETF,512.68848413,444
159807,科技ETF易方达,8.94812928,444
520960,恒指港股通ETF,1.30969108,444
561180,A100ETF,0.78233837,444
159798,消费ETF易方达,1.16638065,444
517300,沪港深300ETF,31.16940551,444
515330,沪深300ETF天弘,83.22641357,444
510180,上证180ETF,239.20732957,444
159656,300成长ETF,2.57238511,444
512180,MSCIA股ETF基金,0.93935424,444
159375,创业板50ETF国泰,2.23573079,444
159761,新材料50ETF,1.7073527,444
515390,沪深300ETF指数基金,5.17062551,444
513950,恒生红利ETF,32.88449945,444
159842,券商ETF,106.28516157,444
513550,港股通50ETF,28.32785616,444
516900,食品饮料ETF基金,1.77423886,444
515880,通信ETF,129.01285484,444
588300,双创ETF,19.3075997,444
510270,国企ETF,0.2160574,444
159920,恒生ETF,137.83139959,444
512090,MSCIA股ETF易方达,6.393255,444
510810,上海国企ETF,66.92061172,444
159670,消费50ETF国联安,0.52471662,444
159275,农牧渔ETF,1.74477212,444
159896,物联网ETF南方,0.62831544,444
159735,港股消费ETF,7.37488224,444
513210,恒生ETF易方达,0.65630026,444
517660,物联网ETF天弘,0.54421093,444
520590,恒生科技ETF鹏华,2.0747241,444
159100,巴西ETF,4.01544663,444
530680,上证180指数ETF基金,2.57173415,444
562510,旅游ETF,6.53183502,444
510330,沪深300ETF华夏,2350.70402036,444
510310,沪深300ETF易方达,3085.1095422,444
510670,上证180ETF华夏,4.23730826,444
560190,公用事业ETF,0.28335012,444
512380,MSCI中国ETF,1.44440212,444
510040,上证180ETF指数,0.4461504,444
515380,沪深300ETF泰康,37.33902446,444
159136,A50ETF广发,1.80325668,444
561580,央企红利ETF,10.49225492,444
159119,800现金流ETF,1.36165344,444
159373,创业板50ETF嘉实,4.312739,444
159229,自由现金流ETF广发,0.53365252,444
563770,全指现金流ETF,0.42199969,444
588360,科创创业ETF,3.65410444,444
159390,A50指数ETF,2.8163527,444
159312,恒指港股通ETF广发,2.33281544,444
516110,汽车ETF,6.23812747,444
515660,沪深300ETF国联安,36.00610462,444
588350,双创50ETF基金,15.23499902,444
520940,港股通恒生ETF,0.47132008,444
159712,港股通50ETF,1.09025554,444
513030,德国ETF,18.36032811,444
513220,中概互联ETF,4.14221574,444
563990,800现金流ETF,6.03870888,444
510350,沪深300ETF工银,39.68264717,444
159240,中证A500增强ETF天弘,0.22694271,444
560050,MSCI中国A50ETF,41.21709218,444
159302,港股高股息ETF,1.53896154,444
561770,中证A100指数ETF,0.734338,444
561080,自由现金流ETF中证全指,0.3746925,444
560380,A100ETF南方,2.02230053,444
560080,中药ETF,24.86074824,444
159370,创50ETF工银,2.00645116,444
563390,现金流ETF全指,7.25732136,444
512160,MSCI中国A股ETF南方,2.18973589,444
159681,创50ETF,22.17634308,444
159862,食品ETF,1.63075906,444
520920,恒生科技ETF天弘,117.05848784,444
159949,创业板50ETF,287.22773233,444
159207,高股息ETF,4.83457445,444
510300,沪深300ETF华泰柏瑞,4354.62519849,444
159127,港股通红利ETF南方,3.3933673,444
513600,恒生指数ETF南方,25.09548945,444
159687,亚太精选ETF南方,9.34769864,444
516760,养殖ETF,1.56327344,444
510190,上证50ETF华安,1.49148854,444
159719,国企共赢ETF,0.64474362,444
159298,创业板50ETF大成,4.14323251,444
159919,沪深300ETF,2030.14632511,444
517350,沪港深科技ETF广发,0.81262938,444
515450,红利低波50ETF,151.40878882,444
159736,食品饮料ETF天弘,55.23276058,444
515310,沪深300ETF汇添富,3.4165457,444
159801,芯片ETF广发,46.11954161,444
563580,自由现金流ETF800,5.1087816,444
520620,港股通消费ETF,4.77885968,444
517160,长江保护ETF南方,17.18744741,444
563280,A50增强ETF富国,0.11579513,444
563350,中证A50ETF,3.5839664,444
159329,沙特ETF南方,13.84480941,444
159367,创业板50ETF华夏,1.74500003,444
159995,芯片ETF,261.80198719,444
560180,沪深300ESGETF南方,0.18832821,444
159277,港股通红利ETF富国,1.04407831,444
159300,300ETF,12.3139137,444
515650,消费50ETF,33.4263488,444
159783,科创创业50ETF,52.62197258,444
516530,物流快递ETF,0.81036824,444
520950,港股通50ETF摩根,6.43604168,444
516670,畜牧养殖ETF,13.87687875,444
520550,港股红利低波ETF,13.296288,444
588330,双创龙头ETF,11.29209149,444
159332,央企红利ETF富国,0.91985159,444
562390,中药50ETF,0.77681562,444
563520,沪深300ETF永赢,5.0920318,444
159330,沪深300ETF东财,5.46834671,444
159822,新经济ETF,2.5379806,444
516970,基建ETF广发,19.02558568,444
159740,恒生科技ETF大成,192.81337964,444
588400,科创创业ETF嘉实,17.34269389,444
588380,双创50ETF,31.0712083,444
159233,自由现金流ETF基金,6.34704916,444
510880,红利ETF,193.64143046,444
159239,港股通汽车ETF富国,0.77589876,444
159689,消费ETF南方,0.6083217,444
159331,红利港股ETF,3.08221607,444
159672,主要消费ETF,0.86854881,444
515210,钢铁ETF,42.29096657,444
159117,港股通红利低波ETF,1.41631571,444
588040,科创50ETF指数,1.4781239,444
516890,新材料ETF指数基金,0.31314041,444
520990,港股央企红利50ETF,56.95470592,444
530280,上证180ETF指数基金,0.62187972,444
159266,港股通央企红利ETF,6.09414125,444
561900,沪深300ESGETF,0.32399069,444
159355,800红利低波ETF,1.66643648,444
513010,恒生科技ETF易方达,282.56926495,444
159673,沪深300ETF鹏华,23.83586899,444
513170,恒生央企ETF,3.52283004,444
588390,科创创业50ETF,2.524104,444
563850,食品ETF广发,0.91045441,444
588320,双创50ETF增强,0.55241533,444
159991,创大盘ETF,1.03433958,444
510360,沪深300ETF广发,39.26932447,444
516570,化工行业ETF易方达,2.39982182,444
562300,碳中和ETF基金,0.62222635,444
517550,消费ETF沪港深,0.72994311,444
516830,300ESGETF,1.44565592,444
512650,长三角ETF汇添富,0.49058445,444
510710,上证50ETF博时,5.21169864,444
159916,深F60ETF,2.67586044,444
159928,消费ETF,219.17465925,444
159602,中国A50ETF南方,6.08989548,444
561000,沪深300ETF增强基金,0.7619634,444
513910,港股央企红利ETF,51.60166668,444
159593,中证A50指数ETF,56.81056674,444
159592,A50ETF基金,18.39119126,444
159601,A50ETF,21.44238395,444
560030,800价值ETF,0.35894656,444
515220,煤炭ETF,94.83881808,444
562890,A50ETF嘉实,3.21569421,444
510950,上证50ETF广发,0.8696805,444
513900,港股通100ETF,1.18677042,444
563000,中国A50ETF易方达,25.96191459,444
510990,180ESGETF,0.44224488,444
159885,碳中和ETF基金,2.52943196,444
562900,农业ETF易方达,0.87399865,444
159529,标普消费ETF,9.54311983,444
510680,上证50ETF基金,0.93798671,444
516910,物流ETF,0.67358816,444
515180,红利ETF易方达,113.09494604,444
159841,证券ETF,100.87473862,444
510130,上证中盘ETF易方达,2.59928358,444
515010,券商ETF基金,19.60128586,444
159515,国企红利ETF,0.54406186,444
159372,创业板50ETF万家,1.88705763,444
561060,国企红利ETF,0.6074271,444
560680,消费ETF广发,3.05483626,444
510050,上证50ETF,1810.0225481,444
516200,证券ETF指数基金,3.76271324,444
513590,香港消费ETF,2.2667155,444
510060,央企ETF,1.11204228,444
562000,中证A100ETF基金,5.48549384,444
530050,上证50ETF东财,1.68827242,444
159625,绿色电力ETF,14.28385217,444
159813,半导体ETF,61.55418541,444
513820,港股红利ETF基金,46.07926493,444
510100,上证50ETF易方达,50.5205407,444
512880,证券ETF,582.35846531,444
530800,上证180ETF基金,0.23025277,444
563680,800自由现金流ETF,2.87330094,444
159245,港股通消费ETF,1.89986498,444
513970,恒生消费ETF,29.78761424,444
562060,标普A股红利ETF华宝,26.7500655,444
159265,港股消费50ETF,3.73407615,444
588660,科创创业50ETF基金,0.89546592,444
563780,现金流全指ETF,4.33534558,444
159126,港股通50ETF南方,1.99501132,444
159865,养殖ETF,56.48291594,444
560350,中证A50ETF指数基金,20.52420917,444
159781,科创创业ETF易方达,131.48690741,444
159118,港股通红利低波ETF基金,2.94622682,444
515050,5G通信ETF,81.87811733,444
159251,港股科技ETF基金,2.39631503,444
159788,港股通100ETF易方达,1.89012003,444
159569,港股红利低波ETF,4.65413282,444
159281,港股通央企红利ETF天弘,3.52035958,444
560090,证券ETF龙头,35.53526866,444
563960,兴全沪深300质量ETF,8.18004096,444
515910,质量ETF,2.19086202,444
588310,双创ETF基金,0.60567,444
159271,恒生指数ETF,0.81688946,444
517170,沪港深ETF,0.22251785,444
512620,农业ETF天弘,4.24633314,444
512600,消费ETF嘉实,11.84229101,444
561510,中药ETF华泰柏瑞,0.65923858,444
562870,证券ETF嘉实,3.75965408,444
159587,粮食ETF广发,0.14364668,444
159954,恒生中国企业ETF南方,3.39531425,444
159711,港股通ETF,0.80915777,444
561300,300增强ETF,6.49569203,444
513230,港股消费ETF,3.69680148,444
516710,新材料50ETF,0.52469472,444
159589,红利ETF广发,1.10225155,444
513090,香港证券ETF易方达,298.36690143,444
510370,300指数ETF,1.17822328,444
159698,粮食ETF,1.29773318,444
512030,中证A50增强ETF易方达,0.5234368,444
515560,证券ETF建信,2.11551896,444
510800,50ETF基金,3.28744752,444
513130,恒生科技ETF,446.95516739,444
562550,绿电ETF,3.02374257,444
516730,证券公司ETF,1.07002973,444
159669,绿电ETF,1.01751995,444
515850,证券ETF富国,3.52417857,444
159811,5G50ETF,1.32801245,444
516550,农业ETF,1.56739718,444
510900,恒生中国企业ETF易方达,79.22170207,444
515080,中证红利ETF,85.84926115,444
159790,碳中和ETF,17.9540067,444
513530,港股通红利ETF,37.31168488,444
159766,旅游ETF,62.7765987,444
512570,证券ETF易方达,24.20239559,444
159965,央视50ETF,0.53174404,444
159825,农业ETF,22.76234719,444
513070,港股通消费ETF易方达,8.37296974,444
159631,中证A100ETF,0.58252397,444
159870,化工ETF,193.97420303,444
517880,品牌消费ETF,0.33192682,444
516810,农业50ETF,2.29904727,444
561230,中证A50ETF基金,8.68387874,444
159268,港股通消费50ETF,7.28241172,444
159616,农牧ETF,0.55835929,444
516020,化工ETF,44.09222987,444
512550,富时A50ETF嘉实,2.62089604,444
159595,中证A50ETF大成,25.80377263,444
159850,恒生国企ETF,6.86629379,444
513650,标普500ETF南方,49.2989588,444
159121,港股通汽车ETF易方达,1.78294552,444
515100,红利低波100ETF,56.79611675,444
159301,公用事业ETF,0.78843939,444
159994,5GETF,34.29407194,444
515890,红利ETF博时,4.504529,444
563980,800红利低波ETF,3.84604196,444
510380,国寿300ETF,22.76570965,444
513100,纳指ETF,180.140087,444
159731,石化ETF,2.71857514,444
520820,恒生港股通ETF,2.1847518,444
510720,红利国企ETF,27.74256914,444
562010,绿色能源ETF,0.20704674,444
159350,深证50ETF富国,2.58244646,444
515130,沪深300ETF博时,1.32638886,444
159365,恒指ETF,1.73441629,444
159228,红利低波ETF长城,1.79621562,444
563890,国企红利ETF创金合信,0.59455408,444
562310,沪深300成长ETF,8.2693863,444
512770,战略新兴ETF,2.69318733,444
562960,绿色电力ETF易方达,2.25967401,444
159129,化工ETF嘉实,7.2658813,444
159717,ESGETF,0.16833635,444
159519,港股国企ETF,1.31322668,444
510090,ESGETF基金,0.76151417,444
561170,绿色电力ETF,1.76922493,444
512690,酒ETF,179.32164364,444
513810,港股国企ETF,0.8230656,444
159605,中概互联ETF,42.60114124,444
560890,红利低波ETF新华,0.19065572,444
159133,化工ETF天弘,7.47585779,444
159220,港股通红利低波ETF华宝,3.06251282,444
159549,红利低波ETF天弘,52.43753733,444
512000,券商ETF,401.21237917,444
159655,标普ETF,36.61315761,444
512360,MSCI中国A股ETF基金,0.61208017,444
159612,标普500ETF,8.39078865,444
516290,光伏龙头ETF,6.56545635,444
512150,A50ETF,0.81454102,444
512250,中证A50ETF招商,5.5272572,444
159843,食品饮料ETF,4.35406377,444
512900,证券ETF南方,73.35551269,444
561560,电力ETF,6.89464266,444
159596,A50ETF华宝,5.68989342,444
159660,纳指ETF汇添富,40.32673315,444
159203,大盘成长ETF,0.10682713,444
159591,中证A50ETF,6.69211159,444
159333,港股央企红利ETF,5.17457304,444
513390,纳指100ETF,37.72328772,444
159318,恒生港股通ETF,0.53579086,444
159577,美国50ETF,7.46968349,444
515630,保险证券ETF,7.92894714,444
560560,碳中和ETF泰康,0.69536567,444
512530,沪深300红利ETF,1.61489682,444
159509,纳指科技ETF,150.42566549,444
513850,美国50ETF易方达,18.30595118,444
516180,光伏ETF基金,0.95521106,444
159371,创业板50ETF富国,1.72821847,444
159285,港股通消费ETF华安,4.689177,444
520560,香港大盘30ETF,8.12668325,444
561680,中证A500红利低波ETF,1.33968014,444
515000,科技ETF,33.89187626,444
159848,证券ETF国联安,1.44021825,444
520580,新兴亚洲ETF,3.06757486,444
530880,红利ETF国企,0.56152064,444
563590,A500红利低波动ETF,1.59334956,444
159791,300ESGETF,0.30414599,444
516050,科技龙头ETF,3.12400484,444
513830,港股红利ETF,1.42054272,444
512890,红利低波ETF,265.64610731,444
560020,红利ETF汇添富,0.94439142,444
159581,红利ETF基金,10.38790932,444
561980,半导体设备ETF,29.166085,444
563180,高股息ETF,1.532388,444
159993,证券ETF龙头,42.31045111,444
510320,沪深300ETF中金,5.26623538,444
513500,标普500ETF,241.34170936,444
561750,中证A50ETF博时,1.06735256,444
560820,中证A50ETF新华,0.51191646,444
563020,红利低波ETF易方达,49.511738,444
563080,中证A50ETF易方达,20.2205905,444
159976,湾创ETF,1.2614959,444
159692,证券ETF东财,8.49652396,444
159150,深证50ETF易方达,1.62011332,444
510850,上证50ETF工银,3.80999987,444
159666,交通运输ETF,0.87123393,444
159547,红利低波ETF基金,8.69905007,444
159307,红利低波100ETF,27.83961669,444
159296,A500红利低波ETF,0.91407113,444
513870,纳指ETF富国,21.24668368,444
159525,红利低波ETF,3.46183487,444
513110,纳斯达克100ETF,43.83741482,444
561320,交运ETF,0.70012989,444
560570,A500红利ETF,16.38153071,444
560330,沪深300价值ETF申万菱信,0.2951388,444
159523,沪深300成长ETF,0.99842344,444
560150,红利低波ETF泰康,8.49696884,444
563690,红利低波ETF永赢,0.64584702,444
560620,公用事业ETF基金,0.5829865,444
513080,法国CAC40ETF,10.5216338,444
512750,基本面50ETF,0.7949377,444
516720,ESGETF,0.17285701,444
159001,货币ETF易方达,18.025485,444
563510,A500红利低波ETF易方达,3.58734323,444
159005,汇添富快钱ETF,0.649165,444
159003,招商快线ETF,1.965605,444
159659,纳斯达克100ETF,84.4213236,444
159906,深成长ETF大成,1.7838283,444
563700,红利价值ETF易方达,5.6140695,444
159632,纳斯达克ETF,102.52929289,444
513140,港股金融ETF,1.57798728,444
513750,港股通非银ETF,319.78558011,444
562320,沪深300价值ETF,1.30033495,444
530000,上证50ETF天弘,15.377107,444
515300,300红利低波ETF,44.99220034,444
510200,上证券商ETF,1.8332886,444
563090,上证50增强ETF易方达,0.5785392,444
562350,电力指数ETF,0.43603361,444
560520,红利低波100ETF大成,0.06423867,444
560580,电力ETF南方,1.48629231,444
561700,电力ETF基金,2.27487806,444
159260,证券指数ETF,9.43531317,444
515370,光伏ETF华夏,15.58846766,444
159931,金融ETF,0.44093592,444
159611,电力ETF,34.39861968,444
159696,纳指ETF易方达,42.1104476,444
159827,农业50ETF,0.80172847,444
513190,港股通金融ETF,25.3637076,444
512640,金融地产ETF嘉实,0.54100572,444
159857,光伏ETF,22.54636105,444
513300,纳斯达克ETF,119.24362111,444
159787,建材ETF易方达,0.77346008,444
159327,半导体设备ETF基金,7.06500965,444
159864,光伏50ETF,5.57620343,444
159863,光伏ETF基金,2.56903859,444
159745,建材ETF,6.76465272,444
560780,半导体设备ETF广发,20.46638048,444
562590,半导体材料ETF,11.69144052,444
159501,纳指ETF嘉实,107.81326144,444
159391,大盘价值ETF,1.82301552,444
510030,价值ETF,1.74039997,444
515790,光伏ETF,117.47204778,444
159253,中证银行ETF,1.3553461,444
516880,光伏50ETF,20.3275609,444
588830,科创新能源ETF,12.07398319,444
159513,纳斯达克100ETF大成,62.68936602,444
562970,光伏ETF易方达,6.2691968,444
589960,科创新能源ETF易方达,2.20929072,444
516750,建材ETF,0.937223,444
159516,半导体设备ETF,117.33461914,444
159941,纳指ETF,316.8295563,444
510650,金融地产ETF,0.3541113,444
588170,科创半导体ETF,42.04774423,444
512700,银行ETF南方,12.87898736,444
516980,证券ETF先锋,0.51343552,444
159609,光伏龙头ETF,3.02613011,444
515020,银行ETF基金,8.82272373,444
588960,科创板新能源ETF,2.02153752,444
516210,银行ETF指数基金,1.46937518,444
512730,银行ETF指数,1.23809274,444
516310,银行ETF易方达,25.06674092,444
159618,光伏ETF指数基金,0.66033651,444
159123,光伏ETF嘉实,8.69402222,444
512800,银行ETF,120.57202188,444
159662,交运ETF南方,0.87878257,444
588710,科创半导体设备ETF,11.51250424,444
517900,银行AH优选ETF,10.81175444,444
515290,银行ETF天弘,50.91519672,444
159558,半导体设备ETF易方达,24.16607436,444
159630,A100ETF汇添富,0.12704559,444
159887,银行ETF,13.39465541,444
159940,金融地产ETF,6.47976039,444
159967,创业板成长ETF,30.08363671,444
159933,国投金融地产ETF,1.30034118,444
512070,证券保险ETF易方达,201.48298737,444
510230,金融ETF,47.9799332,444
512820,银行ETF龙头,8.679605,444
513730,东南亚科技ETF,12.52777336,444
589020,科创半导体ETF鹏华,3.59987695,444
513290,纳指生物科技ETF,16.02291605,444
513310,中韩半导体ETF,43.65553203,444
159502,标普生物科技ETF,22.80697869,444
