日期,ETF代码,开盘,收盘,最高,最低,成交量,成交额,振幅,涨跌幅,涨跌额,换手率,ETF名称,前收盘,复权状态,交易状态,,,
2026-01-05,159231,0.675,0.678,0.685,0.666,18098800.0,12201444.1,2.84,1.50,0.01,13.91,,0.68,不复权，正常交易,,,
2026-01-06,159231,0.679,0.703,0.703,0.676,29853600.0,20424400.3,3.98,3.69,0.02,21.78,,0.68,不复权，正常交易,,,
2026-01-07,159231,0.7,0.695,0.71,0.684,25102800.0,17419428.7,3.70,-1.14,-0.01,15.88,,0.70,不复权，正常交易,,,
2026-01-08,159231,0.689,0.726,0.726,0.689,28366300.0,19971887.2,5.32,4.46,0.03,17.39,,0.69,不复权，正常交易,,,
2026-01-09,159231,0.731,0.746,0.757,0.726,33833300.0,25074604.1,4.27,2.75,0.02,19.10,,0.73,不复权，正常交易,,,
2026-01-12,159231,0.762,0.811,0.82,0.756,55471700.0,43498971.1,8.58,8.71,0.07,28.00,,0.75,不复权，正常交易,,,
2026-01-13,159231,0.849,0.752,0.849,0.747,71263700.0,54305880.6,12.58,-7.28,-0.06,30.44,,0.81,不复权，正常交易,,,
2026-01-14,159231,0.75,0.759,0.781,0.7,44981100.0,34205544.8,10.77,0.93,0.01,16.06,,0.75,不复权，正常交易,,,
2026-01-15,159231,0.743,0.732,0.752,0.723,23712400.0,17475846.1,3.82,-3.56,-0.03,8.23,,0.76,不复权，正常交易,,,
2026-01-16,159231,0.732,0.727,0.74,0.72,16217200.0,11817978.3,2.73,-0.68,-0.01,5.59,,0.73,不复权，正常交易,,,
2026-01-19,159231,0.722,0.743,0.749,0.719,25808800.0,18970821.1,4.13,2.20,0.02,8.96,,0.73,不复权，正常交易,,,
2026-01-20,159231,0.746,0.72,0.748,0.712,20827700.0,15149531.5,4.85,-3.10,-0.02,7.38,,0.74,不复权，正常交易,,,
2026-01-21,159231,0.714,0.718,0.728,0.707,11445754.0,8253246.78,2.92,-0.28,-0.00,4.10,,0.72,不复权，正常交易,,,
2026-01-22,159231,0.718,0.736,0.736,0.717,17683300.0,12856954.0,2.65,2.51,0.02,6.31,,0.72,不复权，正常交易,,,
2026-01-23,159231,0.74,0.763,0.765,0.732,17175400.0,12886809.9,4.48,3.67,0.03,6.27,,0.74,不复权，正常交易,,,
2026-01-26,159231,0.763,0.726,0.764,0.722,22733900.0,16782496.9,5.50,-4.85,-0.04,8.23,,0.76,不复权，正常交易,,,
2026-01-27,159231,0.725,0.735,0.738,0.712,24514120.0,17776737.88,3.58,1.24,0.01,8.63,,0.73,不复权，正常交易,,,
2026-01-28,159231,0.735,0.721,0.735,0.717,11286002.0,8148975.036,2.45,-1.90,-0.01,3.86,,0.73,不复权，正常交易,,,
2026-01-29,159231,0.715,0.71,0.726,0.709,12101100.0,8674127.9,2.36,-1.53,-0.01,4.11,,0.72,不复权，正常交易,,,
2026-01-30,159231,0.705,0.699,0.716,0.683,12834700.0,8917465.7,4.65,-1.55,-0.01,4.31,,0.71,不复权，正常交易,,,
2026-02-02,159231,0.696,0.684,0.705,0.68,7361400.0,5095272.2,3.58,-2.15,-0.01,2.44,,0.70,不复权，正常交易,,,
2026-02-03,159231,0.685,0.708,0.708,0.684,10921800.0,7614220.8,3.51,3.51,0.02,3.63,,0.68,不复权，正常交易,,,
2026-02-04,159231,0.708,0.709,0.718,0.699,9454100.0,6681182.6,2.68,0.14,0.00,3.19,,0.71,不复权，正常交易,,,
2026-02-05,159231,0.707,0.703,0.714,0.699,4467100.0,3143511.0,2.12,-0.85,-0.01,1.51,,0.71,不复权，正常交易,,,
2026-02-06,159231,0.699,0.692,0.703,0.688,6112700.0,4249179.3,2.13,-1.56,-0.01,2.06,,0.70,不复权，正常交易,,,
2026-02-09,159231,0.693,0.703,0.705,0.693,6992700.0,4901295.2,1.73,1.59,0.01,2.34,,0.69,不复权，正常交易,,,
2026-02-10,159231,0.705,0.702,0.705,0.691,8261300.0,5762678.4,1.99,-0.14,-0.00,2.74,,0.70,不复权，正常交易,,,
2026-02-11,159231,0.707,0.696,0.709,0.695,12647000.0,8860609.0,1.99,-0.85,-0.01,4.24,,0.70,不复权，正常交易,,,
2026-02-12,159231,0.696,0.698,0.7,0.688,4175100.0,2905790.9,1.72,0.29,0.00,1.38,,0.70,不复权，正常交易,,,
2026-02-13,159231,0.695,0.701,0.706,0.694,10481600.0,7342907.1,1.72,0.43,0.00,3.46,,0.70,不复权，正常交易,,,
2026-02-24,159231,0.702,0.703,0.709,0.697,7222600.0,5085561.4,1.71,0.29,0.00,2.39,,0.70,不复权，正常交易,,,
2026-02-25,159231,0.703,0.707,0.709,0.698,17593800.0,12396054.7,1.56,0.57,0.00,5.86,,0.70,不复权，正常交易,,,
2026-02-26,159231,0.707,0.716,0.716,0.701,15225200.0,10802753.6,2.12,1.27,0.01,5.04,,0.71,不复权，正常交易,,,
2026-02-27,159231,0.713,0.715,0.721,0.71,12702400.0,9071211.5,1.54,-0.14,-0.00,4.28,,0.72,不复权，正常交易,,,
2026-03-02,159231,0.726,0.733,0.741,0.714,20412100.0,14863129.1,3.78,2.52,0.02,6.80,,0.71,不复权，正常交易,,,
2026-03-03,159231,0.731,0.684,0.731,0.683,18648326.0,12987497.666,6.55,-6.68,-0.05,6.11,,0.73,不复权，正常交易,,,
2026-03-04,159231,0.67,0.697,0.703,0.67,14262000.0,9934060.0,4.82,1.90,0.01,4.63,,0.68,不复权，正常交易,,,
2026-03-05,159231,0.701,0.701,0.705,0.693,9948200.0,6951825.6,1.72,0.57,0.00,3.23,,0.70,不复权，正常交易,,,
2026-03-06,159231,0.701,0.712,0.722,0.698,10919900.0,7772498.6,3.42,1.57,0.01,3.58,,0.70,不复权，正常交易,,,
2026-03-09,159231,0.709,0.704,0.709,0.691,11840400.0,8290804.1,2.53,-1.12,-0.01,3.83,,0.71,不复权，正常交易,,,
2026-03-10,159231,0.704,0.711,0.719,0.704,9150400.0,6501599.5,2.13,0.99,0.01,2.96,,0.70,不复权，正常交易,,,
2026-03-11,159231,0.71,0.701,0.712,0.699,8103000.0,5710270.2,1.83,-1.41,-0.01,2.62,,0.71,不复权，正常交易,,,
2026-03-12,159231,0.701,0.685,0.701,0.681,13177200.0,9051864.6,2.85,-2.28,-0.02,4.26,,0.70,不复权，正常交易,,,
2026-03-13,159231,0.682,0.67,0.684,0.667,15168102.0,10259237.652,2.48,-2.19,-0.02,4.88,,0.69,不复权，正常交易,,,
2026-03-16,159231,0.663,0.67,0.67,0.661,9613600.0,6400754.5,1.34,0.00,0.00,3.07,,0.67,不复权，正常交易,,,
2026-03-17,159231,0.667,0.653,0.671,0.652,12131600.0,8028929.4,2.84,-2.54,-0.02,3.91,,0.67,不复权，正常交易,,,
2026-03-18,159231,0.652,0.664,0.665,0.648,9492800.0,6227271.4,2.60,1.68,0.01,3.06,,0.65,不复权，正常交易,,,
2026-03-19,159231,0.66,0.65,0.661,0.648,9454700.0,6171628.3,1.96,-2.11,-0.01,3.06,,0.66,不复权，正常交易,,,
2026-03-20,159231,0.65,0.631,0.655,0.631,9460600.0,6080994.1,3.69,-2.92,-0.02,3.07,,0.65,不复权，正常交易,,,
2026-03-23,159231,0.617,0.601,0.628,0.6,11240100.0,6906782.5,4.44,-4.75,-0.03,3.65,,0.63,不复权，正常交易,,,
2026-03-24,159231,0.606,0.616,0.618,0.602,11704500.0,7145634.3,2.66,2.50,0.02,3.85,,0.60,不复权，正常交易,,,
2026-03-25,159231,0.616,0.628,0.628,0.616,9622900.0,6003626.7,1.95,1.95,0.01,3.25,,0.62,不复权，正常交易,,,
2026-03-26,159231,0.629,0.618,0.63,0.611,11284700.0,6959246.3,3.03,-1.59,-0.01,3.82,,0.63,不复权，正常交易,,,
2026-03-27,159231,0.616,0.617,0.622,0.606,6422300.0,3955498.8,2.59,-0.16,-0.00,2.16,,0.62,不复权，正常交易,,,
2026-03-30,159231,0.61,0.626,0.628,0.608,9492300.0,5887211.9,3.24,1.46,0.01,3.20,,0.62,不复权，正常交易,,,
2026-03-31,159231,0.628,0.624,0.64,0.622,10692600.0,6732583.8,2.88,-0.32,-0.00,3.62,,0.63,不复权，正常交易,,,
2026-04-01,159231,0.636,0.627,0.636,0.621,10439200.0,6524751.0,2.40,0.48,0.00,3.55,,0.62,不复权，正常交易,,,
2026-04-02,159231,0.627,0.615,0.63,0.613,8733500.0,5400669.9,2.71,-1.91,-0.01,2.96,,0.63,不复权，正常交易,,,
2026-04-03,159231,0.617,0.607,0.619,0.606,8642300.0,5279265.7,2.11,-1.30,-0.01,2.92,,0.61,不复权，正常交易,,,
2026-04-07,159231,0.608,0.603,0.609,0.599,8051000.0,4864308.7,1.65,-0.66,-0.00,2.69,,0.61,不复权，正常交易,,,
2026-04-08,159231,0.611,0.634,0.634,0.608,11278700.0,7058353.5,4.31,5.14,0.03,3.77,,0.60,不复权，正常交易,,,
2026-04-09,159231,0.628,0.623,0.632,0.622,9342700.0,5854619.6,1.58,-1.74,-0.01,3.12,,0.63,不复权，正常交易,,,
2026-04-10,159231,0.626,0.629,0.638,0.626,15282000.0,9671129.9,1.93,0.96,0.01,5.13,,0.62,不复权，正常交易,,,
2026-04-13,159231,0.629,0.632,0.634,0.623,15446300.0,9739816.1,1.75,0.48,0.00,5.18,,0.63,不复权，正常交易,,,
2026-04-14,159231,0.632,0.647,0.647,0.63,15048300.0,9620815.9,2.69,2.37,0.02,5.01,,0.63,不复权，正常交易,,,
2026-04-15,159231,0.648,0.648,0.659,0.646,14601504.0,9526332.016,2.01,0.15,0.00,4.93,,0.65,不复权，正常交易,,,
2026-04-16,159231,0.647,0.657,0.657,0.642,15286700.0,9976374.8,2.31,1.39,0.01,5.16,,0.65,不复权，正常交易,,,
2026-04-17,159231,0.657,0.664,0.666,0.651,21465700.0,14080002.4,2.28,1.07,0.01,7.30,,0.66,不复权，正常交易,,,
2026-04-20,159231,0.665,0.683,0.684,0.665,15866600.0,10727327.3,2.86,2.86,0.02,5.17,,0.66,不复权，正常交易,,,
2026-04-21,159231,0.683,0.683,0.686,0.676,15437900.0,10491880.7,1.46,0.00,0.00,5.01,,0.68,不复权，正常交易,,,
2026-04-22,159231,0.671,0.681,0.681,0.671,15934400.0,10786218.9,1.46,-0.29,-0.00,5.17,,0.68,不复权，正常交易,,,
2026-04-23,159231,0.681,0.681,0.692,0.675,20303300.0,13863368.3,2.50,0.00,0.00,6.48,,0.68,不复权，正常交易,,,
2026-04-24,159231,0.68,0.662,0.68,0.658,19527600.0,12976444.2,3.23,-2.79,-0.02,6.18,,0.68,不复权，正常交易,,,
2026-04-27,159231,0.658,0.662,0.663,0.651,12970700.0,8534960.8,1.81,0.00,0.00,4.09,,0.66,不复权，正常交易,,,
2026-04-28,159231,0.663,0.644,0.667,0.641,21758300.0,14156244.0,3.93,-2.72,-0.02,6.84,,0.66,不复权，正常交易,,,
2026-04-29,159231,0.644,0.646,0.647,0.64,14626500.0,9420504.4,1.09,0.31,0.00,4.64,,0.64,不复权，正常交易,,,
2026-04-30,159231,0.644,0.653,0.653,0.641,17952500.0,11650321.3,1.86,1.08,0.01,5.70,,0.65,不复权，正常交易,,,
2026-05-06,159231,0.654,0.666,0.673,0.654,16975000.0,11322880.6,2.91,1.99,0.01,5.39,,0.65,不复权，正常交易,,,
2026-05-07,159231,0.669,0.671,0.671,0.662,19528900.0,13030129.8,1.35,0.75,0.01,6.20,,0.67,不复权，正常交易,,,
2026-05-08,159231,0.67,0.688,0.69,0.665,15272600.0,10380713.4,3.73,2.53,0.02,4.86,,0.67,不复权，正常交易,,,
2026-05-11,159231,0.69,0.689,0.696,0.685,15403900.0,10620821.2,1.60,0.15,0.00,4.92,,0.69,不复权，正常交易,,,
2026-05-12,159231,0.689,0.675,0.692,0.668,14478900.0,9782322.3,3.48,-2.03,-0.01,4.67,,0.69,不复权，正常交易,,,
2026-05-13,159231,0.671,0.683,0.685,0.668,15856100.0,10764056.2,2.52,1.19,0.01,5.06,,0.68,不复权，正常交易,,,
2026-05-14,159231,0.683,0.655,0.685,0.652,17135800.0,11400536.5,4.83,-4.10,-0.03,5.47,,0.68,不复权，正常交易,,,
2026-05-15,159231,0.657,0.639,0.657,0.636,13528500.0,8739532.7,3.21,-2.44,-0.02,4.27,,0.66,不复权，正常交易,,,
2026-05-18,159231,0.639,0.643,0.648,0.635,10994700.0,7054938.1,2.03,0.63,0.00,3.45,,0.64,不复权，正常交易,,,
2026-05-19,159231,0.643,0.641,0.643,0.629,17609000.0,11183852.4,2.18,-0.31,-0.00,5.48,,0.64,不复权，正常交易,,,
2026-05-20,159231,0.639,0.632,0.639,0.629,14292100.0,9023634.5,1.56,-1.40,-0.01,4.45,,0.64,不复权，正常交易,,,
2026-05-21,159231,0.632,0.616,0.642,0.615,17906300.0,11336760.4,4.27,-2.53,-0.02,5.54,,0.63,不复权，正常交易,,,
2026-05-22,159231,0.622,0.62,0.623,0.612,12257600.0,7582150.1,1.79,0.65,0.00,3.79,,0.62,不复权，正常交易,,,
2026-05-25,159231,0.63,0.625,0.63,0.613,15253100.0,9456454.1,2.74,0.81,0.01,4.74,,0.62,不复权，正常交易,,,
2026-05-26,159231,0.622,0.608,0.622,0.599,16676100.0,10093182.1,3.68,-2.72,-0.02,5.18,,0.62,不复权，正常交易,,,
2026-05-27,159231,0.605,0.593,0.612,0.59,26882500.0,16156903.2,3.62,-2.47,-0.02,8.29,,0.61,不复权，正常交易,,,
2026-05-28,159231,0.594,0.601,0.603,0.589,25051700.0,14918911.5,2.36,1.35,0.01,7.75,,0.59,不复权，正常交易,,,
2026-05-29,159231,0.603,0.573,0.605,0.569,20186400.0,11749057.1,5.99,-4.66,-0.03,6.27,,0.60,不复权，正常交易,,,
2026-06-01,159231,0.572,0.571,0.579,0.569,20131900.0,11556775.6,1.75,-0.35,-0.00,6.19,,0.57,不复权，正常交易,,,
2026-06-02,159231,0.571,0.563,0.573,0.552,18287600.0,10254467.6,3.68,-1.40,-0.01,5.54,,0.57,不复权，正常交易,,,
2026-06-03,159231,0.561,0.568,0.576,0.561,17060306.0,9696776.42,2.66,0.89,0.01,5.20,,0.56,不复权，正常交易,,,
2026-06-04,159231,0.568,0.561,0.568,0.555,15319018.0,8553372.444,2.29,-1.23,-0.01,4.65,,0.57,不复权，正常交易,,,
2026-06-05,159231,0.562,0.566,0.574,0.554,15102900.0,8530948.3,3.57,0.89,0.00,4.62,,0.56,不复权，正常交易,,,
2026-06-08,159231,0.557,0.554,0.57,0.547,20071900.0,11193376.6,4.06,-2.12,-0.01,6.14,,0.57,不复权，正常交易,,,
2026-06-09,159231,0.556,0.561,0.562,0.549,16851300.0,9348919.1,2.35,1.26,0.01,5.11,,0.55,不复权，正常交易,,,
2026-06-10,159231,0.563,0.555,0.566,0.549,15566600.0,8615184.2,3.03,-1.07,-0.01,4.72,,0.56,不复权，正常交易,,,
2026-06-11,159231,0.555,0.55,0.557,0.542,14253700.0,7808702.6,2.70,-0.90,-0.01,4.31,,0.56,不复权，正常交易,,,
2026-06-12,159231,0.551,0.572,0.582,0.55,17423700.0,9934635.2,5.82,4.00,0.02,5.23,,0.55,不复权，正常交易,,,
2026-06-15,159231,0.57,0.574,0.574,0.565,12220000.0,6968721.2,1.57,0.35,0.00,3.69,,0.57,不复权，正常交易,,,
2026-06-16,159231,0.583,0.577,0.583,0.57,18437700.0,10611065.2,2.26,0.52,0.00,5.59,,0.57,不复权，正常交易,,,
2026-06-17,159231,0.577,0.578,0.581,0.572,7216800.0,4154926.4,1.56,0.17,0.00,2.17,,0.58,不复权，正常交易,,,
2026-06-18,159231,0.575,0.576,0.582,0.566,12113200.0,6965425.2,2.77,-0.35,-0.00,3.67,,0.58,不复权，正常交易,,,
2026-06-22,159231,0.576,0.571,0.576,0.552,24529400.0,13814702.0,4.17,-0.87,-0.01,7.36,,0.58,不复权，正常交易,,,
2026-06-23,159231,0.569,0.555,0.57,0.552,12050100.0,6780516.5,3.15,-2.80,-0.02,3.75,,0.57,不复权，正常交易,,,
2026-06-24,159231,0.557,0.559,0.56,0.543,17964300.0,9905934.8,3.06,0.72,0.00,5.67,,0.56,不复权，正常交易,,,
2026-06-25,159231,0.558,0.554,0.563,0.545,22162000.0,12252497.0,3.22,-0.89,-0.01,6.92,,0.56,不复权，正常交易,,,
2026-06-26,159231,0.553,0.544,0.554,0.538,15441700.0,8434987.2,2.89,-1.81,-0.01,4.96,,0.55,不复权，正常交易,,,
2026-06-29,159231,0.544,0.538,0.546,0.532,11098900.0,5984633.0,2.57,-1.10,-0.01,3.57,,0.54,不复权，正常交易,,,
2026-06-30,159231,0.538,0.558,0.56,0.538,10082638.0,5544128.5,4.09,3.72,0.02,3.27,,0.54,不复权，正常交易,,,
2026-07-01,159231,0.556,0.562,0.568,0.556,19482600.0,10967866.7,2.15,0.72,0.00,6.34,,0.56,不复权，正常交易,,,
2026-07-02,159231,0.559,0.55,0.565,0.549,20152200.0,11264158.8,2.85,-2.14,-0.01,6.48,,0.56,不复权，正常交易,,,
2026-07-03,159231,0.552,0.57,0.573,0.551,16992200.0,9577815.2,4.00,3.64,0.02,5.46,,0.55,不复权，正常交易,,,
2026-07-06,159231,0.573,0.555,0.576,0.552,25479600.0,14334957.8,4.21,-2.63,-0.01,8.11,,0.57,不复权，正常交易,,,
2026-07-07,159231,0.556,0.538,0.556,0.535,13393400.0,7292152.9,3.78,-3.06,-0.02,4.24,,0.56,不复权，正常交易,,,
2026-07-08,159231,0.538,0.527,0.538,0.525,17024300.0,9038735.0,2.42,-2.04,-0.01,5.35,,0.54,不复权，正常交易,,,
2026-07-09,159231,0.525,0.533,0.534,0.513,17734200.0,9297291.1,3.98,1.14,0.01,5.41,,0.53,不复权，正常交易,,,
2026-07-10,159231,0.532,0.551,0.569,0.525,24049800.0,13150762.3,8.26,3.38,0.02,7.18,,0.53,不复权，正常交易,,,
2026-07-13,159231,0.54,0.512,0.55,0.511,25823900.0,13410404.5,7.08,-7.08,-0.04,7.68,,0.55,不复权，正常交易,,,
2026-07-14,159231,0.511,0.502,0.512,0.49,22014300.0,10950082.3,4.30,-1.95,-0.01,6.53,,0.51,不复权，正常交易,,,
2026-07-15,159231,0.502,0.496,0.506,0.493,16394500.0,8168315.6,2.59,-1.20,-0.01,4.78,,0.50,不复权，正常交易,,,
2026-07-16,159231,0.495,0.493,0.5,0.488,18518100.0,9167558.6,2.42,-0.60,-0.00,5.37,,0.50,不复权，正常交易,,,
2026-07-17,159231,0.492,0.468,0.492,0.465,20431000.0,9751383.3,5.48,-5.07,-0.02,5.90,,0.49,不复权，正常交易,,,
2026-07-20,159231,0.469,0.466,0.476,0.455,20946900.0,9745790.6,4.49,-0.43,-0.00,5.97,,0.47,不复权，正常交易,,,
2026-07-21,159231,0.466,0.478,0.479,0.46,28395500.0,13424764.4,4.08,2.58,0.01,8.11,,0.47,不复权，正常交易,,,
2026-07-22,159231,0.477,0.471,0.477,0.468,17868900.0,8440079.3,1.88,-1.46,-0.01,5.15,,0.48,不复权，正常交易,,,
2026-07-23,159231,0.47,0.479,0.48,0.469,14806200.0,7036934.0,2.34,1.70,0.01,4.24,,0.47,不复权，正常交易,,,
2026-07-24,159231,0.476,0.464,0.479,0.464,10149500.0,4775279.3,3.13,-3.13,-0.01,2.90,,0.48,不复权，正常交易,,,
2026-07-27,159231,0.464,0.477,0.478,0.464,22852000.0,10771160.7,3.02,2.80,0.01,6.53,,0.46,不复权，正常交易,,,
2026-07-28,159231,0.478,0.469,0.478,0.468,18546300.0,8722932.9,2.10,-1.68,-0.01,5.31,,0.48,不复权，正常交易,,,
2026-07-29,159231,0.47,0.478,0.481,0.466,24699700.0,11754372.6,3.20,1.92,0.01,7.08,,0.47,不复权，正常交易,,,
2026-07-30,159231,0.479,0.476,0.482,0.471,24706500.0,11743167.6,2.30,-0.42,-0.00,7.14,,0.48,不复权，正常交易,,,
2026-07-31,159231,0.476,0.482,0.487,0.476,30673900.0,14817473.1,2.31,1.26,0.01,8.81,,0.48,不复权，正常交易,,,
2026-08-03,159231,0.482,0.491,0.492,0.481,16303400.0,7972768.7,2.28,1.87,0.01,4.66,,0.48,不复权，正常交易,,,
2026-08-04,159231,0.491,0.496,0.499,0.491,18996700.0,9407499.9,1.63,1.02,0.01,5.47,,0.49,不复权，正常交易,,,
2026-08-05,159231,0.497,0.5,0.503,0.497,13929200.0,6960787.5,1.21,0.81,0.00,4.02,,0.50,不复权，正常交易,,,
2026-08-06,159231,0.501,0.5,0.504,0.493,10726500.0,5357956.6,2.20,0.00,0.00,3.10,,0.50,不复权，正常交易,,,
2026-08-07,159231,0.5,0.504,0.504,0.49,19333400.0,9604551.7,2.80,0.80,0.00,5.59,,0.50,不复权，正常交易,,,
2026-08-10,159231,0.507,0.514,0.514,0.498,12816500.0,6510768.1,3.17,1.98,0.01,3.77,,0.50,不复权，正常交易,,,
2026-08-11,159231,0.508,0.502,0.508,0.5,24227200.0,12216240.2,1.56,-2.33,-0.01,7.14,,0.51,不复权，正常交易,,,
2026-08-12,159231,0.503,0.508,0.51,0.501,9510900.0,4829777.4,1.79,1.20,0.01,2.80,,0.50,不复权，正常交易,,,
2026-08-13,159231,0.509,0.504,0.512,0.502,7579700.0,3842216.8,1.97,-0.79,-0.00,2.24,,0.51,不复权，正常交易,,,
2026-08-14,159231,0.503,0.504,0.508,0.499,14229500.0,7159313.7,1.79,0.00,0.00,4.20,,0.50,不复权，正常交易,,,
2026-08-17,159231,0.504,0.513,0.513,0.502,9409200.0,4786228.5,2.18,1.79,0.01,2.77,,0.50,不复权，正常交易,,,
2026-08-18,159231,0.513,0.508,0.513,0.503,20152300.0,10189159.9,1.95,-0.97,-0.01,5.96,,0.51,不复权，正常交易,,,
2026-08-19,159231,0.51,0.483,0.511,0.48,23382300.0,11435766.5,6.10,-4.92,-0.03,6.98,,0.51,不复权，正常交易,,,
2026-08-20,159231,0.484,0.481,0.485,0.479,18226600.0,8778537.5,1.24,-0.41,-0.00,5.33,,0.48,不复权，正常交易,,,
2026-08-21,159231,0.479,0.483,0.483,0.475,16923900.0,8123005.5,1.66,0.42,0.00,4.96,,0.48,不复权，正常交易,,,
2026-08-24,159231,0.483,0.477,0.483,0.472,14975000.0,7134794.9,2.28,-1.24,-0.01,4.40,,0.48,不复权，正常交易,,,
2026-08-25,159231,0.475,0.481,0.482,0.471,10641800.0,5086832.7,2.31,0.84,0.00,3.13,,0.48,不复权，正常交易,,,
2026-08-26,159231,0.48,0.483,0.485,0.479,8384200.0,4042472.1,1.25,0.42,0.00,2.46,,0.48,不复权，正常交易,,,
2026-08-27,159231,0.483,0.489,0.49,0.48,11108800.0,5397444.4,2.07,1.24,0.01,3.26,,0.48,不复权，正常交易,,,
2026-08-28,159231,0.489,0.492,0.494,0.488,16231500.0,7981748.4,1.23,0.61,0.00,4.74,,0.49,不复权，正常交易,,,
2026-08-31,159231,0.488,0.499,0.499,0.488,18278900.0,9035072.7,2.24,1.42,0.01,5.41,,0.49,不复权，正常交易,,,
2026-09-01,159231,0.499,0.502,0.503,0.496,13089400.0,6566218.9,1.40,0.60,0.00,3.89,,0.50,不复权，正常交易,,,
2026-09-02,159231,0.5,0.502,0.505,0.496,13240700.0,6631570.6,1.79,0.00,0.00,3.98,,0.50,不复权，正常交易,,,
2026-09-03,159231,0.501,0.501,0.502,0.498,14222200.0,7110426.8,0.80,-0.20,-0.00,4.27,,0.50,不复权，正常交易,,,
2026-09-04,159231,0.503,0.503,0.511,0.5,15201000.0,7702157.5,2.20,0.40,0.00,4.56,,0.50,不复权，正常交易,,,
2026-09-07,159231,0.503,0.499,0.503,0.497,11923800.0,5953741.3,1.19,-0.80,-0.00,3.62,,0.50,不复权，正常交易,,,
2026-09-08,159231,0.499,0.506,0.506,0.496,15119800.0,7615316.0,2.00,1.40,0.01,4.61,,0.51,不复权，正常交易,,,
2026-09-09,159231,0.505,0.508,0.513,0.504,10453300.0,5319292.5,1.78,0.40,0.00,3.20,,0.51,不复权，正常交易,,,
2026-09-10,159231,0.506,0.505,0.509,0.501,10672600.0,5385098.5,1.57,-0.59,-0.00,3.28,,0.51,不复权，正常交易,,,
2026-09-11,159231,0.501,0.5,0.503,0.491,14240100.0,7072267.1,2.38,-0.99,-0.01,4.39,,0.50,不复权，正常交易,,,
