ETF代码,ETF名称,市场价格,IOPV,折溢价率,净值时间,计算时间,timestamp
562880,电池ETF嘉实,0.706,0.7025,-0.5,2025-09-05 11:12:20+08:00,2025-09-05 11:12:19,2025-09-05 11:12:41
561910,电池ETF,0.69,0.6878,-0.32,2025-09-05 11:12:20+08:00,2025-09-05 11:12:19,2025-09-05 11:12:41
159796,电池50ETF,0.812,0.8113,-0.09,2025-09-05 11:12:33+08:00,2025-09-05 11:12:19,2025-09-05 11:12:41
159775,新能源车电池ETF,0.75,0.7464,-0.48,2025-09-05 11:12:30+08:00,2025-09-05 11:12:19,2025-09-05 11:12:41
159840,锂电池ETF,0.716,0.7149,-0.15,2025-09-05 11:12:33+08:00,2025-09-05 11:12:19,2025-09-05 11:12:41
588830,科创新能源ETF,1.441,1.4395,-0.1,2025-09-05 11:12:18+08:00,2025-09-05 11:12:19,2025-09-05 11:12:41
561160,锂电池ETF,0.69,0.689,-0.15,2025-09-05 11:12:22+08:00,2025-09-05 11:12:19,2025-09-05 11:12:41
159755,电池ETF,0.895,0.8919,-0.35,2025-09-05 11:12:33+08:00,2025-09-05 11:12:19,2025-09-05 11:12:41
159767,电池龙头ETF,0.729,0.7265,-0.34,2025-09-05 11:12:24+08:00,2025-09-05 11:12:19,2025-09-05 11:12:41
159757,电池30ETF,0.741,0.7396,-0.19,2025-09-05 11:12:21+08:00,2025-09-05 11:12:19,2025-09-05 11:12:41
159857,光伏ETF,0.751,0.751,0.0,2025-09-05 11:12:33+08:00,2025-09-05 11:12:19,2025-09-05 11:12:41
516160,新能源ETF,2.458,2.4569,-0.04,2025-09-05 11:12:27+08:00,2025-09-05 11:12:19,2025-09-05 11:12:41
516390,新能源汽车ETF,0.845,0.8466,0.19,2025-09-05 11:12:25+08:00,2025-09-05 11:12:19,2025-09-05 11:12:41
515790,光伏ETF,0.887,0.8866,-0.05,2025-09-05 11:12:27+08:00,2025-09-05 11:12:19,2025-09-05 11:12:41
515700,新能车ETF,2.078,2.0798,0.09,2025-09-05 11:12:23+08:00,2025-09-05 11:12:19,2025-09-05 11:12:41
159824,新能车ETF,1.043,1.0432,0.02,2025-09-05 11:12:33+08:00,2025-09-05 11:12:19,2025-09-05 11:12:41
516850,新能源ETF基金,0.896,0.8945,-0.17,2025-09-05 11:12:23+08:00,2025-09-05 11:12:19,2025-09-05 11:12:41
159806,新能源车ETF,0.679,0.6778,-0.18,2025-09-05 11:12:33+08:00,2025-09-05 11:12:19,2025-09-05 11:12:41
515030,新能源车ETF,1.557,1.5584,0.09,2025-09-05 11:12:27+08:00,2025-09-05 11:12:19,2025-09-05 11:12:41
516270,新能源50ETF,0.575,0.5766,0.28,2025-09-05 11:12:26+08:00,2025-09-05 11:12:19,2025-09-05 11:12:41
516660,新能源车ETF基金,0.958,0.96,0.21,2025-09-05 11:12:22+08:00,2025-09-05 11:12:19,2025-09-05 11:12:41
159875,新能源ETF,0.58,0.5805,0.09,2025-09-05 11:12:33+08:00,2025-09-05 11:12:19,2025-09-05 11:12:41
516090,新能源ETF易方达,0.477,0.4775,0.1,2025-09-05 11:12:27+08:00,2025-09-05 11:12:19,2025-09-05 11:12:41
159991,创大盘ETF,0.681,0.682,0.15,2025-09-05 11:12:27+08:00,2025-09-05 11:12:19,2025-09-05 11:12:41
159566,储能电池ETF,1.865,1.8652,0.01,2025-09-05 11:12:33+08:00,2025-09-05 11:12:19,2025-09-05 11:12:41
159752,新能源龙头ETF,0.591,0.5905,-0.08,2025-09-05 11:12:30+08:00,2025-09-05 11:12:19,2025-09-05 11:12:41
159864,光伏50ETF,0.572,0.5746,0.45,2025-09-05 11:12:33+08:00,2025-09-05 11:12:19,2025-09-05 11:12:41
516070,低碳ETF易方达,0.552,0.5529,0.16,2025-09-05 11:12:27+08:00,2025-09-05 11:12:19,2025-09-05 11:12:41
159637,新能源车龙头ETF,0.773,0.772,-0.13,2025-09-05 11:12:33+08:00,2025-09-05 11:12:19,2025-09-05 11:12:41
159949,创业板50ETF,1.346,1.3444,-0.12,2025-09-05 11:12:27+08:00,2025-09-05 11:12:19,2025-09-05 11:12:41
159375,创业板50ETF国泰,1.49,1.4862,-0.26,2025-09-05 11:12:36+08:00,2025-09-05 11:12:19,2025-09-05 11:12:41
159861,碳中和50ETF,1.024,1.0245,0.05,2025-09-05 11:12:30+08:00,2025-09-05 11:12:19,2025-09-05 11:12:41
159885,碳中和ETF基金,0.716,0.7163,0.04,2025-09-05 11:12:15+08:00,2025-09-05 11:12:19,2025-09-05 11:12:41
159790,碳中和ETF,0.694,0.6935,-0.07,2025-09-05 11:12:33+08:00,2025-09-05 11:12:19,2025-09-05 11:12:41
516290,光伏龙头ETF,0.55,0.5505,0.09,2025-09-05 11:12:26+08:00,2025-09-05 11:12:19,2025-09-05 11:12:41
159597,创业板成长ETF易方达,1.805,1.8053,0.02,2025-09-05 11:12:33+08:00,2025-09-05 11:12:19,2025-09-05 11:12:41
588010,科创新材料ETF,0.751,0.7518,0.11,2025-09-05 11:12:18+08:00,2025-09-05 11:12:19,2025-09-05 11:12:41
159373,创业板50ETF嘉实,1.429,1.4295,0.03,2025-09-05 11:12:36+08:00,2025-09-05 11:12:19,2025-09-05 11:12:41
562970,光伏ETF易方达,1.004,1.0029,-0.11,2025-09-05 11:12:19+08:00,2025-09-05 11:12:19,2025-09-05 11:12:41
588400,科创创业ETF嘉实,0.807,0.8117,0.58,2025-09-05 11:12:18+08:00,2025-09-05 11:12:19,2025-09-05 11:12:41
159682,创业50ETF,1.306,1.3055,-0.04,2025-09-05 11:12:33+08:00,2025-09-05 11:12:19,2025-09-05 11:12:41
159369,创业板50ETF易方达,1.14,1.1403,0.03,2025-09-05 11:12:36+08:00,2025-09-05 11:12:19,2025-09-05 11:12:41
516880,光伏50ETF,0.746,0.7472,0.16,2025-09-05 11:12:24+08:00,2025-09-05 11:12:19,2025-09-05 11:12:41
159814,创业大盘ETF,0.599,0.5975,-0.25,2025-09-05 11:12:33+08:00,2025-09-05 11:12:19,2025-09-05 11:12:41
159681,创50ETF,1.321,1.3212,0.02,2025-09-05 11:12:33+08:00,2025-09-05 11:12:19,2025-09-05 11:12:41
159863,光伏ETF基金,0.586,0.5863,0.05,2025-09-05 11:12:21+08:00,2025-09-05 11:12:19,2025-09-05 11:12:41
588360,科创创业ETF,0.865,0.8697,0.54,2025-09-05 11:12:16+08:00,2025-09-05 11:12:19,2025-09-05 11:12:41
588160,科创材料ETF,0.765,0.765,0.0,2025-09-05 11:12:17+08:00,2025-09-05 11:12:19,2025-09-05 11:12:41
159383,创业板50ETF华泰柏瑞,1.39,1.3906,0.04,2025-09-05 11:12:36+08:00,2025-09-05 11:12:19,2025-09-05 11:12:41
561800,稀有金属ETF基金,0.79,0.7884,-0.2,2025-09-05 11:12:18+08:00,2025-09-05 11:12:19,2025-09-05 11:12:41
159782,双创50ETF,0.8,0.8026,0.32,2025-09-05 11:12:33+08:00,2025-09-05 11:12:19,2025-09-05 11:12:41
512580,环保ETF,1.152,1.1538,0.16,2025-09-05 11:12:27+08:00,2025-09-05 11:12:19,2025-09-05 11:12:41
159609,光伏龙头ETF,0.514,0.5125,-0.29,2025-09-05 11:12:33+08:00,2025-09-05 11:12:19,2025-09-05 11:12:41
159388,创业板人工智能ETF国泰,1.678,1.6751,-0.17,2025-09-05 11:12:33+08:00,2025-09-05 11:12:19,2025-09-05 11:12:41
588330,双创龙头ETF,0.813,0.8139,0.11,2025-09-05 11:12:16+08:00,2025-09-05 11:12:19,2025-09-05 11:12:41
159971,创业板ETF富国,1.996,1.9971,0.06,2025-09-05 11:12:27+08:00,2025-09-05 11:12:19,2025-09-05 11:12:41
515880,通信ETF,2.446,2.4479,0.08,2025-09-05 11:12:26+08:00,2025-09-05 11:12:19,2025-09-05 11:12:41
159367,创业板50ETF华夏,1.411,1.4156,0.32,2025-09-05 11:12:36+08:00,2025-09-05 11:12:19,2025-09-05 11:12:41
159957,创业板ETF华夏,1.881,1.8801,-0.05,2025-09-05 11:12:27+08:00,2025-09-05 11:12:19,2025-09-05 11:12:41
588660,科创创业50ETF基金,1.364,1.3697,0.42,2025-09-05 11:12:16+08:00,2025-09-05 11:12:19,2025-09-05 11:12:41
159948,创业板ETF南方,3.167,3.1697,0.09,2025-09-05 11:12:27+08:00,2025-09-05 11:12:19,2025-09-05 11:12:41
159242,创业板人工智能ETF大成,1.377,1.381,0.29,2025-09-05 11:12:36+08:00,2025-09-05 11:12:19,2025-09-05 11:12:41
159603,双创龙头ETF,1.24,1.2403,0.02,2025-09-05 11:12:30+08:00,2025-09-05 11:12:19,2025-09-05 11:12:41
159811,5G50ETF,1.918,1.9146,-0.18,2025-09-05 11:12:33+08:00,2025-09-05 11:12:19,2025-09-05 11:12:41
588380,双创50ETF,0.82,0.821,0.12,2025-09-05 11:12:16+08:00,2025-09-05 11:12:19,2025-09-05 11:12:41
159908,创业板ETF博时,2.665,2.6705,0.21,2025-09-05 11:12:27+08:00,2025-09-05 11:12:19,2025-09-05 11:12:41
515050,5G通信ETF,1.842,1.8458,0.21,2025-09-05 11:12:25+08:00,2025-09-05 11:12:19,2025-09-05 11:12:41
159964,创业板ETF平安,1.867,1.8656,-0.08,2025-09-05 11:12:27+08:00,2025-09-05 11:12:19,2025-09-05 11:12:41
159977,创业板ETF天弘,2.98,2.9855,0.18,2025-09-05 11:12:27+08:00,2025-09-05 11:12:19,2025-09-05 11:12:41
159382,创业板人工智能ETF南方,1.759,1.7556,-0.19,2025-09-05 11:12:36+08:00,2025-09-05 11:12:19,2025-09-05 11:12:41
159608,稀有金属ETF,0.853,0.8523,-0.08,2025-09-05 11:12:33+08:00,2025-09-05 11:12:19,2025-09-05 11:12:41
588300,双创ETF,0.825,0.8264,0.17,2025-09-05 11:12:17+08:00,2025-09-05 11:12:19,2025-09-05 11:12:41
159780,双创ETF,0.799,0.8047,0.71,2025-09-05 11:12:33+08:00,2025-09-05 11:12:19,2025-09-05 11:12:41
562800,稀有金属ETF,0.742,0.7422,0.03,2025-09-05 11:12:19+08:00,2025-09-05 11:12:19,2025-09-05 11:12:41
159676,创业板增强ETF富国,1.266,1.2695,0.28,2025-09-05 11:12:30+08:00,2025-09-05 11:12:19,2025-09-05 11:12:41
159994,5GETF,1.51,1.513,0.2,2025-09-05 11:12:27+08:00,2025-09-05 11:12:19,2025-09-05 11:12:41
159205,创业板ETF东财,1.391,1.3963,0.38,2025-09-05 11:12:39+08:00,2025-09-05 11:12:19,2025-09-05 11:12:41
159915,创业板ETF,2.849,2.8505,0.05,2025-09-05 11:12:27+08:00,2025-09-05 11:12:19,2025-09-05 11:12:41
159381,创业板人工智能ETF华夏,1.543,1.5441,0.07,2025-09-05 11:12:36+08:00,2025-09-05 11:12:19,2025-09-05 11:12:41
159246,创业板人工智能ETF富国,1.546,1.5465,0.03,2025-09-05 11:12:36+08:00,2025-09-05 11:12:19,2025-09-05 11:12:41
159761,新材料50ETF,0.613,0.6119,-0.18,2025-09-05 11:12:33+08:00,2025-09-05 11:12:19,2025-09-05 11:12:41
560660,云50ETF,1.754,1.7516,-0.14,2025-09-05 11:12:21+08:00,2025-09-05 11:12:19,2025-09-05 11:12:41
159952,创业板ETF广发,1.738,1.7412,0.18,2025-09-05 11:12:27+08:00,2025-09-05 11:12:19,2025-09-05 11:12:41
159783,科创创业50ETF,0.802,0.8067,0.58,2025-09-05 11:12:33+08:00,2025-09-05 11:12:19,2025-09-05 11:12:41
159958,创业板ETF工银,1.733,1.7349,0.11,2025-09-05 11:12:27+08:00,2025-09-05 11:12:19,2025-09-05 11:12:41
159363,创业板人工智能ETF华宝,0.819,0.8197,0.09,2025-09-05 11:12:36+08:00,2025-09-05 11:12:19,2025-09-05 11:12:41
159773,创业板科技ETF,1.031,1.031,0.0,2025-09-05 11:12:33+08:00,2025-09-05 11:12:19,2025-09-05 11:12:41
159732,消费电子ETF,1.004,1.0045,0.05,2025-09-05 11:12:33+08:00,2025-09-05 11:12:19,2025-09-05 11:12:41
562910,高端制造ETF,0.76,0.7608,0.11,2025-09-05 11:12:18+08:00,2025-09-05 11:12:19,2025-09-05 11:12:41
159781,科创创业ETF,0.795,0.7997,0.59,2025-09-05 11:12:33+08:00,2025-09-05 11:12:19,2025-09-05 11:12:41
159695,通信ETF,1.836,1.8381,0.11,2025-09-05 11:12:33+08:00,2025-09-05 11:12:19,2025-09-05 11:12:41
159639,碳中和ETF南方,0.901,0.9014,0.04,2025-09-05 11:12:33+08:00,2025-09-05 11:12:19,2025-09-05 11:12:41
159273,云计算ETF汇添富,1.21,1.2066,-0.28,2025-09-05 11:12:36+08:00,2025-09-05 11:12:19,2025-09-05 11:12:41
561380,电网ETF,1.374,1.3747,0.05,2025-09-05 11:12:22+08:00,2025-09-05 11:12:19,2025-09-05 11:12:41
159956,创业板ETF建信,1.81,1.8161,0.34,2025-09-05 11:12:27+08:00,2025-09-05 11:12:19,2025-09-05 11:12:41
588910,科创价值ETF,1.221,1.2197,-0.11,2025-09-05 11:12:18+08:00,2025-09-05 11:12:19,2025-09-05 11:12:41
159671,稀有金属ETF基金,1.033,1.0342,0.12,2025-09-05 11:12:33+08:00,2025-09-05 11:12:19,2025-09-05 11:12:41
515860,科技ETF嘉实,1.57,1.571,0.06,2025-09-05 11:12:24+08:00,2025-09-05 11:12:19,2025-09-05 11:12:41
515580,科技100ETF,1.11,1.1072,-0.25,2025-09-05 11:12:24+08:00,2025-09-05 11:12:19,2025-09-05 11:12:41
561330,矿业ETF,1.439,1.4406,0.11,2025-09-05 11:12:17+08:00,2025-09-05 11:12:19,2025-09-05 11:12:41
159906,深成长龙头ETF,1.25,1.2516,0.13,2025-09-05 11:12:27+08:00,2025-09-05 11:12:19,2025-09-05 11:12:41
159675,创业板增强ETF,1.2,1.2051,0.42,2025-09-05 11:12:21+08:00,2025-09-05 11:12:19,2025-09-05 11:12:41
560060,碳中和ETF,0.882,0.8826,0.07,2025-09-05 11:12:20+08:00,2025-09-05 11:12:19,2025-09-05 11:12:41
159667,工业母机ETF,1.371,1.3695,-0.11,2025-09-05 11:12:33+08:00,2025-09-05 11:12:19,2025-09-05 11:12:41
159836,创业板300ETF天弘,1.088,1.0881,0.01,2025-09-05 11:12:33+08:00,2025-09-05 11:12:19,2025-09-05 11:12:41
588960,科创板新能源ETF,1.296,1.2948,-0.09,2025-09-05 11:12:18+08:00,2025-09-05 11:12:19,2025-09-05 11:12:41
515980,人工智能ETF,1.565,1.5637,-0.08,2025-09-05 11:12:26+08:00,2025-09-05 11:12:19,2025-09-05 11:12:41
159967,创业板成长ETF,0.565,0.5661,0.19,2025-09-05 11:12:27+08:00,2025-09-05 11:12:19,2025-09-05 11:12:41
159292,创业板综增强ETF华宝,1.0,1.0019,0.19,2025-09-05 11:12:36+08:00,2025-09-05 11:12:19,2025-09-05 11:12:41
520970,港股通创新药ETF嘉实,1.069,1.0719,0.27,2025-09-05 11:12:23+08:00,2025-09-05 11:12:19,2025-09-05 11:12:41
517120,创新药ETF华泰柏瑞,0.804,0.8015,-0.31,2025-09-05 11:12:24+08:00,2025-09-05 11:12:19,2025-09-05 11:12:41
516050,科技龙头ETF,0.944,0.9489,0.52,2025-09-05 11:12:26+08:00,2025-09-05 11:12:19,2025-09-05 11:12:41
159583,通信设备ETF,1.999,2.016,0.84,2025-09-05 11:12:33+08:00,2025-09-05 11:12:19,2025-09-05 11:12:41
159880,有色ETF基金,1.489,1.4911,0.14,2025-09-05 11:12:33+08:00,2025-09-05 11:12:19,2025-09-05 11:12:41
512770,战略新兴ETF,1.873,1.8707,-0.12,2025-09-05 11:12:26+08:00,2025-09-05 11:12:19,2025-09-05 11:12:41
516650,有色金属ETF基金,1.431,1.4309,-0.01,2025-09-05 11:12:23+08:00,2025-09-05 11:12:19,2025-09-05 11:12:41
516010,游戏ETF,1.445,1.4468,0.12,2025-09-05 11:12:25+08:00,2025-09-05 11:12:19,2025-09-05 11:12:41
159641,双碳ETF,0.944,0.9441,0.01,2025-09-05 11:12:33+08:00,2025-09-05 11:12:19,2025-09-05 11:12:41
159909,TMT50ETF,0.946,0.9467,0.07,2025-09-05 11:12:24+08:00,2025-09-05 11:12:19,2025-09-05 11:12:41
516770,游戏ETF华泰柏瑞,1.504,1.5064,0.16,2025-09-05 11:12:24+08:00,2025-09-05 11:12:19,2025-09-05 11:12:41
513120,港股创新药ETF,1.545,1.5501,0.33,2025-09-05 11:12:28+08:00,2025-09-05 11:12:19,2025-09-05 11:12:41
513780,港股创新药50ETF,1.971,1.9833,0.62,2025-09-05 11:12:27+08:00,2025-09-05 11:12:19,2025-09-05 11:12:41
159871,有色金属ETF,1.484,1.483,-0.07,2025-09-05 11:12:33+08:00,2025-09-05 11:12:19,2025-09-05 11:12:41
159869,游戏ETF,1.455,1.4557,0.05,2025-09-05 11:12:33+08:00,2025-09-05 11:12:19,2025-09-05 11:12:41
159640,碳中和龙头ETF,0.891,0.8915,0.06,2025-09-05 11:12:30+08:00,2025-09-05 11:12:19,2025-09-05 11:12:41
515000,科技ETF,1.793,1.7954,0.13,2025-09-05 11:12:29+08:00,2025-09-05 11:12:19,2025-09-05 11:12:41
562990,碳中和ETF易方达,0.9,0.9,0.0,2025-09-05 11:12:19+08:00,2025-09-05 11:12:19,2025-09-05 11:12:41
159876,有色龙头ETF,0.758,0.7588,0.11,2025-09-05 11:12:33+08:00,2025-09-05 11:12:19,2025-09-05 11:12:41
159652,有色50ETF,1.267,1.2671,0.01,2025-09-05 11:12:33+08:00,2025-09-05 11:12:19,2025-09-05 11:12:41
159713,稀土ETF,1.197,1.1966,-0.03,2025-09-05 11:12:33+08:00,2025-09-05 11:12:19,2025-09-05 11:12:41
159715,稀土ETF易方达,1.094,1.0947,0.06,2025-09-05 11:12:33+08:00,2025-09-05 11:12:19,2025-09-05 11:12:41
563030,中证500增强ETF易方达,1.245,1.2421,-0.23,2025-09-05 11:12:19+08:00,2025-09-05 11:12:19,2025-09-05 11:12:41
520700,港股创新药ETF基金,1.909,1.9159,0.36,2025-09-05 11:12:24+08:00,2025-09-05 11:12:19,2025-09-05 11:12:41
159738,云计算ETF华泰柏瑞,1.695,1.6969,0.11,2025-09-05 11:12:30+08:00,2025-09-05 11:12:19,2025-09-05 11:12:41
517390,云计算ETF沪港深,1.602,1.6029,0.06,2025-09-05 11:12:23+08:00,2025-09-05 11:12:19,2025-09-05 11:12:41
159530,机器人ETF易方达,1.491,1.4917,0.05,2025-09-05 11:12:33+08:00,2025-09-05 11:12:19,2025-09-05 11:12:41
159541,创业板综ETF万家,1.415,1.4142,-0.06,2025-09-05 11:12:33+08:00,2025-09-05 11:12:19,2025-09-05 11:12:41
159859,生物医药ETF,0.448,0.4477,-0.07,2025-09-05 11:12:33+08:00,2025-09-05 11:12:19,2025-09-05 11:12:41
561100,消费电子ETF富国,1.161,1.1672,0.53,2025-09-05 11:12:20+08:00,2025-09-05 11:12:19,2025-09-05 11:12:41
561190,双碳ETF,0.9,0.9021,0.23,2025-09-05 11:12:22+08:00,2025-09-05 11:12:19,2025-09-05 11:12:41
159507,通信ETF广发,1.686,1.6889,0.17,2025-09-05 11:12:33+08:00,2025-09-05 11:12:19,2025-09-05 11:12:41
159570,港股通创新药ETF,2.024,2.0285,0.22,2025-09-05 11:12:33+08:00,2025-09-05 11:12:19,2025-09-05 11:12:41
159286,港股创新药ETF鹏华,1.014,1.0239,0.97,2025-09-05 11:12:36+08:00,2025-09-05 11:12:19,2025-09-05 11:12:41
520500,恒生创新药ETF,2.066,2.0727,0.32,2025-09-05 11:12:22+08:00,2025-09-05 11:12:19,2025-09-05 11:12:41
512330,信息科技ETF,1.255,1.2603,0.42,2025-09-05 11:12:30+08:00,2025-09-05 11:12:19,2025-09-05 11:12:41
560980,光伏ETF龙头,0.608,0.6057,-0.38,2025-09-05 11:12:22+08:00,2025-09-05 11:12:19,2025-09-05 11:12:41
159559,机器人50ETF,1.337,1.3409,0.29,2025-09-05 11:12:33+08:00,2025-09-05 11:12:19,2025-09-05 11:12:41
159562,黄金股ETF,1.949,1.9399,-0.47,2025-09-05 11:12:33+08:00,2025-09-05 11:12:19,2025-09-05 11:12:41
159567,港股创新药ETF,0.997,1.0023,0.53,2025-09-05 11:12:33+08:00,2025-09-05 11:12:19,2025-09-05 11:12:41
159511,通信ETF南方,1.613,1.6136,0.04,2025-09-05 11:12:33+08:00,2025-09-05 11:12:19,2025-09-05 11:12:41
159807,科技ETF,0.655,0.6582,0.49,2025-09-05 11:12:30+08:00,2025-09-05 11:12:19,2025-09-05 11:12:41
159663,机床ETF,1.354,1.3551,0.08,2025-09-05 11:12:33+08:00,2025-09-05 11:12:19,2025-09-05 11:12:41
588350,双创50ETF基金,1.244,1.2441,0.01,2025-09-05 11:12:18+08:00,2025-09-05 11:12:19,2025-09-05 11:12:41
159748,创新药ETF富国,0.896,0.8967,0.08,2025-09-05 11:12:33+08:00,2025-09-05 11:12:19,2025-09-05 11:12:41
159287,创业板综ETF博时,1.016,1.0176,0.16,2025-09-05 11:12:36+08:00,2025-09-05 11:12:19,2025-09-05 11:12:41
520690,港股创新药精选ETF,1.06,1.0635,0.33,2025-09-05 11:12:23+08:00,2025-09-05 11:12:19,2025-09-05 11:12:41
159973,民企ETF,1.732,1.7318,-0.01,2025-09-05 11:12:21+08:00,2025-09-05 11:12:19,2025-09-05 11:12:41
516780,稀土ETF,1.611,1.6127,0.11,2025-09-05 11:12:22+08:00,2025-09-05 11:12:19,2025-09-05 11:12:41
159997,电子ETF,1.428,1.4254,-0.18,2025-09-05 11:12:24+08:00,2025-09-05 11:12:19,2025-09-05 11:12:41
588210,科创100ETF易方达,1.238,1.2391,0.09,2025-09-05 11:12:17+08:00,2025-09-05 11:12:19,2025-09-05 11:12:41
515260,电子ETF,1.157,1.1557,-0.11,2025-09-05 11:12:25+08:00,2025-09-05 11:12:19,2025-09-05 11:12:41
512400,有色金属ETF,1.481,1.4815,0.03,2025-09-05 11:12:31+08:00,2025-09-05 11:12:19,2025-09-05 11:12:41
159316,恒生创新药ETF,1.648,1.65,0.12,2025-09-05 11:12:36+08:00,2025-09-05 11:12:19,2025-09-05 11:12:41
560860,工业有色ETF,1.211,1.2121,0.09,2025-09-05 11:12:22+08:00,2025-09-05 11:12:19,2025-09-05 11:12:41
562360,机器人ETF基金,1.068,1.0668,-0.11,2025-09-05 11:12:18+08:00,2025-09-05 11:12:19,2025-09-05 11:12:41
588500,科创100增强ETF易方达,1.772,1.7755,0.2,2025-09-05 11:12:18+08:00,2025-09-05 11:12:19,2025-09-05 11:12:41
517520,黄金股ETF,1.78,1.7779,-0.12,2025-09-05 11:12:23+08:00,2025-09-05 11:12:19,2025-09-05 11:12:41
589680,科创综指ETF鹏华,1.197,1.1994,0.2,2025-09-05 11:12:16+08:00,2025-09-05 11:12:19,2025-09-05 11:12:41
159939,信息技术ETF,0.789,0.7931,0.52,2025-09-05 11:12:27+08:00,2025-09-05 11:12:19,2025-09-05 11:12:41
516220,化工龙头ETF,0.749,0.747,-0.27,2025-09-05 11:12:25+08:00,2025-09-05 11:12:19,2025-09-05 11:12:41
589000,科创综指ETF华夏,1.207,1.2073,0.02,2025-09-05 11:12:16+08:00,2025-09-05 11:12:19,2025-09-05 11:12:41
588240,科创200ETF指数,1.292,1.2945,0.19,2025-09-05 11:12:17+08:00,2025-09-05 11:12:19,2025-09-05 11:12:41
159892,恒生医药ETF,0.959,0.9658,0.7,2025-09-05 11:12:27+08:00,2025-09-05 11:12:19,2025-09-05 11:12:41
515070,人工智能AIETF,1.712,1.7157,0.22,2025-09-05 11:12:25+08:00,2025-09-05 11:12:19,2025-09-05 11:12:41
159615,恒生生物科技ETF,1.386,1.389,0.22,2025-09-05 11:12:33+08:00,2025-09-05 11:12:19,2025-09-05 11:12:41
159819,人工智能ETF,1.347,1.3507,0.27,2025-09-05 11:12:33+08:00,2025-09-05 11:12:19,2025-09-05 11:12:41
588900,科创100ETF南方,1.271,1.2686,-0.19,2025-09-05 11:12:17+08:00,2025-09-05 11:12:19,2025-09-05 11:12:41
513280,恒生生物科技ETF,1.357,1.3612,0.31,2025-09-05 11:12:28+08:00,2025-09-05 11:12:19,2025-09-05 11:12:41
517110,创新药ETF国泰,0.848,0.8509,0.34,2025-09-05 11:12:22+08:00,2025-09-05 11:12:19,2025-09-05 11:12:41
516020,化工ETF,0.721,0.7183,-0.38,2025-09-05 11:12:25+08:00,2025-09-05 11:12:19,2025-09-05 11:12:41
589800,科创综指ETF易方达,1.197,1.1996,0.22,2025-09-05 11:12:17+08:00,2025-09-05 11:12:19,2025-09-05 11:12:41
515320,电子50ETF,1.065,1.0685,0.33,2025-09-05 11:12:26+08:00,2025-09-05 11:12:19,2025-09-05 11:12:41
589500,科创综指ETF工银,1.202,1.2056,0.3,2025-09-05 11:12:17+08:00,2025-09-05 11:12:19,2025-09-05 11:12:41
515750,科技50ETF,1.719,1.7192,0.01,2025-09-05 11:12:27+08:00,2025-09-05 11:12:19,2025-09-05 11:12:41
516120,化工50ETF,0.732,0.7312,-0.11,2025-09-05 11:12:26+08:00,2025-09-05 11:12:19,2025-09-05 11:12:41
588370,科创50增强ETF南方,1.296,1.3,0.31,2025-09-05 11:12:19+08:00,2025-09-05 11:12:19,2025-09-05 11:12:41
589880,科创综指ETF建信,1.208,1.2092,0.1,2025-09-05 11:12:17+08:00,2025-09-05 11:12:19,2025-09-05 11:12:41
517380,创新药ETF天弘,0.863,0.8642,0.14,2025-09-05 11:12:23+08:00,2025-09-05 11:12:19,2025-09-05 11:12:41
589770,科创综指ETF招商,1.211,1.2116,0.05,2025-09-05 11:12:18+08:00,2025-09-05 11:12:19,2025-09-05 11:12:41
588390,科创创业50ETF,0.868,0.8712,0.37,2025-09-05 11:12:17+08:00,2025-09-05 11:12:19,2025-09-05 11:12:41
588220,科创100ETF基金,1.257,1.2586,0.13,2025-09-05 11:12:17+08:00,2025-09-05 11:12:19,2025-09-05 11:12:41
588120,科创板100ETF,1.263,1.2648,0.14,2025-09-05 11:12:18+08:00,2025-09-05 11:12:19,2025-09-05 11:12:41
588880,科创100ETF华泰柏瑞,1.221,1.2227,0.14,2025-09-05 11:12:16+08:00,2025-09-05 11:12:19,2025-09-05 11:12:41
512220,TMTETF,2.402,2.4139,0.49,2025-09-05 11:12:29+08:00,2025-09-05 11:12:19,2025-09-05 11:12:41
159248,人工智能ETF基金,1.318,1.3193,0.1,2025-09-05 11:12:36+08:00,2025-09-05 11:12:19,2025-09-05 11:12:41
159786,VRETF,1.056,1.0576,0.15,2025-09-05 11:12:33+08:00,2025-09-05 11:12:19,2025-09-05 11:12:41
159321,黄金股票ETF,1.365,1.3683,0.24,2025-09-05 11:12:36+08:00,2025-09-05 11:12:19,2025-09-05 11:12:41
159805,传媒ETF,1.371,1.371,0.0,2025-09-05 11:12:33+08:00,2025-09-05 11:12:19,2025-09-05 11:12:41
588460,科创50增强ETF,1.466,1.4654,-0.04,2025-09-05 11:12:17+08:00,2025-09-05 11:12:19,2025-09-05 11:12:41
562310,沪深300成长ETF,0.933,0.934,0.11,2025-09-05 11:12:19+08:00,2025-09-05 11:12:19,2025-09-05 11:12:41
512930,AI人工智能ETF,1.925,1.929,0.21,2025-09-05 11:12:26+08:00,2025-09-05 11:12:19,2025-09-05 11:12:41
588190,科创100ETF,1.254,1.2558,0.14,2025-09-05 11:12:17+08:00,2025-09-05 11:12:19,2025-09-05 11:12:41
516630,云计算50ETF,1.484,1.4875,0.24,2025-09-05 11:12:22+08:00,2025-09-05 11:12:19,2025-09-05 11:12:41
560550,碳中和ETF龙头,0.9,0.9024,0.27,2025-09-05 11:12:22+08:00,2025-09-05 11:12:19,2025-09-05 11:12:41
159573,创业板200ETF华夏,1.399,1.3977,-0.09,2025-09-05 11:12:33+08:00,2025-09-05 11:12:19,2025-09-05 11:12:41
159527,云计算ETF广发,1.94,1.9433,0.17,2025-09-05 11:12:33+08:00,2025-09-05 11:12:19,2025-09-05 11:12:41
588030,科创100指数ETF,1.259,1.2609,0.15,2025-09-05 11:12:18+08:00,2025-09-05 11:12:19,2025-09-05 11:12:41
516150,稀土ETF嘉实,1.668,1.67,0.12,2025-09-05 11:12:26+08:00,2025-09-05 11:12:19,2025-09-05 11:12:41
516080,创新药ETF易方达,0.768,0.7687,0.09,2025-09-05 11:12:25+08:00,2025-09-05 11:12:19,2025-09-05 11:12:41
159870,化工ETF,0.68,0.6782,-0.27,2025-09-05 11:12:33+08:00,2025-09-05 11:12:19,2025-09-05 11:12:41
588800,科创100ETF华夏,1.224,1.225,0.08,2025-09-05 11:12:17+08:00,2025-09-05 11:12:19,2025-09-05 11:12:41
517400,黄金股票ETF,1.402,1.4044,0.17,2025-09-05 11:12:22+08:00,2025-09-05 11:12:19,2025-09-05 11:12:41
159506,港股通医疗ETF富国,1.681,1.6909,0.59,2025-09-05 11:12:33+08:00,2025-09-05 11:12:19,2025-09-05 11:12:41
512290,生物医药ETF,1.179,1.1795,0.04,2025-09-05 11:12:29+08:00,2025-09-05 11:12:19,2025-09-05 11:12:41
159213,机器人ETF基金,1.188,1.1854,-0.22,2025-09-05 11:12:39+08:00,2025-09-05 11:12:19,2025-09-05 11:12:41
159776,港股通医药ETF,1.467,1.4742,0.49,2025-09-05 11:12:33+08:00,2025-09-05 11:12:19,2025-09-05 11:12:41
159966,创业板价值ETF,0.549,0.549,0.0,2025-09-05 11:12:27+08:00,2025-09-05 11:12:19,2025-09-05 11:12:41
589900,科创综指ETF博时,1.198,1.2034,0.45,2025-09-05 11:12:18+08:00,2025-09-05 11:12:19,2025-09-05 11:12:41
513060,恒生医疗ETF,0.736,0.7409,0.66,2025-09-05 11:12:28+08:00,2025-09-05 11:12:19,2025-09-05 11:12:41
159839,生物药ETF,0.417,0.418,0.24,2025-09-05 11:12:30+08:00,2025-09-05 11:12:19,2025-09-05 11:12:41
159526,机器人ETF嘉实,1.439,1.4388,-0.01,2025-09-05 11:12:33+08:00,2025-09-05 11:12:19,2025-09-05 11:12:41
159779,消费电子50ETF,1.027,1.0262,-0.08,2025-09-05 11:12:30+08:00,2025-09-05 11:12:19,2025-09-05 11:12:41
560630,机器人产业ETF,1.076,1.076,0.0,2025-09-05 11:12:21+08:00,2025-09-05 11:12:19,2025-09-05 11:12:41
520880,港股通创新药ETF,0.655,0.6564,0.21,2025-09-05 11:12:23+08:00,2025-09-05 11:12:19,2025-09-05 11:12:41
159739,大数据ETF,1.458,1.4627,0.32,2025-09-05 11:12:30+08:00,2025-09-05 11:12:19,2025-09-05 11:12:41
159551,机器人产业ETF,1.27,1.2697,-0.02,2025-09-05 11:12:30+08:00,2025-09-05 11:12:19,2025-09-05 11:12:41
515910,质量ETF,0.618,0.6193,0.21,2025-09-05 11:12:23+08:00,2025-09-05 11:12:19,2025-09-05 11:12:41
159837,生物科技ETF,0.571,0.5724,0.24,2025-09-05 11:12:33+08:00,2025-09-05 11:12:19,2025-09-05 11:12:41
159557,恒生医疗ETF嘉实,1.86,1.8603,0.02,2025-09-05 11:12:33+08:00,2025-09-05 11:12:19,2025-09-05 11:12:41
560900,创新药企ETF,1.058,1.059,0.09,2025-09-05 11:12:21+08:00,2025-09-05 11:12:19,2025-09-05 11:12:41
589080,科创综指ETF汇添富,1.204,1.2071,0.26,2025-09-05 11:12:17+08:00,2025-09-05 11:12:19,2025-09-05 11:12:41
159855,影视ETF,0.965,0.9664,0.14,2025-09-05 11:12:30+08:00,2025-09-05 11:12:19,2025-09-05 11:12:41
588690,科创指数增强ETF,0.969,0.9693,0.03,2025-09-05 11:12:18+08:00,2025-09-05 11:12:19,2025-09-05 11:12:41
159303,恒生医疗ETF基金,2.037,2.0549,0.87,2025-09-05 11:12:36+08:00,2025-09-05 11:12:19,2025-09-05 11:12:41
159770,机器人ETF,1.019,1.0191,0.01,2025-09-05 11:12:33+08:00,2025-09-05 11:12:19,2025-09-05 11:12:41
159890,云计算ETF,1.555,1.5548,-0.01,2025-09-05 11:12:24+08:00,2025-09-05 11:12:19,2025-09-05 11:12:41
513700,香港医药ETF,0.778,0.7822,0.54,2025-09-05 11:12:28+08:00,2025-09-05 11:12:19,2025-09-05 11:12:41
159902,中小100ETF,3.962,3.9627,0.02,2025-09-05 11:12:24+08:00,2025-09-05 11:12:19,2025-09-05 11:12:41
515920,智能消费ETF,1.077,1.0794,0.22,2025-09-05 11:12:27+08:00,2025-09-05 11:12:19,2025-09-05 11:12:41
159992,创新药ETF,0.979,0.9827,0.38,2025-09-05 11:12:27+08:00,2025-09-05 11:12:19,2025-09-05 11:12:41
515120,创新药ETF,0.735,0.7356,0.08,2025-09-05 11:12:25+08:00,2025-09-05 11:12:19,2025-09-05 11:12:41
159622,创新药ETF沪港深,1.275,1.2744,-0.05,2025-09-05 11:12:33+08:00,2025-09-05 11:12:19,2025-09-05 11:12:41
159657,疫苗ETF鹏华,0.739,0.7397,0.09,2025-09-05 11:12:21+08:00,2025-09-05 11:12:19,2025-09-05 11:12:41
588230,科创200ETF,1.389,1.3932,0.3,2025-09-05 11:12:16+08:00,2025-09-05 11:12:19,2025-09-05 11:12:41
159901,深证100ETF,3.292,3.2928,0.02,2025-09-05 11:12:27+08:00,2025-09-05 11:12:19,2025-09-05 11:12:41
159943,深证成指ETF,1.343,1.3455,0.19,2025-09-05 11:12:27+08:00,2025-09-05 11:12:19,2025-09-05 11:12:41
589520,科创人工智能ETF华宝,1.145,1.1454,0.03,2025-09-05 11:12:17+08:00,2025-09-05 11:12:19,2025-09-05 11:12:41
159217,港股通创新药ETF工银,1.649,1.659,0.6,2025-09-05 11:12:39+08:00,2025-09-05 11:12:19,2025-09-05 11:12:41
159903,深成ETF,1.498,1.4995,0.1,2025-09-05 11:12:24+08:00,2025-09-05 11:12:19,2025-09-05 11:12:41
589890,科创综指ETF景顺,1.198,1.2014,0.28,2025-09-05 11:12:17+08:00,2025-09-05 11:12:19,2025-09-05 11:12:41
588170,科创半导体ETF,1.154,1.154,0.0,2025-09-05 11:12:18+08:00,2025-09-05 11:12:19,2025-09-05 11:12:41
159278,机器人ETF鹏华,1.055,1.0579,0.27,2025-09-05 11:12:36+08:00,2025-09-05 11:12:19,2025-09-05 11:12:41
589660,科创综指ETF南方,1.208,1.2119,0.32,2025-09-05 11:12:17+08:00,2025-09-05 11:12:19,2025-09-05 11:12:41
513200,港股通医药ETF,1.311,1.3148,0.29,2025-09-05 11:12:28+08:00,2025-09-05 11:12:19,2025-09-05 11:12:41
159558,半导体设备ETF易方达,1.366,1.3661,0.01,2025-09-05 11:12:30+08:00,2025-09-05 11:12:19,2025-09-05 11:12:41
159150,深证50ETF易方达,1.417,1.416,-0.07,2025-09-05 11:12:39+08:00,2025-09-05 11:12:19,2025-09-05 11:12:41
589090,科创人工智能ETF鹏华,1.01,1.0139,0.38,2025-09-05 11:12:18+08:00,2025-09-05 11:12:19,2025-09-05 11:12:41
516510,云计算ETF,1.528,1.5301,0.14,2025-09-05 11:12:27+08:00,2025-09-05 11:12:19,2025-09-05 11:12:41
588760,人工智能ETF科创,0.716,0.7202,0.58,2025-09-05 11:12:18+08:00,2025-09-05 11:12:19,2025-09-05 11:12:41
159656,300成长ETF,1.032,1.0325,0.05,2025-09-05 11:12:33+08:00,2025-09-05 11:12:19,2025-09-05 11:12:41
589720,科创创新药ETF国泰,1.089,1.0886,-0.04,2025-09-05 11:12:17+08:00,2025-09-05 11:12:19,2025-09-05 11:12:41
159858,创新药ETF南方,0.776,0.7771,0.14,2025-09-05 11:12:33+08:00,2025-09-05 11:12:19,2025-09-05 11:12:41
159323,港股通汽车ETF,1.343,1.3457,0.2,2025-09-05 11:12:36+08:00,2025-09-05 11:12:19,2025-09-05 11:12:41
562500,机器人ETF,0.982,0.9827,0.07,2025-09-05 11:12:18+08:00,2025-09-05 11:12:19,2025-09-05 11:12:41
159982,中证500ETF鹏华,1.767,1.7668,-0.01,2025-09-05 11:12:27+08:00,2025-09-05 11:12:19,2025-09-05 11:12:41
589020,科创半导体ETF鹏华,0.935,0.9346,-0.04,2025-09-05 11:12:18+08:00,2025-09-05 11:12:19,2025-09-05 11:12:41
159718,港股医药ETF,1.096,1.1036,0.69,2025-09-05 11:12:33+08:00,2025-09-05 11:12:19,2025-09-05 11:12:41
512650,长三角ETF,1.202,1.2012,-0.07,2025-09-05 11:12:28+08:00,2025-09-05 11:12:19,2025-09-05 11:12:41
562950,消费电子ETF易方达,1.1,1.1094,0.85,2025-09-05 11:12:19+08:00,2025-09-05 11:12:19,2025-09-05 11:12:41
516500,生物科技ETF,0.732,0.7315,-0.07,2025-09-05 11:12:27+08:00,2025-09-05 11:12:19,2025-09-05 11:12:41
589060,科创综指ETF东财,1.257,1.2613,0.34,2025-09-05 11:12:17+08:00,2025-09-05 11:12:19,2025-09-05 11:12:41
515250,智能汽车ETF,1.106,1.105,-0.09,2025-09-05 11:12:26+08:00,2025-09-05 11:12:19,2025-09-05 11:12:41
510530,中证500ETF工银,7.296,7.3053,0.13,2025-09-05 11:12:28+08:00,2025-09-05 11:12:19,2025-09-05 11:12:41
516520,智能驾驶ETF,1.222,1.2239,0.16,2025-09-05 11:12:24+08:00,2025-09-05 11:12:19,2025-09-05 11:12:41
560880,家电ETF龙头,1.537,1.5356,-0.09,2025-09-05 11:12:20+08:00,2025-09-05 11:12:19,2025-09-05 11:12:41
512510,中证500ETF华泰柏瑞,1.962,1.9565,-0.28,2025-09-05 11:12:29+08:00,2025-09-05 11:12:19,2025-09-05 11:12:41
159291,创业板综增强ETF招商,1.012,1.0152,0.32,2025-09-05 11:12:36+08:00,2025-09-05 11:12:19,2025-09-05 11:12:41
159606,中证500成长ETF,1.072,1.0715,-0.05,2025-09-05 11:12:30+08:00,2025-09-05 11:12:19,2025-09-05 11:12:41
159572,创业板200ETF易方达,1.395,1.3943,-0.05,2025-09-05 11:12:33+08:00,2025-09-05 11:12:19,2025-09-05 11:12:41
517800,人工智能50ETF,0.973,0.9712,-0.19,2025-09-05 11:12:22+08:00,2025-09-05 11:12:19,2025-09-05 11:12:41
159835,创新药50ETF,0.761,0.7622,0.16,2025-09-05 11:12:30+08:00,2025-09-05 11:12:19,2025-09-05 11:12:41
159820,中证500ETF天弘,1.151,1.1526,0.14,2025-09-05 11:12:30+08:00,2025-09-05 11:12:19,2025-09-05 11:12:41
159968,中证500ETF博时,8.547,8.5439,-0.04,2025-09-05 11:12:27+08:00,2025-09-05 11:12:19,2025-09-05 11:12:41
159258,机器人ETF南方,1.099,1.0984,-0.05,2025-09-05 11:12:36+08:00,2025-09-05 11:12:19,2025-09-05 11:12:41
159912,深300ETF,1.705,1.7068,0.11,2025-09-05 11:12:24+08:00,2025-09-05 11:12:19,2025-09-05 11:12:41
510510,中证500ETF基金,2.161,2.1632,0.1,2025-09-05 11:12:30+08:00,2025-09-05 11:12:19,2025-09-05 11:12:41
589630,科创综指ETF国泰,1.22,1.2233,0.27,2025-09-05 11:12:18+08:00,2025-09-05 11:12:19,2025-09-05 11:12:41
510590,中证500ETF平安,7.164,7.1621,-0.03,2025-09-05 11:12:28+08:00,2025-09-05 11:12:19,2025-09-05 11:12:41
588730,科创人工智能ETF,1.394,1.3995,0.39,2025-09-05 11:12:17+08:00,2025-09-05 11:12:19,2025-09-05 11:12:41
159350,深证50ETF富国,1.393,1.3944,0.1,2025-09-05 11:12:36+08:00,2025-09-05 11:12:19,2025-09-05 11:12:41
159259,成长ETF,0.951,0.9525,0.16,2025-09-05 11:12:36+08:00,2025-09-05 11:12:19,2025-09-05 11:12:41
589980,科创100ETF汇添富,1.293,1.2931,0.01,2025-09-05 11:12:18+08:00,2025-09-05 11:12:19,2025-09-05 11:12:41
159337,中证500ETF基金,1.518,1.5198,0.12,2025-09-05 11:12:33+08:00,2025-09-05 11:12:19,2025-09-05 11:12:41
516060,创新药产业ETF,0.674,0.6758,0.27,2025-09-05 11:12:23+08:00,2025-09-05 11:12:19,2025-09-05 11:12:41
159212,深100ETF南方,1.292,1.2919,-0.01,2025-09-05 11:12:39+08:00,2025-09-05 11:12:19,2025-09-05 11:12:41
159743,湖北ETF,1.076,1.0758,-0.02,2025-09-05 11:12:15+08:00,2025-09-05 11:12:19,2025-09-05 11:12:41
516800,智能制造ETF,1.413,1.4191,0.43,2025-09-05 11:12:23+08:00,2025-09-05 11:12:19,2025-09-05 11:12:41
510500,中证500ETF,6.901,6.8977,-0.05,2025-09-05 11:12:29+08:00,2025-09-05 11:12:19,2025-09-05 11:12:41
589300,科创综指ETF嘉实,1.305,1.3121,0.54,2025-09-05 11:12:19+08:00,2025-09-05 11:12:19,2025-09-05 11:12:41
159801,芯片ETF龙头,0.741,0.7457,0.63,2025-09-05 11:12:33+08:00,2025-09-05 11:12:19,2025-09-05 11:12:41
561990,沪深300增强ETF,0.967,0.9688,0.19,2025-09-05 11:12:20+08:00,2025-09-05 11:12:19,2025-09-05 11:12:41
560770,机器人指数ETF,0.967,0.9652,-0.19,2025-09-05 11:12:22+08:00,2025-09-05 11:12:19,2025-09-05 11:12:41
159938,医药卫生ETF,0.744,0.7434,-0.08,2025-09-05 11:12:24+08:00,2025-09-05 11:12:19,2025-09-05 11:12:41
159366,港股医疗ETF,1.67,1.6762,0.37,2025-09-05 11:12:36+08:00,2025-09-05 11:12:19,2025-09-05 11:12:41
520510,港股通医疗ETF,1.092,1.0968,0.44,2025-09-05 11:12:23+08:00,2025-09-05 11:12:19,2025-09-05 11:12:41
512120,医药50ETF,0.519,0.5195,0.1,2025-09-05 11:12:30+08:00,2025-09-05 11:12:19,2025-09-05 11:12:41
588950,科创50ETF景顺,1.279,1.2848,0.45,2025-09-05 11:12:17+08:00,2025-09-05 11:12:19,2025-09-05 11:12:41
589380,AIETF富国,1.34,1.3384,-0.12,2025-09-05 11:12:17+08:00,2025-09-05 11:12:19,2025-09-05 11:12:41
589010,科创人工智能ETF华夏,1.34,1.3459,0.44,2025-09-05 11:12:19+08:00,2025-09-05 11:12:19,2025-09-05 11:12:41
561980,半导体设备ETF,1.575,1.5749,-0.01,2025-09-05 11:12:20+08:00,2025-09-05 11:12:19,2025-09-05 11:12:41
515800,800ETF,1.173,1.1735,0.04,2025-09-05 11:12:24+08:00,2025-09-05 11:12:19,2025-09-05 11:12:41
520600,港股汽车ETF,1.294,1.2975,0.27,2025-09-05 11:12:22+08:00,2025-09-05 11:12:19,2025-09-05 11:12:41
159922,中证500ETF,2.757,2.7598,0.1,2025-09-05 11:12:27+08:00,2025-09-05 11:12:19,2025-09-05 11:12:41
159828,医疗ETF,0.473,0.4727,-0.06,2025-09-05 11:12:30+08:00,2025-09-05 11:12:19,2025-09-05 11:12:41
512500,中证500ETF华夏,3.788,3.7831,-0.13,2025-09-05 11:12:30+08:00,2025-09-05 11:12:19,2025-09-05 11:12:41
589850,科创50ETF东财,1.185,1.1873,0.19,2025-09-05 11:12:17+08:00,2025-09-05 11:12:19,2025-09-05 11:12:41
589860,科创综指ETF天弘,1.193,1.1937,0.06,2025-09-05 11:12:17+08:00,2025-09-05 11:12:19,2025-09-05 11:12:41
588020,科创成长50ETF,1.661,1.661,0.0,2025-09-05 11:12:19+08:00,2025-09-05 11:12:19,2025-09-05 11:12:41
510580,中证500ETF易方达,3.47,3.4728,0.08,2025-09-05 11:12:28+08:00,2025-09-05 11:12:19,2025-09-05 11:12:41
159379,A500ETF融通,1.195,1.1965,0.13,2025-09-05 11:12:30+08:00,2025-09-05 11:12:19,2025-09-05 11:12:41
588670,科创综指增强ETF,1.316,1.3248,0.66,2025-09-05 11:12:16+08:00,2025-09-05 11:12:19,2025-09-05 11:12:41
159552,中证2000增强ETF,1.928,1.9292,0.06,2025-09-05 11:12:33+08:00,2025-09-05 11:12:19,2025-09-05 11:12:41
588110,科创成长ETF,1.625,1.6304,0.33,2025-09-05 11:12:19+08:00,2025-09-05 11:12:19,2025-09-05 11:12:41
563010,电信ETF,1.684,1.6929,0.53,2025-09-05 11:12:19+08:00,2025-09-05 11:12:19,2025-09-05 11:12:41
159680,1000ETF增强,1.449,1.4506,0.11,2025-09-05 11:12:33+08:00,2025-09-05 11:12:19,2025-09-05 11:12:41
588770,科创信息技术ETF摩根,1.208,1.2084,0.03,2025-09-05 11:12:19+08:00,2025-09-05 11:12:19,2025-09-05 11:12:41
588920,科创芯片ETF指数,1.278,1.2767,-0.1,2025-09-05 11:12:17+08:00,2025-09-05 11:12:19,2025-09-05 11:12:41
561550,500增强ETF,1.165,1.1643,-0.06,2025-09-05 11:12:22+08:00,2025-09-05 11:12:19,2025-09-05 11:12:41
512980,传媒ETF,0.978,0.9792,0.12,2025-09-05 11:12:28+08:00,2025-09-05 11:12:19,2025-09-05 11:12:41
560810,央企ESGETF,1.045,1.0468,0.17,2025-09-05 11:12:20+08:00,2025-09-05 11:12:19,2025-09-05 11:12:41
515950,医药龙头ETF,1.054,1.0549,0.09,2025-09-05 11:12:27+08:00,2025-09-05 11:12:19,2025-09-05 11:12:41
589600,科创综指ETF富国,1.187,1.1877,0.06,2025-09-05 11:12:17+08:00,2025-09-05 11:12:19,2025-09-05 11:12:41
512010,医药ETF,0.438,0.4394,0.32,2025-09-05 11:12:28+08:00,2025-09-05 11:12:19,2025-09-05 11:12:41
159845,中证1000ETF,2.942,2.9435,0.05,2025-09-05 11:12:33+08:00,2025-09-05 11:12:19,2025-09-05 11:12:41
159758,红利质量ETF,1.073,1.0731,0.01,2025-09-05 11:12:30+08:00,2025-09-05 11:12:19,2025-09-05 11:12:41
589200,科创200ETF工银,1.077,1.079,0.19,2025-09-05 11:12:16+08:00,2025-09-05 11:12:19,2025-09-05 11:12:41
561600,消费电子ETF,1.079,1.0871,0.75,2025-09-05 11:12:22+08:00,2025-09-05 11:12:19,2025-09-05 11:12:41
159929,医药ETF,1.525,1.5259,0.06,2025-09-05 11:12:27+08:00,2025-09-05 11:12:19,2025-09-05 11:12:41
512170,医疗ETF,0.382,0.3824,0.1,2025-09-05 11:12:28+08:00,2025-09-05 11:12:19,2025-09-05 11:12:41
563300,中证2000ETF,1.279,1.279,0.0,2025-09-05 11:12:19+08:00,2025-09-05 11:12:19,2025-09-05 11:12:41
563620,自由现金流全指ETF,1.024,1.0216,-0.23,2025-09-05 11:12:18+08:00,2025-09-05 11:12:19,2025-09-05 11:12:41
159582,半导体产业ETF,1.721,1.7284,0.43,2025-09-05 11:12:30+08:00,2025-09-05 11:12:19,2025-09-05 11:12:41
159847,医疗ETF易方达,0.447,0.4473,0.07,2025-09-05 11:12:33+08:00,2025-09-05 11:12:19,2025-09-05 11:12:41
159629,1000ETF,2.931,2.9313,0.01,2025-09-05 11:12:33+08:00,2025-09-05 11:12:19,2025-09-05 11:12:41
589990,科创综指ETF华泰柏瑞,1.215,1.2243,0.76,2025-09-05 11:12:17+08:00,2025-09-05 11:12:19,2025-09-05 11:12:41
530530,上证580ETF华夏,0.969,0.9692,0.02,2025-09-05 11:12:20+08:00,2025-09-05 11:12:19,2025-09-05 11:12:41
513020,港股科技ETF,1.229,1.2245,-0.37,2025-09-05 11:12:29+08:00,2025-09-05 11:12:19,2025-09-05 11:12:41
563650,中证A500龙头ETF,1.161,1.1608,-0.02,2025-09-05 11:12:20+08:00,2025-09-05 11:12:19,2025-09-05 11:12:41
562590,半导体材料ETF,1.229,1.2283,-0.06,2025-09-05 11:12:18+08:00,2025-09-05 11:12:19,2025-09-05 11:12:41
159516,半导体设备ETF,1.17,1.1697,-0.03,2025-09-05 11:12:33+08:00,2025-09-05 11:12:19,2025-09-05 11:12:41
560010,中证1000ETF指数,2.934,2.9375,0.12,2025-09-05 11:12:21+08:00,2025-09-05 11:12:19,2025-09-05 11:12:41
588700,科创医药ETF嘉实,1.248,1.247,-0.08,2025-09-05 11:12:19+08:00,2025-09-05 11:12:19,2025-09-05 11:12:41
516640,芯片龙头ETF,0.916,0.9161,0.01,2025-09-05 11:12:22+08:00,2025-09-05 11:12:19,2025-09-05 11:12:41
513560,香港科技ETF,1.452,1.4505,-0.1,2025-09-05 11:12:29+08:00,2025-09-05 11:12:19,2025-09-05 11:12:41
159628,国证2000ETF,1.255,1.2542,-0.06,2025-09-05 11:12:30+08:00,2025-09-05 11:12:19,2025-09-05 11:12:41
159327,半导体设备ETF基金,1.387,1.3876,0.04,2025-09-05 11:12:36+08:00,2025-09-05 11:12:19,2025-09-05 11:12:41
513860,港股通科技ETF,0.789,0.7866,-0.31,2025-09-05 11:12:28+08:00,2025-09-05 11:12:19,2025-09-05 11:12:41
159361,A500ETF易方达,1.127,1.1274,0.04,2025-09-05 11:12:36+08:00,2025-09-05 11:12:19,2025-09-05 11:12:41
513310,中韩半导体ETF,1.854,1.8643,0.55,2025-09-05 11:12:29+08:00,2025-09-05 11:12:19,2025-09-05 11:12:41
588290,科创芯片ETF基金,1.923,1.9378,0.76,2025-09-05 11:12:19+08:00,2025-09-05 11:12:19,2025-09-05 11:12:41
512100,中证1000ETF,2.889,2.8916,0.09,2025-09-05 11:12:30+08:00,2025-09-05 11:12:19,2025-09-05 11:12:41
159565,汽车零部件ETF,1.415,1.4158,0.06,2025-09-05 11:12:33+08:00,2025-09-05 11:12:19,2025-09-05 11:12:41
516920,芯片50ETF,0.887,0.8925,0.62,2025-09-05 11:12:23+08:00,2025-09-05 11:12:19,2025-09-05 11:12:41
159310,芯片ETF天弘,1.776,1.7762,0.01,2025-09-05 11:12:36+08:00,2025-09-05 11:12:19,2025-09-05 11:12:41
516820,医疗创新ETF,0.411,0.4114,0.1,2025-09-05 11:12:23+08:00,2025-09-05 11:12:19,2025-09-05 11:12:41
159386,A500ETF永赢,1.167,1.1664,-0.05,2025-09-05 11:12:36+08:00,2025-09-05 11:12:19,2025-09-05 11:12:41
588250,科创生物医药ETF,1.311,1.3112,0.02,2025-09-05 11:12:17+08:00,2025-09-05 11:12:19,2025-09-05 11:12:41
561120,家电ETF,1.312,1.3129,0.07,2025-09-05 11:12:20+08:00,2025-09-05 11:12:19,2025-09-05 11:12:41
513160,港股科技30ETF,1.246,1.2423,-0.3,2025-09-05 11:12:27+08:00,2025-09-05 11:12:19,2025-09-05 11:12:41
159633,中证1000ETF易方达,2.97,2.9696,-0.01,2025-09-05 11:12:33+08:00,2025-09-05 11:12:19,2025-09-05 11:12:41
588710,科创半导体设备ETF,1.184,1.1901,0.51,2025-09-05 11:12:19+08:00,2025-09-05 11:12:19,2025-09-05 11:12:41
588720,科创50ETF中银,1.252,1.2546,0.21,2025-09-05 11:12:17+08:00,2025-09-05 11:12:19,2025-09-05 11:12:41
159269,港股通科技ETF南方,1.109,1.1052,-0.34,2025-09-05 11:12:36+08:00,2025-09-05 11:12:19,2025-09-05 11:12:41
588810,科创芯片ETF富国,1.391,1.3915,0.04,2025-09-05 11:12:19+08:00,2025-09-05 11:12:19,2025-09-05 11:12:41
510290,上证380ETF,2.3,2.2996,-0.02,2025-09-05 11:12:31+08:00,2025-09-05 11:12:19,2025-09-05 11:12:41
159961,深100ETF方正富邦,1.959,1.9644,0.27,2025-09-05 11:12:27+08:00,2025-09-05 11:12:19,2025-09-05 11:12:41
588940,科创50ETF富国,1.272,1.2728,0.06,2025-09-05 11:12:19+08:00,2025-09-05 11:12:19,2025-09-05 11:12:41
562660,中证2000ETF华夏,1.564,1.5632,-0.05,2025-09-05 11:12:20+08:00,2025-09-05 11:12:19,2025-09-05 11:12:41
588930,科创板人工智能ETF,1.486,1.4941,0.54,2025-09-05 11:12:18+08:00,2025-09-05 11:12:19,2025-09-05 11:12:41
520980,港股通科技ETF汇添富,1.131,1.1299,-0.1,2025-09-05 11:12:23+08:00,2025-09-05 11:12:19,2025-09-05 11:12:41
515190,中银证券500ETF,1.414,1.4146,0.04,2025-09-05 11:12:24+08:00,2025-09-05 11:12:19,2025-09-05 11:12:41
561130,国货ETF,0.921,0.9207,-0.03,2025-09-05 11:12:20+08:00,2025-09-05 11:12:19,2025-09-05 11:12:41
515160,MSCI中国ETF招商,1.488,1.4877,-0.02,2025-09-05 11:12:23+08:00,2025-09-05 11:12:19,2025-09-05 11:12:41
159356,A500ETF基金,1.154,1.1543,0.03,2025-09-05 11:12:36+08:00,2025-09-05 11:12:19,2025-09-05 11:12:41
510170,大宗商品ETF,1.079,1.0798,0.07,2025-09-05 11:12:30+08:00,2025-09-05 11:12:19,2025-09-05 11:12:41
563050,央企科技50ETF,1.007,1.0076,0.06,2025-09-05 11:12:19+08:00,2025-09-05 11:12:19,2025-09-05 11:12:41
588860,科创医药ETF,1.653,1.6531,0.01,2025-09-05 11:12:16+08:00,2025-09-05 11:12:19,2025-09-05 11:12:41
563220,中证A500ETF富国,1.151,1.1514,0.03,2025-09-05 11:12:18+08:00,2025-09-05 11:12:19,2025-09-05 11:12:41
159357,中证A500指数ETF,1.161,1.1627,0.15,2025-09-05 11:12:36+08:00,2025-09-05 11:12:19,2025-09-05 11:12:41
517160,长江保护主题ETF,0.868,0.8711,0.36,2025-09-05 11:12:24+08:00,2025-09-05 11:12:19,2025-09-05 11:12:41
159231,通用航空ETF华宝,0.582,0.5812,-0.14,2025-09-05 11:12:36+08:00,2025-09-05 11:12:19,2025-09-05 11:12:41
588200,科创芯片ETF,1.967,1.9822,0.77,2025-09-05 11:12:17+08:00,2025-09-05 11:12:19,2025-09-05 11:12:41
159838,医药50ETF,0.658,0.6599,0.29,2025-09-05 11:12:30+08:00,2025-09-05 11:12:19,2025-09-05 11:12:41
520860,港股通科技ETF富国,1.021,1.0208,-0.02,2025-09-05 11:12:22+08:00,2025-09-05 11:12:19,2025-09-05 11:12:41
562000,中证A100ETF基金,1.092,1.094,0.18,2025-09-05 11:12:20+08:00,2025-09-05 11:12:19,2025-09-05 11:12:41
560170,央企科技ETF,0.957,0.9597,0.28,2025-09-05 11:12:20+08:00,2025-09-05 11:12:19,2025-09-05 11:12:41
159610,500ETF增强,1.025,1.0257,0.07,2025-09-05 11:12:30+08:00,2025-09-05 11:12:19,2025-09-05 11:12:41
159996,家电ETF,1.467,1.4692,0.15,2025-09-05 11:12:27+08:00,2025-09-05 11:12:19,2025-09-05 11:12:41
560500,500质量成长ETF,1.113,1.1153,0.21,2025-09-05 11:12:20+08:00,2025-09-05 11:12:19,2025-09-05 11:12:41
588090,科创板ETF,1.271,1.2823,0.88,2025-09-05 11:12:16+08:00,2025-09-05 11:12:19,2025-09-05 11:12:41
588280,科创50ETF指数基金,0.893,0.9002,0.8,2025-09-05 11:12:18+08:00,2025-09-05 11:12:19,2025-09-05 11:12:41
588050,科创ETF,1.27,1.2805,0.82,2025-09-05 11:12:19+08:00,2025-09-05 11:12:19,2025-09-05 11:12:41
159353,中证A500ETF景顺,1.12,1.1199,-0.01,2025-09-05 11:12:36+08:00,2025-09-05 11:12:19,2025-09-05 11:12:41
588260,科创信息ETF,1.64,1.6542,0.86,2025-09-05 11:12:18+08:00,2025-09-05 11:12:19,2025-09-05 11:12:41
563680,800自由现金流ETF,1.126,1.1284,0.21,2025-09-05 11:12:18+08:00,2025-09-05 11:12:19,2025-09-05 11:12:41
588780,科创芯片设计ETF,1.356,1.3582,0.16,2025-09-05 11:12:17+08:00,2025-09-05 11:12:19,2025-09-05 11:12:41
159351,A500ETF嘉实,1.125,1.1251,0.01,2025-09-05 11:12:36+08:00,2025-09-05 11:12:19,2025-09-05 11:12:41
159751,港股科技ETF,1.134,1.1321,-0.17,2025-09-05 11:12:33+08:00,2025-09-05 11:12:19,2025-09-05 11:12:41
512810,国防军工ETF,0.679,0.6798,0.12,2025-09-05 11:12:27+08:00,2025-09-05 11:12:19,2025-09-05 11:12:41
159500,500ETF,0.984,0.9833,-0.07,2025-09-05 11:12:30+08:00,2025-09-05 11:12:19,2025-09-05 11:12:41
512680,军工ETF龙头,1.206,1.2062,0.02,2025-09-05 11:12:27+08:00,2025-09-05 11:12:19,2025-09-05 11:12:41
588000,科创50ETF,1.299,1.3098,0.82,2025-09-05 11:12:20+08:00,2025-09-05 11:12:19,2025-09-05 11:12:41
560380,A100ETF南方,1.142,1.1431,0.1,2025-09-05 11:12:19+08:00,2025-09-05 11:12:19,2025-09-05 11:12:41
562050,药ETF,1.147,1.1496,0.23,2025-09-05 11:12:19+08:00,2025-09-05 11:12:19,2025-09-05 11:12:41
520670,港股通科技ETF嘉实,1.0,1.0011,0.11,2025-09-05 11:12:24+08:00,2025-09-05 11:12:19,2025-09-05 11:12:41
159352,A500ETF南方,1.153,1.1534,0.03,2025-09-05 11:12:36+08:00,2025-09-05 11:12:19,2025-09-05 11:12:41
159359,中证A500ETF华安,1.163,1.1636,0.05,2025-09-05 11:12:36+08:00,2025-09-05 11:12:19,2025-09-05 11:12:41
159518,标普油气ETF,0.925,0.9245,-0.05,2025-09-05 11:12:21+08:00,2025-09-05 11:12:19,2025-09-05 11:12:41
159623,成渝经济圈ETF,1.008,1.0103,0.23,2025-09-05 11:12:33+08:00,2025-09-05 11:12:19,2025-09-05 11:12:41
560510,中证A500ETF,1.096,1.0953,-0.06,2025-09-05 11:12:22+08:00,2025-09-05 11:12:19,2025-09-05 11:12:41
159658,数字经济ETF,1.418,1.4216,0.25,2025-09-05 11:12:33+08:00,2025-09-05 11:12:19,2025-09-05 11:12:41
561880,A100ETF基金,1.179,1.1786,-0.03,2025-09-05 11:12:20+08:00,2025-09-05 11:12:19,2025-09-05 11:12:41
588450,科创50ETF增强,1.571,1.5688,-0.14,2025-09-05 11:12:19+08:00,2025-09-05 11:12:19,2025-09-05 11:12:41
513980,港股科技50ETF,0.788,0.787,-0.13,2025-09-05 11:12:28+08:00,2025-09-05 11:12:19,2025-09-05 11:12:41
512050,A500ETF基金,1.102,1.1027,0.06,2025-09-05 11:12:31+08:00,2025-09-05 11:12:19,2025-09-05 11:12:41
589100,科创芯片ETF国泰,1.263,1.2734,0.82,2025-09-05 11:12:17+08:00,2025-09-05 11:12:19,2025-09-05 11:12:41
512080,A500ETF中金,1.188,1.1879,-0.01,2025-09-05 11:12:28+08:00,2025-09-05 11:12:19,2025-09-05 11:12:41
588080,科创板50ETF,1.268,1.2797,0.91,2025-09-05 11:12:17+08:00,2025-09-05 11:12:19,2025-09-05 11:12:41
159378,通用航空ETF,1.2,1.1983,-0.14,2025-09-05 11:12:36+08:00,2025-09-05 11:12:19,2025-09-05 11:12:41
560260,医疗ETF龙头,0.956,0.9589,0.3,2025-09-05 11:12:16+08:00,2025-09-05 11:12:19,2025-09-05 11:12:41
159251,港股科技ETF基金,1.034,1.035,0.1,2025-09-05 11:12:36+08:00,2025-09-05 11:12:19,2025-09-05 11:12:41
563580,自由现金流ETF800,1.045,1.0441,-0.09,2025-09-05 11:12:18+08:00,2025-09-05 11:12:19,2025-09-05 11:12:41
560530,中证A500ETF摩根,1.13,1.1291,-0.08,2025-09-05 11:12:21+08:00,2025-09-05 11:12:19,2025-09-05 11:12:41
513350,标普油气ETF,0.969,0.9679,-0.11,2025-09-05 11:12:29+08:00,2025-09-05 11:12:19,2025-09-05 11:12:41
588890,科创芯片ETF南方,2.2,2.2206,0.93,2025-09-05 11:12:18+08:00,2025-09-05 11:12:19,2025-09-05 11:12:41
513150,港股通科技ETF华泰柏瑞,1.242,1.2439,0.15,2025-09-05 11:12:28+08:00,2025-09-05 11:12:19,2025-09-05 11:12:41
512480,半导体ETF,1.249,1.2575,0.68,2025-09-05 11:12:29+08:00,2025-09-05 11:12:19,2025-09-05 11:12:41
560800,数字经济ETF,0.913,0.9143,0.14,2025-09-05 11:12:20+08:00,2025-09-05 11:12:19,2025-09-05 11:12:41
561230,中证A50ETF基金,1.245,1.2459,0.07,2025-09-05 11:12:20+08:00,2025-09-05 11:12:19,2025-09-05 11:12:41
515330,沪深300ETF天弘,1.258,1.2574,-0.05,2025-09-05 11:12:25+08:00,2025-09-05 11:12:19,2025-09-05 11:12:41
159101,港股通科技ETF基金,1.001,0.9977,-0.33,2025-09-05 11:12:39+08:00,2025-09-05 11:12:19,2025-09-05 11:12:41
588790,科创AIETF,0.758,0.764,0.79,2025-09-05 11:12:19+08:00,2025-09-05 11:12:19,2025-09-05 11:12:41
562890,A50ETF嘉实,1.27,1.2714,0.11,2025-09-05 11:12:20+08:00,2025-09-05 11:12:19,2025-09-05 11:12:41
560610,A500指数ETF,1.096,1.0954,-0.05,2025-09-05 11:12:20+08:00,2025-09-05 11:12:19,2025-09-05 11:12:41
159206,卫星ETF,1.097,1.0971,0.01,2025-09-05 11:12:39+08:00,2025-09-05 11:12:19,2025-09-05 11:12:41
510410,资源ETF,1.515,1.5175,0.16,2025-09-05 11:12:31+08:00,2025-09-05 11:12:19,2025-09-05 11:12:41
563330,A股ETF,3.896,3.8976,0.04,2025-09-05 11:12:19+08:00,2025-09-05 11:12:19,2025-09-05 11:12:41
563800,A500ETF龙头,1.105,1.1058,0.07,2025-09-05 11:12:18+08:00,2025-09-05 11:12:19,2025-09-05 11:12:41
159537,信创ETF,1.362,1.366,0.29,2025-09-05 11:12:30+08:00,2025-09-05 11:12:19,2025-09-05 11:12:41
563080,中证A50ETF易方达,1.278,1.2793,0.1,2025-09-05 11:12:20+08:00,2025-09-05 11:12:19,2025-09-05 11:12:41
159339,A500ETF,1.116,1.1153,-0.06,2025-09-05 11:12:36+08:00,2025-09-05 11:12:19,2025-09-05 11:12:41
560280,工程机械ETF,1.453,1.455,0.14,2025-09-05 11:12:20+08:00,2025-09-05 11:12:19,2025-09-05 11:12:41
563350,中证A50ETF,1.289,1.2913,0.18,2025-09-05 11:12:18+08:00,2025-09-05 11:12:19,2025-09-05 11:12:41
159531,中证2000ETF,1.302,1.3031,0.08,2025-09-05 11:12:33+08:00,2025-09-05 11:12:19,2025-09-05 11:12:41
159907,2000ETF,0.953,0.9544,0.15,2025-09-05 11:12:27+08:00,2025-09-05 11:12:19,2025-09-05 11:12:41
159813,半导体ETF,0.962,0.9617,-0.03,2025-09-05 11:12:33+08:00,2025-09-05 11:12:19,2025-09-05 11:12:41
588840,科创板50ETF基金,1.135,1.1467,1.02,2025-09-05 11:12:17+08:00,2025-09-05 11:12:19,2025-09-05 11:12:41
515310,沪深300指数ETF,1.308,1.3074,-0.05,2025-09-05 11:12:25+08:00,2025-09-05 11:12:19,2025-09-05 11:12:41
513330,恒生互联网ETF,0.527,0.5259,-0.21,2025-09-05 11:12:26+08:00,2025-09-05 11:12:19,2025-09-05 11:12:41
561870,自由现金流ETF全指,1.145,1.1448,-0.02,2025-09-05 11:12:18+08:00,2025-09-05 11:12:19,2025-09-05 11:12:41
513320,恒生新经济ETF,1.423,1.4234,0.03,2025-09-05 11:12:27+08:00,2025-09-05 11:12:19,2025-09-05 11:12:41
560050,MSCI中国A50ETF,0.974,0.9746,0.06,2025-09-05 11:12:20+08:00,2025-09-05 11:12:19,2025-09-05 11:12:41
560120,现金流500ETF,1.07,1.0726,0.24,2025-09-05 11:12:20+08:00,2025-09-05 11:12:19,2025-09-05 11:12:41
563860,A500ETF海富通,1.164,1.1646,0.05,2025-09-05 11:12:20+08:00,2025-09-05 11:12:19,2025-09-05 11:12:41
512020,A500ETF指数,1.168,1.1692,0.1,2025-09-05 11:12:30+08:00,2025-09-05 11:12:19,2025-09-05 11:12:41
159215,中证A500ETF指数基金,1.167,1.1677,0.06,2025-09-05 11:12:36+08:00,2025-09-05 11:12:19,2025-09-05 11:12:41
513870,纳指ETF富国,1.608,1.5965,-0.72,2025-09-05 11:12:29+08:00,2025-09-05 11:12:19,2025-09-05 11:12:41
159362,A500ETF工银,1.161,1.1625,0.13,2025-09-05 11:12:36+08:00,2025-09-05 11:12:19,2025-09-05 11:12:41
512560,军工ETF易方达,0.72,0.7206,0.08,2025-09-05 11:12:29+08:00,2025-09-05 11:12:19,2025-09-05 11:12:41
159390,A50指数ETF,1.171,1.1689,-0.18,2025-09-05 11:12:33+08:00,2025-09-05 11:12:19,2025-09-05 11:12:41
520840,港股通恒生科技ETF,0.989,0.9877,-0.13,2025-09-05 11:12:24+08:00,2025-09-05 11:12:19,2025-09-05 11:12:41
159665,半导体龙头ETF,1.535,1.5437,0.56,2025-09-05 11:12:33+08:00,2025-09-05 11:12:19,2025-09-05 11:12:41
513730,东南亚科技ETF,1.349,1.3352,-1.03,2025-09-05 11:12:29+08:00,2025-09-05 11:12:19,2025-09-05 11:12:41
159750,港股科技50ETF,1.086,1.0811,-0.45,2025-09-05 11:12:33+08:00,2025-09-05 11:12:19,2025-09-05 11:12:41
560780,芯片设备ETF,1.284,1.2862,0.17,2025-09-05 11:12:20+08:00,2025-09-05 11:12:19,2025-09-05 11:12:41
159696,纳指ETF易方达,1.57,1.5596,-0.67,2025-09-05 11:12:33+08:00,2025-09-05 11:12:19,2025-09-05 11:12:41
159376,A500ETF指数基金,1.209,1.2101,0.09,2025-09-05 11:12:30+08:00,2025-09-05 11:12:19,2025-09-05 11:12:41
159747,香港科技ETF,1.479,1.4822,0.22,2025-09-05 11:12:33+08:00,2025-09-05 11:12:19,2025-09-05 11:12:41
159995,芯片ETF,1.491,1.5003,0.62,2025-09-05 11:12:27+08:00,2025-09-05 11:12:19,2025-09-05 11:12:41
510390,沪深300ETF平安,4.88,4.8801,0.0,2025-09-05 11:12:30+08:00,2025-09-05 11:12:19,2025-09-05 11:12:41
515810,中证800ETF,1.514,1.5132,-0.05,2025-09-05 11:12:26+08:00,2025-09-05 11:12:19,2025-09-05 11:12:41
513180,恒生科技指数ETF,0.761,0.762,0.13,2025-09-05 11:12:28+08:00,2025-09-05 11:12:19,2025-09-05 11:12:41
159546,集成电路ETF,1.622,1.6307,0.53,2025-09-05 11:12:30+08:00,2025-09-05 11:12:19,2025-09-05 11:12:41
562860,生物疫苗ETF,0.766,0.7663,0.04,2025-09-05 11:12:20+08:00,2025-09-05 11:12:19,2025-09-05 11:12:41
563500,中证A500ETF华宝,1.157,1.1579,0.08,2025-09-05 11:12:20+08:00,2025-09-05 11:12:19,2025-09-05 11:12:41
588150,科创50ETF南方,0.868,0.8752,0.82,2025-09-05 11:12:18+08:00,2025-09-05 11:12:19,2025-09-05 11:12:41
159632,纳斯达克ETF,1.917,1.9072,-0.51,2025-09-05 11:12:30+08:00,2025-09-05 11:12:19,2025-09-05 11:12:41
563360,A500ETF华泰柏瑞,1.17,1.1707,0.06,2025-09-05 11:12:18+08:00,2025-09-05 11:12:19,2025-09-05 11:12:41
159225,现金流ETF基金,1.162,1.1619,-0.01,2025-09-05 11:12:36+08:00,2025-09-05 11:12:19,2025-09-05 11:12:41
588100,科创信息技术ETF,1.656,1.6725,0.99,2025-09-05 11:12:18+08:00,2025-09-05 11:12:19,2025-09-05 11:12:41
159328,家电ETF易方达,1.071,1.0744,0.32,2025-09-05 11:12:36+08:00,2025-09-05 11:12:19,2025-09-05 11:12:41
588060,科创50ETF龙头,0.788,0.7945,0.82,2025-09-05 11:12:19+08:00,2025-09-05 11:12:19,2025-09-05 11:12:41
513010,恒生科技ETF易方达,0.781,0.7785,-0.32,2025-09-05 11:12:27+08:00,2025-09-05 11:12:19,2025-09-05 11:12:41
159591,中证A50ETF,1.273,1.2722,-0.06,2025-09-05 11:12:33+08:00,2025-09-05 11:12:19,2025-09-05 11:12:41
159360,中证A500ETF天弘,1.175,1.1754,0.03,2025-09-05 11:12:36+08:00,2025-09-05 11:12:19,2025-09-05 11:12:41
588990,科创芯片ETF博时,2.052,2.0661,0.68,2025-09-05 11:12:18+08:00,2025-09-05 11:12:19,2025-09-05 11:12:41
513380,恒生科技ETF龙头,0.69,0.6887,-0.19,2025-09-05 11:12:28+08:00,2025-09-05 11:12:19,2025-09-05 11:12:41
159300,300ETF,4.601,4.6053,0.09,2025-09-05 11:12:36+08:00,2025-09-05 11:12:19,2025-09-05 11:12:41
561090,中证A500增强ETF,1.104,1.1055,0.14,2025-09-05 11:12:16+08:00,2025-09-05 11:12:19,2025-09-05 11:12:41
561750,中证A50ETF博时,1.11,1.1115,0.13,2025-09-05 11:12:20+08:00,2025-09-05 11:12:19,2025-09-05 11:12:41
159636,港股通科技30ETF,1.42,1.4154,-0.32,2025-09-05 11:12:33+08:00,2025-09-05 11:12:19,2025-09-05 11:12:41
159338,中证A500ETF,1.107,1.1094,0.22,2025-09-05 11:12:36+08:00,2025-09-05 11:12:19,2025-09-05 11:12:41
159919,沪深300ETF,4.639,4.6415,0.05,2025-09-05 11:12:27+08:00,2025-09-05 11:12:19,2025-09-05 11:12:41
159513,纳斯达克100指数ETF,1.417,1.4105,-0.46,2025-09-05 11:12:33+08:00,2025-09-05 11:12:19,2025-09-05 11:12:41
563520,沪深300ETF永赢,1.121,1.1206,-0.04,2025-09-05 11:12:18+08:00,2025-09-05 11:12:19,2025-09-05 11:12:41
159560,芯片50ETF,1.423,1.4272,0.29,2025-09-05 11:12:30+08:00,2025-09-05 11:12:19,2025-09-05 11:12:41
513850,美国50ETF,1.528,1.5194,-0.57,2025-09-05 11:12:24+08:00,2025-09-05 11:12:19,2025-09-05 11:12:41
513110,纳斯达克100ETF,1.948,1.9357,-0.64,2025-09-05 11:12:28+08:00,2025-09-05 11:12:19,2025-09-05 11:12:41
563780,现金流全指ETF,1.134,1.1343,0.03,2025-09-05 11:12:18+08:00,2025-09-05 11:12:19,2025-09-05 11:12:41
563880,中证A500指数ETF,1.143,1.1436,0.05,2025-09-05 11:12:19+08:00,2025-09-05 11:12:19,2025-09-05 11:12:41
513890,恒生科技HKETF,1.146,1.1444,-0.14,2025-09-05 11:12:26+08:00,2025-09-05 11:12:19,2025-09-05 11:12:41
159501,纳指ETF嘉实,1.584,1.5754,-0.55,2025-09-05 11:12:30+08:00,2025-09-05 11:12:19,2025-09-05 11:12:41
515380,沪深300ETF泰康,5.05,5.0488,-0.02,2025-09-05 11:12:27+08:00,2025-09-05 11:12:19,2025-09-05 11:12:41
513300,纳斯达克ETF,2.114,2.1074,-0.31,2025-09-05 11:12:29+08:00,2025-09-05 11:12:19,2025-09-05 11:12:41
159592,A50ETF基金,1.257,1.2575,0.04,2025-09-05 11:12:33+08:00,2025-09-05 11:12:19,2025-09-05 11:12:41
563660,A500ETF银河,1.154,1.1563,0.2,2025-09-05 11:12:20+08:00,2025-09-05 11:12:19,2025-09-05 11:12:41
516830,300ESGETF,0.947,0.9481,0.12,2025-09-05 11:12:22+08:00,2025-09-05 11:12:19,2025-09-05 11:12:41
159577,美国50ETF,1.371,1.3651,-0.43,2025-09-05 11:12:30+08:00,2025-09-05 11:12:19,2025-09-05 11:12:41
513100,纳指ETF,1.698,1.6807,-1.03,2025-09-05 11:12:28+08:00,2025-09-05 11:12:19,2025-09-05 11:12:41
159325,半导体ETF南方,1.281,1.2904,0.73,2025-09-05 11:12:36+08:00,2025-09-05 11:12:19,2025-09-05 11:12:41
561950,500指数增强ETF,1.269,1.2692,0.02,2025-09-05 11:12:19+08:00,2025-09-05 11:12:19,2025-09-05 11:12:41
159218,卫星产业ETF,1.165,1.1655,0.04,2025-09-05 11:12:36+08:00,2025-09-05 11:12:19,2025-09-05 11:12:41
159595,中证A50ETF基金,1.277,1.2779,0.07,2025-09-05 11:12:33+08:00,2025-09-05 11:12:19,2025-09-05 11:12:41
159358,中证A500ETF基金,1.177,1.1786,0.14,2025-09-05 11:12:36+08:00,2025-09-05 11:12:19,2025-09-05 11:12:41
512910,中证A100ETF,1.184,1.1862,0.19,2025-09-05 11:12:29+08:00,2025-09-05 11:12:19,2025-09-05 11:12:41
512090,MSCIA股ETF易方达,1.817,1.819,0.11,2025-09-05 11:12:30+08:00,2025-09-05 11:12:19,2025-09-05 11:12:41
513130,恒生科技ETF,0.749,0.7489,-0.01,2025-09-05 11:12:27+08:00,2025-09-05 11:12:19,2025-09-05 11:12:41
561010,软件ETF基金,1.185,1.187,0.17,2025-09-05 11:12:21+08:00,2025-09-05 11:12:19,2025-09-05 11:12:41
510320,沪深300ETF中金,1.181,1.1818,0.07,2025-09-05 11:12:29+08:00,2025-09-05 11:12:19,2025-09-05 11:12:41
159659,纳斯达克100ETF,1.817,1.8074,-0.53,2025-09-05 11:12:33+08:00,2025-09-05 11:12:19,2025-09-05 11:12:41
513400,道琼斯ETF,1.177,1.1722,-0.41,2025-09-05 11:12:28+08:00,2025-09-05 11:12:19,2025-09-05 11:12:41
512660,军工ETF,1.177,1.1783,0.11,2025-09-05 11:12:26+08:00,2025-09-05 11:12:19,2025-09-05 11:12:41
512160,MSCI中国A股ETF,1.39,1.39,0.0,2025-09-05 11:12:30+08:00,2025-09-05 11:12:19,2025-09-05 11:12:41
159660,纳指100ETF,1.845,1.8334,-0.63,2025-09-05 11:12:33+08:00,2025-09-05 11:12:19,2025-09-05 11:12:41
159601,A50ETF,0.979,0.9789,-0.01,2025-09-05 11:12:33+08:00,2025-09-05 11:12:19,2025-09-05 11:12:41
159233,自由现金流ETF基金,1.109,1.108,-0.09,2025-09-05 11:12:30+08:00,2025-09-05 11:12:19,2025-09-05 11:12:41
512670,国防ETF,0.779,0.7797,0.09,2025-09-05 11:12:27+08:00,2025-09-05 11:12:19,2025-09-05 11:12:41
510330,沪深300ETF华夏,4.56,4.5644,0.1,2025-09-05 11:12:30+08:00,2025-09-05 11:12:19,2025-09-05 11:12:41
510310,沪深300ETF易方达,4.349,4.3546,0.13,2025-09-05 11:12:30+08:00,2025-09-05 11:12:19,2025-09-05 11:12:41
560350,中证A50ETF指数基金,1.227,1.228,0.08,2025-09-05 11:12:22+08:00,2025-09-05 11:12:19,2025-09-05 11:12:41
159561,德国ETF,1.345,1.3369,-0.61,2025-09-05 11:12:33+08:00,2025-09-05 11:12:19,2025-09-05 11:12:41
159209,中证红利质量ETF,1.125,1.1252,0.02,2025-09-05 11:12:30+08:00,2025-09-05 11:12:19,2025-09-05 11:12:41
510300,沪深300ETF,4.496,4.498,0.04,2025-09-05 11:12:30+08:00,2025-09-05 11:12:19,2025-09-05 11:12:41
517050,互联网ETF华泰柏瑞,0.9,0.8997,-0.03,2025-09-05 11:12:23+08:00,2025-09-05 11:12:19,2025-09-05 11:12:41
516350,芯片ETF易方达,1.012,1.0231,1.08,2025-09-05 11:12:27+08:00,2025-09-05 11:12:19,2025-09-05 11:12:41
515660,沪深300ETF国联安,5.409,5.4195,0.19,2025-09-05 11:12:24+08:00,2025-09-05 11:12:19,2025-09-05 11:12:41
159202,恒生互联网科技ETF,1.136,1.1323,-0.33,2025-09-05 11:12:39+08:00,2025-09-05 11:12:19,2025-09-05 11:12:41
159586,计算机ETF南方,1.377,1.3775,0.04,2025-09-05 11:12:30+08:00,2025-09-05 11:12:19,2025-09-05 11:12:41
159232,现金流ETF南方,1.148,1.1486,0.05,2025-09-05 11:12:39+08:00,2025-09-05 11:12:19,2025-09-05 11:12:41
515390,沪深300ETF指数基金,1.27,1.2717,0.13,2025-09-05 11:12:26+08:00,2025-09-05 11:12:19,2025-09-05 11:12:41
159276,现金流ETF汇添富,1.038,1.0397,0.16,2025-09-05 11:12:36+08:00,2025-09-05 11:12:19,2025-09-05 11:12:41
512760,芯片ETF,1.387,1.3967,0.69,2025-09-05 11:12:28+08:00,2025-09-05 11:12:19,2025-09-05 11:12:41
588870,科创50指数ETF,1.271,1.2767,0.45,2025-09-05 11:12:19+08:00,2025-09-05 11:12:19,2025-09-05 11:12:41
159941,纳指ETF,1.274,1.2627,-0.89,2025-09-05 11:12:27+08:00,2025-09-05 11:12:19,2025-09-05 11:12:41
159925,沪深300ETF南方,4.518,4.5212,0.07,2025-09-05 11:12:27+08:00,2025-09-05 11:12:19,2025-09-05 11:12:41
159235,中证现金流ETF,1.153,1.1517,-0.11,2025-09-05 11:12:36+08:00,2025-09-05 11:12:19,2025-09-05 11:12:41
510350,沪深300ETF工银,4.551,4.5522,0.03,2025-09-05 11:12:30+08:00,2025-09-05 11:12:19,2025-09-05 11:12:41
512720,计算机ETF,1.176,1.1765,0.04,2025-09-05 11:12:29+08:00,2025-09-05 11:12:19,2025-09-05 11:12:41
513990,港股通ETF,1.178,1.178,0.0,2025-09-05 11:12:28+08:00,2025-09-05 11:12:19,2025-09-05 11:12:41
516110,汽车ETF,1.422,1.4192,-0.2,2025-09-05 11:12:26+08:00,2025-09-05 11:12:19,2025-09-05 11:12:41
159625,绿色电力ETF,1.19,1.1909,0.08,2025-09-05 11:12:30+08:00,2025-09-05 11:12:19,2025-09-05 11:12:41
159688,恒生互联网ETF,1.067,1.0646,-0.23,2025-09-05 11:12:33+08:00,2025-09-05 11:12:19,2025-09-05 11:12:41
159936,可选消费ETF,2.151,2.1529,0.09,2025-09-05 11:12:24+08:00,2025-09-05 11:12:19,2025-09-05 11:12:41
159910,基本面120ETF,2.27,2.273,0.13,2025-09-05 11:12:27+08:00,2025-09-05 11:12:19,2025-09-05 11:12:41
513920,港股通央企红利ETF,1.557,1.5628,0.37,2025-09-05 11:12:28+08:00,2025-09-05 11:12:19,2025-09-05 11:12:41
515350,民生加银300ETF,5.854,5.8571,0.05,2025-09-05 11:12:27+08:00,2025-09-05 11:12:19,2025-09-05 11:12:41
159265,港股消费50ETF,1.075,1.075,0.0,2025-09-05 11:12:33+08:00,2025-09-05 11:12:19,2025-09-05 11:12:41
159638,高端装备ETF,0.85,0.8505,0.06,2025-09-05 11:12:33+08:00,2025-09-05 11:12:19,2025-09-05 11:12:41
159380,A500ETF东财,1.208,1.2103,0.19,2025-09-05 11:12:30+08:00,2025-09-05 11:12:19,2025-09-05 11:12:41
513260,恒生科技ETF基金,1.455,1.4523,-0.19,2025-09-05 11:12:26+08:00,2025-09-05 11:12:19,2025-09-05 11:12:41
517080,沪港深500ETF基金,0.973,0.9758,0.29,2025-09-05 11:12:24+08:00,2025-09-05 11:12:19,2025-09-05 11:12:41
159550,互联网ETF沪港深,1.104,1.1035,-0.05,2025-09-05 11:12:30+08:00,2025-09-05 11:12:19,2025-09-05 11:12:41
517000,沪港深500ETF,0.981,0.9836,0.26,2025-09-05 11:12:23+08:00,2025-09-05 11:12:19,2025-09-05 11:12:41
159262,港股通科技ETF,1.124,1.1231,-0.08,2025-09-05 11:12:36+08:00,2025-09-05 11:12:19,2025-09-05 11:12:41
159741,恒生科技ETF嘉实,0.746,0.7441,-0.26,2025-09-05 11:12:33+08:00,2025-09-05 11:12:19,2025-09-05 11:12:41
159740,恒生科技ETF,0.748,0.7461,-0.25,2025-09-05 11:12:33+08:00,2025-09-05 11:12:19,2025-09-05 11:12:41
513070,港股消费ETF易方达,1.369,1.3653,-0.27,2025-09-05 11:12:29+08:00,2025-09-05 11:12:19,2025-09-05 11:12:41
159509,纳指科技ETF,1.877,1.7239,-8.88,2025-09-05 11:12:33+08:00,2025-09-05 11:12:19,2025-09-05 11:12:41
513050,中概互联网ETF,1.518,1.5051,-0.86,2025-09-05 11:12:27+08:00,2025-09-05 11:12:19,2025-09-05 11:12:41
159221,现金流ETF嘉实,1.132,1.1326,0.05,2025-09-05 11:12:39+08:00,2025-09-05 11:12:19,2025-09-05 11:12:41
513580,恒生科技ETF指数基金,0.757,0.7509,-0.81,2025-09-05 11:12:27+08:00,2025-09-05 11:12:19,2025-09-05 11:12:41
510360,沪深300ETF基金,1.664,1.6655,0.09,2025-09-05 11:12:29+08:00,2025-09-05 11:12:19,2025-09-05 11:12:41
563390,现金流ETF全指,1.153,1.1531,0.01,2025-09-05 11:12:18+08:00,2025-09-05 11:12:19,2025-09-05 11:12:41
159593,中证A50指数ETF,1.278,1.2791,0.09,2025-09-05 11:12:33+08:00,2025-09-05 11:12:19,2025-09-05 11:12:41
159220,港股通红利ETF,1.145,1.1491,0.36,2025-09-05 11:12:30+08:00,2025-09-05 11:12:19,2025-09-05 11:12:41
513630,港股红利指数ETF,1.535,1.5405,0.36,2025-09-05 11:12:29+08:00,2025-09-05 11:12:19,2025-09-05 11:12:41
517300,沪港深300ETF,0.902,0.905,0.33,2025-09-05 11:12:23+08:00,2025-09-05 11:12:19,2025-09-05 11:12:41
159655,标普ETF,1.687,1.6864,-0.04,2025-09-05 11:12:33+08:00,2025-09-05 11:12:19,2025-09-05 11:12:41
561930,沪深300ETF招商,1.423,1.4277,0.33,2025-09-05 11:12:20+08:00,2025-09-05 11:12:19,2025-09-05 11:12:41
563320,通用航空ETF,0.906,0.9055,-0.06,2025-09-05 11:12:18+08:00,2025-09-05 11:12:19,2025-09-05 11:12:41
515110,一带一路ETF易方达,1.442,1.4427,0.05,2025-09-05 11:12:25+08:00,2025-09-05 11:12:19,2025-09-05 11:12:41
159899,软件龙头ETF,0.924,0.9236,-0.04,2025-09-05 11:12:27+08:00,2025-09-05 11:12:19,2025-09-05 11:12:41
560110,中证1000ETF基金,1.054,1.0548,0.08,2025-09-05 11:12:22+08:00,2025-09-05 11:12:19,2025-09-05 11:12:41
561360,石油ETF,1.072,1.0719,-0.01,2025-09-05 11:12:20+08:00,2025-09-05 11:12:19,2025-09-05 11:12:41
515400,大数据ETF,0.944,0.9451,0.12,2025-09-05 11:12:25+08:00,2025-09-05 11:12:19,2025-09-05 11:12:41
513900,港股通100ETF,1.079,1.0794,0.04,2025-09-05 11:12:28+08:00,2025-09-05 11:12:19,2025-09-05 11:12:41
515360,方正沪深300ETF,6.113,6.0942,-0.31,2025-09-05 11:12:24+08:00,2025-09-05 11:12:19,2025-09-05 11:12:41
515150,一带一路ETF,1.36,1.3609,0.07,2025-09-05 11:12:26+08:00,2025-09-05 11:12:19,2025-09-05 11:12:41
159788,港股通100ETF,1.366,1.3699,0.28,2025-09-05 11:12:33+08:00,2025-09-05 11:12:19,2025-09-05 11:12:41
159201,自由现金流ETF,1.106,1.1055,-0.05,2025-09-05 11:12:39+08:00,2025-09-05 11:12:19,2025-09-05 11:12:41
159596,A50ETF华宝,1.237,1.2369,-0.01,2025-09-05 11:12:33+08:00,2025-09-05 11:12:19,2025-09-05 11:12:41
562550,绿电ETF,1.107,1.1057,-0.12,2025-09-05 11:12:21+08:00,2025-09-05 11:12:19,2025-09-05 11:12:41
159602,中国A50ETF,0.963,0.964,0.1,2025-09-05 11:12:30+08:00,2025-09-05 11:12:19,2025-09-05 11:12:41
159797,医疗器械ETF基金,0.828,0.8282,0.02,2025-09-05 11:12:30+08:00,2025-09-05 11:12:19,2025-09-05 11:12:41
159735,港股消费ETF,0.841,0.8387,-0.27,2025-09-05 11:12:33+08:00,2025-09-05 11:12:19,2025-09-05 11:12:41
513650,标普500ETF南方,1.669,1.6628,-0.37,2025-09-05 11:12:28+08:00,2025-09-05 11:12:19,2025-09-05 11:12:41
563000,中国A50ETF,0.983,0.9847,0.17,2025-09-05 11:12:20+08:00,2025-09-05 11:12:19,2025-09-05 11:12:41
563550,A500增强ETF摩根,1.12,1.1204,0.04,2025-09-05 11:12:20+08:00,2025-09-05 11:12:19,2025-09-05 11:12:41
159998,计算机ETF,0.984,0.9859,0.19,2025-09-05 11:12:27+08:00,2025-09-05 11:12:19,2025-09-05 11:12:41
159605,中概互联ETF,1.129,1.1273,-0.15,2025-09-05 11:12:33+08:00,2025-09-05 11:12:19,2025-09-05 11:12:41
530680,上证180指数ETF基金,1.14,1.1399,-0.01,2025-09-05 11:12:22+08:00,2025-09-05 11:12:19,2025-09-05 11:12:41
513550,港股通50ETF,1.13,1.1302,0.02,2025-09-05 11:12:29+08:00,2025-09-05 11:12:19,2025-09-05 11:12:41
512990,MSCIA股ETF,1.85,1.8551,0.27,2025-09-05 11:12:28+08:00,2025-09-05 11:12:19,2025-09-05 11:12:41
510710,上证50ETF博时,4.108,4.1138,0.14,2025-09-05 11:12:30+08:00,2025-09-05 11:12:19,2025-09-05 11:12:41
513500,标普500ETF,2.204,2.1837,-0.93,2025-09-05 11:12:28+08:00,2025-09-05 11:12:19,2025-09-05 11:12:41
159222,自由现金流ETF易方达,1.168,1.1694,0.12,2025-09-05 11:12:39+08:00,2025-09-05 11:12:19,2025-09-05 11:12:41
159330,沪深300ETF基金,1.341,1.3436,0.19,2025-09-05 11:12:36+08:00,2025-09-05 11:12:19,2025-09-05 11:12:41
159898,医疗器械指数ETF,0.589,0.5884,-0.1,2025-09-05 11:12:18+08:00,2025-09-05 11:12:19,2025-09-05 11:12:41
510150,消费ETF,0.596,0.5957,-0.05,2025-09-05 11:12:27+08:00,2025-09-05 11:12:19,2025-09-05 11:12:41
513660,恒生ETF,3.13,3.1266,-0.11,2025-09-05 11:12:29+08:00,2025-09-05 11:12:19,2025-09-05 11:12:41
513220,中概互联ETF,1.326,1.3161,-0.75,2025-09-05 11:12:28+08:00,2025-09-05 11:12:19,2025-09-05 11:12:41
513770,港股互联网ETF,0.589,0.5865,-0.43,2025-09-05 11:12:29+08:00,2025-09-05 11:12:19,2025-09-05 11:12:41
513390,纳指100ETF,1.94,1.8833,-3.01,2025-09-05 11:12:27+08:00,2025-09-05 11:12:19,2025-09-05 11:12:41
159389,数字经济ETF嘉实,1.198,1.2072,0.76,2025-09-05 11:12:30+08:00,2025-09-05 11:12:19,2025-09-05 11:12:41
159385,数字经济ETF富国,1.208,1.2084,0.03,2025-09-05 11:12:33+08:00,2025-09-05 11:12:19,2025-09-05 11:12:41
159393,沪深300指数ETF,4.491,4.4942,0.07,2025-09-05 11:12:33+08:00,2025-09-05 11:12:19,2025-09-05 11:12:41
159742,恒生科技指数ETF,0.768,0.7669,-0.14,2025-09-05 11:12:33+08:00,2025-09-05 11:12:19,2025-09-05 11:12:41
159538,信创ETF富国,1.374,1.3756,0.12,2025-09-05 11:12:33+08:00,2025-09-05 11:12:19,2025-09-05 11:12:41
562930,软件ETF易方达,0.912,0.913,0.11,2025-09-05 11:12:20+08:00,2025-09-05 11:12:19,2025-09-05 11:12:41
513690,港股红利ETF博时,1.075,1.0763,0.12,2025-09-05 11:12:27+08:00,2025-09-05 11:12:19,2025-09-05 11:12:41
159510,沪深300价值ETF,1.229,1.2299,0.07,2025-09-05 11:12:27+08:00,2025-09-05 11:12:19,2025-09-05 11:12:41
561300,300增强ETF,0.936,0.9365,0.05,2025-09-05 11:12:21+08:00,2025-09-05 11:12:19,2025-09-05 11:12:41
159283,通用航空ETF南方,0.934,0.9339,-0.01,2025-09-05 11:12:33+08:00,2025-09-05 11:12:19,2025-09-05 11:12:41
159545,恒生红利低波ETF,1.404,1.4113,0.52,2025-09-05 11:12:33+08:00,2025-09-05 11:12:19,2025-09-05 11:12:41
159699,恒生消费ETF,1.116,1.112,-0.36,2025-09-05 11:12:30+08:00,2025-09-05 11:12:19,2025-09-05 11:12:41
513590,香港消费ETF,0.958,0.9589,0.09,2025-09-05 11:12:29+08:00,2025-09-05 11:12:19,2025-09-05 11:12:41
159856,互联网龙头ETF,0.799,0.8026,0.45,2025-09-05 11:12:30+08:00,2025-09-05 11:12:19,2025-09-05 11:12:41
515760,浙江国资ETF,1.434,1.434,0.0,2025-09-05 11:12:23+08:00,2025-09-05 11:12:19,2025-09-05 11:12:41
159607,中概互联网ETF,1.129,1.1223,-0.6,2025-09-05 11:12:33+08:00,2025-09-05 11:12:19,2025-09-05 11:12:41
512380,MSCI中国ETF,1.52,1.5188,-0.08,2025-09-05 11:12:29+08:00,2025-09-05 11:12:19,2025-09-05 11:12:41
520990,港股央企红利50ETF,0.999,1.0026,0.36,2025-09-05 11:12:22+08:00,2025-09-05 11:12:19,2025-09-05 11:12:41
159708,红利ETF,0.842,0.8429,0.11,2025-09-05 11:12:33+08:00,2025-09-05 11:12:19,2025-09-05 11:12:41
159619,基建ETF,1.022,1.0222,0.02,2025-09-05 11:12:33+08:00,2025-09-05 11:12:19,2025-09-05 11:12:41
520660,港股通央企红利ETF南方,1.016,1.0142,-0.18,2025-09-05 11:12:22+08:00,2025-09-05 11:12:19,2025-09-05 11:12:41
513970,恒生消费ETF,1.024,1.0262,0.21,2025-09-05 11:12:28+08:00,2025-09-05 11:12:19,2025-09-05 11:12:41
516000,数据ETF,1.022,1.022,0.0,2025-09-05 11:12:27+08:00,2025-09-05 11:12:19,2025-09-05 11:12:41
520620,港股通消费ETF,1.024,1.0195,-0.44,2025-09-05 11:12:24+08:00,2025-09-05 11:12:19,2025-09-05 11:12:41
513600,恒生指数ETF,2.908,2.9104,0.08,2025-09-05 11:12:29+08:00,2025-09-05 11:12:19,2025-09-05 11:12:41
159540,信创ETF易方达,1.414,1.4153,0.09,2025-09-05 11:12:33+08:00,2025-09-05 11:12:19,2025-09-05 11:12:41
159905,深红利ETF,1.762,1.7621,0.01,2025-09-05 11:12:27+08:00,2025-09-05 11:12:19,2025-09-05 11:12:41
560850,信创50ETF,1.402,1.4018,-0.01,2025-09-05 11:12:21+08:00,2025-09-05 11:12:19,2025-09-05 11:12:41
159852,软件ETF,0.896,0.8949,-0.12,2025-09-05 11:12:33+08:00,2025-09-05 11:12:19,2025-09-05 11:12:41
513230,港股消费ETF,1.081,1.0808,-0.02,2025-09-05 11:12:24+08:00,2025-09-05 11:12:19,2025-09-05 11:12:41
516550,农业ETF,0.723,0.7236,0.08,2025-09-05 11:12:27+08:00,2025-09-05 11:12:19,2025-09-05 11:12:41
159335,央企科创ETF,1.249,1.248,-0.08,2025-09-05 11:12:30+08:00,2025-09-05 11:12:19,2025-09-05 11:12:41
159822,新经济ETF,0.729,0.7262,-0.39,2025-09-05 11:12:33+08:00,2025-09-05 11:12:19,2025-09-05 11:12:41
515960,医药ETF嘉实,0.915,0.9179,0.32,2025-09-05 11:12:23+08:00,2025-09-05 11:12:19,2025-09-05 11:12:41
159726,恒生红利ETF,1.285,1.2907,0.44,2025-09-05 11:12:33+08:00,2025-09-05 11:12:19,2025-09-05 11:12:41
159241,航空航天ETF天弘,1.119,1.1184,-0.05,2025-09-05 11:12:36+08:00,2025-09-05 11:12:19,2025-09-05 11:12:41
561170,绿色电力ETF,1.109,1.1096,0.05,2025-09-05 11:12:20+08:00,2025-09-05 11:12:19,2025-09-05 11:12:41
588750,科创芯片50ETF,1.309,1.3237,1.11,2025-09-05 11:12:18+08:00,2025-09-05 11:12:19,2025-09-05 11:12:41
516460,现金流ETF800,1.135,1.1364,0.12,2025-09-05 11:12:27+08:00,2025-09-05 11:12:19,2025-09-05 11:12:41
563990,800现金流ETF,1.138,1.1425,0.39,2025-09-05 11:12:20+08:00,2025-09-05 11:12:19,2025-09-05 11:12:41
510850,上证50ETF工银,3.426,3.4384,0.36,2025-09-05 11:12:30+08:00,2025-09-05 11:12:19,2025-09-05 11:12:41
510180,上证180ETF,3.971,3.9754,0.11,2025-09-05 11:12:27+08:00,2025-09-05 11:12:19,2025-09-05 11:12:41
159569,港股红利低波ETF,1.322,1.322,0.0,2025-09-05 11:12:33+08:00,2025-09-05 11:12:19,2025-09-05 11:12:41
159920,恒生ETF,1.55,1.5568,0.44,2025-09-05 11:12:27+08:00,2025-09-05 11:12:19,2025-09-05 11:12:41
513950,恒生红利ETF,1.377,1.3828,0.42,2025-09-05 11:12:27+08:00,2025-09-05 11:12:19,2025-09-05 11:12:41
520550,港股红利低波ETF,1.182,1.1877,0.48,2025-09-05 11:12:23+08:00,2025-09-05 11:12:19,2025-09-05 11:12:41
159599,芯片ETF基金,1.763,1.7717,0.49,2025-09-05 11:12:33+08:00,2025-09-05 11:12:19,2025-09-05 11:12:41
159590,软件50ETF,1.181,1.1821,0.09,2025-09-05 11:12:30+08:00,2025-09-05 11:12:19,2025-09-05 11:12:41
513040,港股通互联网ETF,1.564,1.5569,-0.46,2025-09-05 11:12:26+08:00,2025-09-05 11:12:19,2025-09-05 11:12:41
159825,农业ETF,0.786,0.787,0.13,2025-09-05 11:12:33+08:00,2025-09-05 11:12:19,2025-09-05 11:12:41
159271,恒生指数ETF,1.008,1.0102,0.22,2025-09-05 11:12:36+08:00,2025-09-05 11:12:19,2025-09-05 11:12:41
159673,沪深300ETF鹏华,1.198,1.1978,-0.02,2025-09-05 11:12:33+08:00,2025-09-05 11:12:19,2025-09-05 11:12:41
561220,数字经济ETF工银,1.196,1.2053,0.77,2025-09-05 11:12:20+08:00,2025-09-05 11:12:19,2025-09-05 11:12:41
516810,农业50ETF,0.801,0.8021,0.14,2025-09-05 11:12:22+08:00,2025-09-05 11:12:19,2025-09-05 11:12:41
561560,电力ETF,1.222,1.2222,0.02,2025-09-05 11:12:22+08:00,2025-09-05 11:12:19,2025-09-05 11:12:41
159954,H股ETF,1.037,1.0404,0.33,2025-09-05 11:12:24+08:00,2025-09-05 11:12:19,2025-09-05 11:12:41
516790,医疗ETF华泰柏瑞,0.631,0.6314,0.06,2025-09-05 11:12:22+08:00,2025-09-05 11:12:19,2025-09-05 11:12:41
512370,A500增强ETF基金,1.037,1.0398,0.27,2025-09-05 11:12:29+08:00,2025-09-05 11:12:19,2025-09-05 11:12:41
159365,恒指ETF,1.049,1.0506,0.15,2025-09-05 11:12:24+08:00,2025-09-05 11:12:19,2025-09-05 11:12:41
517010,沪港深500ETF易方达,1.092,1.0954,0.31,2025-09-05 11:12:22+08:00,2025-09-05 11:12:19,2025-09-05 11:12:41
159635,基建50ETF,1.082,1.0842,0.2,2025-09-05 11:12:33+08:00,2025-09-05 11:12:19,2025-09-05 11:12:41
516860,金融科技ETF,1.543,1.5424,-0.04,2025-09-05 11:12:24+08:00,2025-09-05 11:12:19,2025-09-05 11:12:41
159612,标普500ETF,1.79,1.7135,-4.46,2025-09-05 11:12:30+08:00,2025-09-05 11:12:19,2025-09-05 11:12:41
512710,军工龙头ETF,0.665,0.6646,-0.06,2025-09-05 11:12:26+08:00,2025-09-05 11:12:19,2025-09-05 11:12:41
560070,央企红利ETF基金,1.118,1.1181,0.01,2025-09-05 11:12:21+08:00,2025-09-05 11:12:19,2025-09-05 11:12:41
159399,现金流ETF,1.116,1.1156,-0.04,2025-09-05 11:12:33+08:00,2025-09-05 11:12:19,2025-09-05 11:12:41
562600,医疗器械ETF,0.937,0.9374,0.04,2025-09-05 11:12:19+08:00,2025-09-05 11:12:19,2025-09-05 11:12:41
159568,港股互联网ETF,1.871,1.8749,0.21,2025-09-05 11:12:33+08:00,2025-09-05 11:12:19,2025-09-05 11:12:41
515230,软件ETF,0.925,0.9251,0.01,2025-09-05 11:12:27+08:00,2025-09-05 11:12:19,2025-09-05 11:12:41
513030,德国ETF,1.851,1.8296,-1.17,2025-09-05 11:12:28+08:00,2025-09-05 11:12:19,2025-09-05 11:12:41
512390,平安MSCI低波ETF,1.166,1.1633,-0.23,2025-09-05 11:12:29+08:00,2025-09-05 11:12:19,2025-09-05 11:12:41
510020,超大盘ETF,3.784,3.7598,-0.64,2025-09-05 11:12:28+08:00,2025-09-05 11:12:19,2025-09-05 11:12:41
159792,港股通互联网ETF,0.957,0.9575,0.05,2025-09-05 11:12:33+08:00,2025-09-05 11:12:19,2025-09-05 11:12:41
159698,粮食ETF,0.947,0.9474,0.04,2025-09-05 11:12:33+08:00,2025-09-05 11:12:19,2025-09-05 11:12:41
513090,香港证券ETF,2.196,2.1905,-0.25,2025-09-05 11:12:28+08:00,2025-09-05 11:12:19,2025-09-05 11:12:41
159281,港股通央企红利ETF天弘,0.978,0.9758,-0.23,2025-09-05 11:12:33+08:00,2025-09-05 11:12:19,2025-09-05 11:12:41
517100,AH500ETF,0.987,0.9913,0.43,2025-09-05 11:12:22+08:00,2025-09-05 11:12:19,2025-09-05 11:12:41
510100,上证50ETF易方达,2.977,2.9821,0.17,2025-09-05 11:12:28+08:00,2025-09-05 11:12:19,2025-09-05 11:12:41
159611,电力ETF,1.009,1.0101,0.11,2025-09-05 11:12:33+08:00,2025-09-05 11:12:19,2025-09-05 11:12:41
159331,红利港股ETF,1.293,1.294,0.08,2025-09-05 11:12:33+08:00,2025-09-05 11:12:19,2025-09-05 11:12:41
159280,港股通互联网ETF汇添富,1.03,1.0311,0.11,2025-09-05 11:12:36+08:00,2025-09-05 11:12:19,2025-09-05 11:12:41
159691,港股红利ETF,1.297,1.2974,0.03,2025-09-05 11:12:33+08:00,2025-09-05 11:12:19,2025-09-05 11:12:41
520900,红利ETF港股,1.02,1.0231,0.3,2025-09-05 11:12:23+08:00,2025-09-05 11:12:19,2025-09-05 11:12:41
561700,电力ETF基金,1.059,1.0603,0.12,2025-09-05 11:12:20+08:00,2025-09-05 11:12:19,2025-09-05 11:12:41
159245,港股通消费ETF,1.056,1.0557,-0.03,2025-09-05 11:12:36+08:00,2025-09-05 11:12:19,2025-09-05 11:12:41
159520,消费龙头ETF,1.081,1.0809,-0.01,2025-09-05 11:12:30+08:00,2025-09-05 11:12:19,2025-09-05 11:12:41
517200,互联网ETF,0.809,0.8121,0.38,2025-09-05 11:12:24+08:00,2025-09-05 11:12:19,2025-09-05 11:12:41
513360,教育ETF,0.542,0.5372,-0.89,2025-09-05 11:12:28+08:00,2025-09-05 11:12:19,2025-09-05 11:12:41
516130,消费龙头ETF,0.806,0.8049,-0.14,2025-09-05 11:12:24+08:00,2025-09-05 11:12:19,2025-09-05 11:12:41
562080,300现金流ETF,1.129,1.1299,0.08,2025-09-05 11:12:20+08:00,2025-09-05 11:12:19,2025-09-05 11:12:41
516950,基建ETF,1.125,1.1269,0.17,2025-09-05 11:12:23+08:00,2025-09-05 11:12:19,2025-09-05 11:12:41
562570,信创ETF,1.377,1.3768,-0.01,2025-09-05 11:12:20+08:00,2025-09-05 11:12:19,2025-09-05 11:12:41
159768,房地产ETF,0.575,0.5732,-0.31,2025-09-05 11:12:33+08:00,2025-09-05 11:12:19,2025-09-05 11:12:41
513080,法国CAC40ETF,1.701,1.6862,-0.88,2025-09-05 11:12:29+08:00,2025-09-05 11:12:19,2025-09-05 11:12:41
510900,H股ETF,1.163,1.168,0.43,2025-09-05 11:12:29+08:00,2025-09-05 11:12:19,2025-09-05 11:12:41
159850,恒生国企ETF,0.913,0.9178,0.52,2025-09-05 11:12:33+08:00,2025-09-05 11:12:19,2025-09-05 11:12:41
159834,金ETF,8.103,8.0992,-0.05,2025-09-05 11:12:33+08:00,2025-09-05 11:12:19,2025-09-05 11:12:41
510160,产业升级ETF,0.911,0.9103,-0.08,2025-09-05 11:12:28+08:00,2025-09-05 11:12:19,2025-09-05 11:12:41
510050,上证50ETF,3.044,3.0502,0.2,2025-09-05 11:12:28+08:00,2025-09-05 11:12:19,2025-09-05 11:12:41
159267,航天ETF,0.948,0.9469,-0.12,2025-09-05 11:12:33+08:00,2025-09-05 11:12:19,2025-09-05 11:12:41
518860,黄金ETFAU,7.789,7.7834,-0.07,2025-09-05 11:12:23+08:00,2025-09-05 11:12:19,2025-09-05 11:12:41
560620,公用事业ETF基金,0.932,0.935,0.32,2025-09-05 11:12:22+08:00,2025-09-05 11:12:19,2025-09-05 11:12:41
513910,港股央企红利ETF,1.558,1.5644,0.41,2025-09-05 11:12:28+08:00,2025-09-05 11:12:19,2025-09-05 11:12:41
159277,港股通红利ETF富国,0.957,0.96,0.31,2025-09-05 11:12:36+08:00,2025-09-05 11:12:19,2025-09-05 11:12:41
159266,港股通央企红利ETF,0.975,0.9786,0.37,2025-09-05 11:12:30+08:00,2025-09-05 11:12:19,2025-09-05 11:12:41
513530,港股通红利ETF,1.655,1.6634,0.5,2025-09-05 11:12:24+08:00,2025-09-05 11:12:19,2025-09-05 11:12:41
518890,中银上海金ETF,7.784,7.7816,-0.03,2025-09-05 11:12:22+08:00,2025-09-05 11:12:19,2025-09-05 11:12:41
159985,豆粕ETF,1.989,1.9639,-1.28,2025-09-05 11:12:21+08:00,2025-09-05 11:12:19,2025-09-05 11:12:41
516750,建材ETF,0.693,0.6939,0.13,2025-09-05 11:12:24+08:00,2025-09-05 11:12:19,2025-09-05 11:12:41
159787,建材ETF易方达,0.691,0.6918,0.12,2025-09-05 11:12:33+08:00,2025-09-05 11:12:19,2025-09-05 11:12:41
159647,中药ETF,1.02,1.0212,0.12,2025-09-05 11:12:33+08:00,2025-09-05 11:12:19,2025-09-05 11:12:41
159268,港股通消费50ETF,1.045,1.0442,-0.08,2025-09-05 11:12:36+08:00,2025-09-05 11:12:19,2025-09-05 11:12:41
512040,价值100ETF,1.063,1.0638,0.08,2025-09-05 11:12:29+08:00,2025-09-05 11:12:19,2025-09-05 11:12:41
513170,恒生央企ETF,1.458,1.4647,0.46,2025-09-05 11:12:24+08:00,2025-09-05 11:12:19,2025-09-05 11:12:41
159227,航空航天ETF,1.104,1.1044,0.04,2025-09-05 11:12:39+08:00,2025-09-05 11:12:19,2025-09-05 11:12:41
563900,沪深300自由现金流ETF摩根,1.102,1.1026,0.05,2025-09-05 11:12:18+08:00,2025-09-05 11:12:19,2025-09-05 11:12:41
159336,央企红利50ETF,1.103,1.1032,0.02,2025-09-05 11:12:33+08:00,2025-09-05 11:12:19,2025-09-05 11:12:41
159830,上海金ETF,8.091,8.0859,-0.06,2025-09-05 11:12:33+08:00,2025-09-05 11:12:19,2025-09-05 11:12:41
159934,黄金ETF,7.692,7.6913,-0.01,2025-09-05 11:12:27+08:00,2025-09-05 11:12:19,2025-09-05 11:12:41
515900,央企创新驱动ETF,1.531,1.5339,0.19,2025-09-05 11:12:27+08:00,2025-09-05 11:12:19,2025-09-05 11:12:41
159937,黄金ETF基金,7.755,7.7521,-0.04,2025-09-05 11:12:27+08:00,2025-09-05 11:12:19,2025-09-05 11:12:41
518600,上海金ETF,8.099,8.094,-0.06,2025-09-05 11:12:24+08:00,2025-09-05 11:12:19,2025-09-05 11:12:41
560360,软件指数ETF,1.558,1.56,0.13,2025-09-05 11:12:22+08:00,2025-09-05 11:12:19,2025-09-05 11:12:41
513000,日经225ETF易方达,1.596,1.5898,-0.39,2025-09-05 11:12:27+08:00,2025-09-05 11:12:19,2025-09-05 11:12:41
518880,黄金ETF,7.769,7.766,-0.04,2025-09-05 11:12:24+08:00,2025-09-05 11:12:19,2025-09-05 11:12:41
518680,金ETF,8.108,8.1027,-0.07,2025-09-05 11:12:24+08:00,2025-09-05 11:12:19,2025-09-05 11:12:41
518660,黄金ETF基金,7.763,7.7614,-0.02,2025-09-05 11:12:23+08:00,2025-09-05 11:12:19,2025-09-05 11:12:41
159974,央企创新ETF,1.667,1.6674,0.02,2025-09-05 11:12:27+08:00,2025-09-05 11:12:19,2025-09-05 11:12:41
518800,黄金基金ETF,7.675,7.6722,-0.04,2025-09-05 11:12:22+08:00,2025-09-05 11:12:19,2025-09-05 11:12:41
159831,上海金ETF嘉实,7.844,7.8434,-0.01,2025-09-05 11:12:33+08:00,2025-09-05 11:12:19,2025-09-05 11:12:41
159302,港股高股息ETF,1.292,1.2979,0.45,2025-09-05 11:12:36+08:00,2025-09-05 11:12:19,2025-09-05 11:12:41
159812,黄金基金ETF,7.741,7.7378,-0.04,2025-09-05 11:12:33+08:00,2025-09-05 11:12:19,2025-09-05 11:12:41
159851,金融科技ETF,0.905,0.9058,0.09,2025-09-05 11:12:33+08:00,2025-09-05 11:12:19,2025-09-05 11:12:41
159329,沙特ETF,0.923,0.9213,-0.18,2025-09-05 11:12:36+08:00,2025-09-05 11:12:19,2025-09-05 11:12:41
515210,钢铁ETF,1.361,1.3599,-0.08,2025-09-05 11:12:26+08:00,2025-09-05 11:12:19,2025-09-05 11:12:41
518850,黄金ETF华夏,7.814,7.8116,-0.03,2025-09-05 11:12:24+08:00,2025-09-05 11:12:19,2025-09-05 11:12:41
159960,恒生中国企业ETF,0.921,0.9241,0.34,2025-09-05 11:12:24+08:00,2025-09-05 11:12:19,2025-09-05 11:12:41
515130,沪深300ETF博时,1.427,1.4279,0.06,2025-09-05 11:12:23+08:00,2025-09-05 11:12:19,2025-09-05 11:12:41
159263,价值ETF,1.024,1.0263,0.22,2025-09-05 11:12:33+08:00,2025-09-05 11:12:19,2025-09-05 11:12:41
159959,央企ETF,1.504,1.5053,0.09,2025-09-05 11:12:24+08:00,2025-09-05 11:12:19,2025-09-05 11:12:41
159883,医疗器械ETF,0.539,0.5404,0.26,2025-09-05 11:12:27+08:00,2025-09-05 11:12:19,2025-09-05 11:12:41
159697,油气ETF,1.035,1.0343,-0.07,2025-09-05 11:12:30+08:00,2025-09-05 11:12:19,2025-09-05 11:12:41
159980,有色ETF,1.713,1.7131,0.01,2025-09-05 11:12:27+08:00,2025-09-05 11:12:19,2025-09-05 11:12:41
513830,港股红利ETF,1.158,1.1629,0.42,2025-09-05 11:12:28+08:00,2025-09-05 11:12:19,2025-09-05 11:12:41
562060,标普红利ETF,0.598,0.5982,0.03,2025-09-05 11:12:20+08:00,2025-09-05 11:12:19,2025-09-05 11:12:41
513820,港股红利ETF基金,1.247,1.2541,0.57,2025-09-05 11:12:26+08:00,2025-09-05 11:12:19,2025-09-05 11:12:41
159745,建材ETF,0.632,0.6331,0.17,2025-09-05 11:12:30+08:00,2025-09-05 11:12:19,2025-09-05 11:12:41
159981,能源化工ETF,1.295,1.2942,-0.06,2025-09-05 11:12:27+08:00,2025-09-05 11:12:19,2025-09-05 11:12:41
512960,央企结构调整ETF,1.345,1.3491,0.3,2025-09-05 11:12:28+08:00,2025-09-05 11:12:19,2025-09-05 11:12:41
516100,金融科技ETF华夏,1.48,1.4842,0.28,2025-09-05 11:12:26+08:00,2025-09-05 11:12:19,2025-09-05 11:12:41
512950,央企改革ETF,1.391,1.3928,0.13,2025-09-05 11:12:26+08:00,2025-09-05 11:12:19,2025-09-05 11:12:41
159687,亚太精选ETF,1.451,1.447,-0.28,2025-09-05 11:12:33+08:00,2025-09-05 11:12:19,2025-09-05 11:12:41
588180,科创50ETF基金,0.795,0.8051,1.25,2025-09-05 11:12:19+08:00,2025-09-05 11:12:19,2025-09-05 11:12:41
515600,央企创新ETF,1.535,1.5378,0.18,2025-09-05 11:12:26+08:00,2025-09-05 11:12:19,2025-09-05 11:12:41
512150,A50ETF,1.818,1.8181,0.01,2025-09-05 11:12:30+08:00,2025-09-05 11:12:19,2025-09-05 11:12:41
520830,沙特ETF,0.911,0.9105,-0.05,2025-09-05 11:12:23+08:00,2025-09-05 11:12:19,2025-09-05 11:12:41
159798,消费ETF易方达,0.969,0.9688,-0.02,2025-09-05 11:12:09+08:00,2025-09-05 11:12:19,2025-09-05 11:12:41
159208,航天航空ETF,1.127,1.1267,-0.03,2025-09-05 11:12:39+08:00,2025-09-05 11:12:19,2025-09-05 11:12:41
516970,基建50ETF,1.137,1.1379,0.08,2025-09-05 11:12:22+08:00,2025-09-05 11:12:19,2025-09-05 11:12:41
560080,中药ETF,1.102,1.1022,0.02,2025-09-05 11:12:20+08:00,2025-09-05 11:12:19,2025-09-05 11:12:41
159207,高股息ETF,1.083,1.0816,-0.13,2025-09-05 11:12:15+08:00,2025-09-05 11:12:19,2025-09-05 11:12:41
510760,上证综指ETF,1.216,1.219,0.25,2025-09-05 11:12:30+08:00,2025-09-05 11:12:19,2025-09-05 11:12:41
512200,房地产ETF,1.477,1.4782,0.08,2025-09-05 11:12:28+08:00,2025-09-05 11:12:19,2025-09-05 11:12:41
159333,港股央企红利ETF,1.398,1.4054,0.53,2025-09-05 11:12:36+08:00,2025-09-05 11:12:19,2025-09-05 11:12:41
159519,港股国企ETF,1.617,1.6227,0.35,2025-09-05 11:12:33+08:00,2025-09-05 11:12:19,2025-09-05 11:12:41
510130,上证中盘ETF易方达,6.804,6.8298,0.38,2025-09-05 11:12:28+08:00,2025-09-05 11:12:19,2025-09-05 11:12:41
510680,上证50ETF基金,3.091,3.0928,0.06,2025-09-05 11:12:31+08:00,2025-09-05 11:12:19,2025-09-05 11:12:41
510190,上证50ETF指数基金,4.217,4.2235,0.15,2025-09-05 11:12:29+08:00,2025-09-05 11:12:19,2025-09-05 11:12:41
511850,财富宝ETF,100.028,,,2025-09-05 11:12:25+08:00,2025-09-05 11:12:19,2025-09-05 11:12:41
513520,日经ETF,1.608,1.596,-0.75,2025-09-05 11:12:29+08:00,2025-09-05 11:12:19,2025-09-05 11:12:41
515560,证券ETF建信,1.14,1.1382,-0.16,2025-09-05 11:12:26+08:00,2025-09-05 11:12:19,2025-09-05 11:12:41
516560,养老ETF,0.899,0.897,-0.22,2025-09-05 11:12:24+08:00,2025-09-05 11:12:19,2025-09-05 11:12:41
515650,消费50ETF,1.201,1.2014,0.03,2025-09-05 11:12:25+08:00,2025-09-05 11:12:19,2025-09-05 11:12:41
511990,华宝添益ETF,100.007,,,2025-09-05 11:12:29+08:00,2025-09-05 11:12:19,2025-09-05 11:12:41
159866,日经ETF,1.203,1.195,-0.67,2025-09-05 11:12:27+08:00,2025-09-05 11:12:19,2025-09-05 11:12:41
159692,证券ETF东财,1.36,1.3582,-0.13,2025-09-05 11:12:33+08:00,2025-09-05 11:12:19,2025-09-05 11:12:41
159891,医疗ETF基金,0.475,0.4721,-0.61,2025-09-05 11:12:15+08:00,2025-09-05 11:12:19,2025-09-05 11:12:41
159003,招商快线ETF,99.999,,,2025-09-05 11:10:54+08:00,2025-09-05 11:12:19,2025-09-05 11:12:41
560700,央企红利50ETF,1.131,1.1307,-0.03,2025-09-05 11:12:22+08:00,2025-09-05 11:12:19,2025-09-05 11:12:41
520580,新兴亚洲ETF,1.01,1.0117,0.17,2025-09-05 11:12:23+08:00,2025-09-05 11:12:19,2025-09-05 11:12:41
159001,货币ETF,99.999,,,2025-09-05 11:12:12+08:00,2025-09-05 11:12:19,2025-09-05 11:12:41
159529,标普消费ETF,1.43,1.2946,-10.46,2025-09-05 11:12:33+08:00,2025-09-05 11:12:19,2025-09-05 11:12:41
511620,货币基金ETF,100.014,,,2025-09-05 11:12:13+08:00,2025-09-05 11:12:19,2025-09-05 11:12:41
511700,场内货币ETF,100.013,,,2025-09-05 11:12:23+08:00,2025-09-05 11:12:19,2025-09-05 11:12:41
511690,交易货币ETF,100.007,,,2025-09-05 11:12:07+08:00,2025-09-05 11:12:19,2025-09-05 11:12:41
510980,上证综合ETF,1.306,1.308,0.15,2025-09-05 11:12:30+08:00,2025-09-05 11:12:19,2025-09-05 11:12:41
511900,富国货币ETF,100.012,,,2025-09-05 11:12:30+08:00,2025-09-05 11:12:19,2025-09-05 11:12:41
511810,理财金货币ETF,100.007,,,2025-09-05 11:12:05+08:00,2025-09-05 11:12:19,2025-09-05 11:12:41
510810,上海国企ETF,0.905,0.906,0.11,2025-09-05 11:12:31+08:00,2025-09-05 11:12:19,2025-09-05 11:12:41
510210,上证指数ETF,0.949,0.95,0.11,2025-09-05 11:12:27+08:00,2025-09-05 11:12:19,2025-09-05 11:12:41
515680,央企创新ETF嘉实,1.54,1.5428,0.18,2025-09-05 11:12:27+08:00,2025-09-05 11:12:19,2025-09-05 11:12:41
159005,汇添富快钱ETF,99.999,,,2025-09-05 11:11:54+08:00,2025-09-05 11:12:19,2025-09-05 11:12:41
511660,货币ETF建信添益,100.014,,,2025-09-05 11:12:30+08:00,2025-09-05 11:12:19,2025-09-05 11:12:41
511880,银华日利ETF,100.864,,,2025-09-05 11:12:29+08:00,2025-09-05 11:12:19,2025-09-05 11:12:41
511800,易方达货币ETF,100.032,,,2025-09-05 11:12:02+08:00,2025-09-05 11:12:19,2025-09-05 11:12:41
511160,国债ETF东财,100.456,,,2025-09-05 11:12:25+08:00,2025-09-05 11:12:19,2025-09-05 11:12:41
513140,港股金融ETF,1.504,1.5079,0.26,2025-09-05 11:12:29+08:00,2025-09-05 11:12:19,2025-09-05 11:12:41
516200,证券ETF指数基金,1.19,1.1895,-0.04,2025-09-05 11:12:25+08:00,2025-09-05 11:12:19,2025-09-05 11:12:41
561000,沪深300ETF增强基金,1.239,1.2398,0.06,2025-09-05 11:12:17+08:00,2025-09-05 11:12:19,2025-09-05 11:12:41
512570,证券ETF易方达,1.245,1.2445,-0.04,2025-09-05 11:12:28+08:00,2025-09-05 11:12:19,2025-09-05 11:12:41
159993,证券ETF龙头,1.328,1.3278,-0.02,2025-09-05 11:12:24+08:00,2025-09-05 11:12:19,2025-09-05 11:12:41
512900,证券ETF南方,1.232,1.2315,-0.04,2025-09-05 11:12:29+08:00,2025-09-05 11:12:19,2025-09-05 11:12:41
159228,红利低波ETF长城,1.03,1.0306,0.06,2025-09-05 11:12:30+08:00,2025-09-05 11:12:19,2025-09-05 11:12:41
512550,富时A50ETF嘉实,1.709,1.7105,0.09,2025-09-05 11:12:29+08:00,2025-09-05 11:12:19,2025-09-05 11:12:41
513800,日本东证指数ETF,1.59,1.5987,0.54,2025-09-05 11:12:27+08:00,2025-09-05 11:12:19,2025-09-05 11:12:41
513880,日经225ETF,1.491,1.4779,-0.89,2025-09-05 11:12:29+08:00,2025-09-05 11:12:19,2025-09-05 11:12:41
515010,券商ETF基金,1.425,1.4243,-0.05,2025-09-05 11:12:26+08:00,2025-09-05 11:12:19,2025-09-05 11:12:41
515060,房地产ETF基金,0.702,0.7036,0.23,2025-09-05 11:12:23+08:00,2025-09-05 11:12:19,2025-09-05 11:12:41
512600,消费ETF嘉实,0.727,0.7267,-0.04,2025-09-05 11:12:28+08:00,2025-09-05 11:12:19,2025-09-05 11:12:41
515200,创新100ETF,1.937,1.9593,1.14,2025-09-05 11:12:24+08:00,2025-09-05 11:12:19,2025-09-05 11:12:41
510800,50ETF基金,1.367,1.3673,0.02,2025-09-05 11:12:29+08:00,2025-09-05 11:12:19,2025-09-05 11:12:41
530000,上证50ETF天弘,1.341,1.3411,0.01,2025-09-05 11:12:22+08:00,2025-09-05 11:12:19,2025-09-05 11:12:41
159865,养殖ETF,0.636,0.6355,-0.08,2025-09-05 11:12:30+08:00,2025-09-05 11:12:19,2025-09-05 11:12:41
159707,地产ETF,0.637,0.6376,0.09,2025-09-05 11:12:33+08:00,2025-09-05 11:12:19,2025-09-05 11:12:41
159549,红利低波ETF天弘,1.193,1.1946,0.13,2025-09-05 11:12:33+08:00,2025-09-05 11:12:19,2025-09-05 11:12:41
563180,高股息ETF,1.082,1.0804,-0.15,2025-09-05 11:12:18+08:00,2025-09-05 11:12:19,2025-09-05 11:12:41
159841,证券ETF,1.128,1.1284,0.04,2025-09-05 11:12:33+08:00,2025-09-05 11:12:19,2025-09-05 11:12:41
530050,上证50ETF东财,1.133,1.1359,0.26,2025-09-05 11:12:23+08:00,2025-09-05 11:12:19,2025-09-05 11:12:41
515220,煤炭ETF,1.041,1.0394,-0.15,2025-09-05 11:12:26+08:00,2025-09-05 11:12:19,2025-09-05 11:12:41
159307,红利低波100ETF,1.076,1.0758,-0.02,2025-09-05 11:12:36+08:00,2025-09-05 11:12:19,2025-09-05 11:12:41
515080,中证红利ETF,1.564,1.5639,-0.01,2025-09-05 11:12:26+08:00,2025-09-05 11:12:19,2025-09-05 11:12:41
562870,证券ETF嘉实,1.045,1.0437,-0.12,2025-09-05 11:12:18+08:00,2025-09-05 11:12:19,2025-09-05 11:12:41
159848,证券ETF基金,0.991,0.9896,-0.14,2025-09-05 11:12:30+08:00,2025-09-05 11:12:19,2025-09-05 11:12:41
515180,红利ETF易方达,1.411,1.4108,-0.01,2025-09-05 11:12:25+08:00,2025-09-05 11:12:19,2025-09-05 11:12:41
512880,证券ETF,1.245,1.245,0.0,2025-09-05 11:12:29+08:00,2025-09-05 11:12:19,2025-09-05 11:12:41
159842,券商ETF,1.18,1.1794,-0.05,2025-09-05 11:12:33+08:00,2025-09-05 11:12:19,2025-09-05 11:12:41
516670,畜牧养殖ETF,0.702,0.7019,-0.01,2025-09-05 11:12:24+08:00,2025-09-05 11:12:19,2025-09-05 11:12:41
515890,红利ETF博时,1.438,1.4386,0.04,2025-09-05 11:12:26+08:00,2025-09-05 11:12:19,2025-09-05 11:12:41
516760,养殖ETF,0.678,0.6788,0.12,2025-09-05 11:12:22+08:00,2025-09-05 11:12:19,2025-09-05 11:12:41
159581,红利ETF基金,1.048,1.0479,-0.01,2025-09-05 11:12:33+08:00,2025-09-05 11:12:19,2025-09-05 11:12:41
513190,港股通金融ETF,1.675,1.6818,0.4,2025-09-05 11:12:26+08:00,2025-09-05 11:12:19,2025-09-05 11:12:41
513750,港股通非银ETF,1.65,1.6541,0.25,2025-09-05 11:12:28+08:00,2025-09-05 11:12:19,2025-09-05 11:12:41
159296,A500红利低波ETF,0.993,0.9931,0.01,2025-09-05 11:12:33+08:00,2025-09-05 11:12:19,2025-09-05 11:12:41
159867,畜牧ETF,0.646,0.6474,0.22,2025-09-05 11:12:27+08:00,2025-09-05 11:12:19,2025-09-05 11:12:41
560680,消费ETF龙头,0.932,0.9322,0.02,2025-09-05 11:12:21+08:00,2025-09-05 11:12:19,2025-09-05 11:12:41
561580,央企红利ETF,1.264,1.2642,0.02,2025-09-05 11:12:22+08:00,2025-09-05 11:12:19,2025-09-05 11:12:41
515850,券商指数ETF,1.529,1.5306,0.1,2025-09-05 11:12:25+08:00,2025-09-05 11:12:19,2025-09-05 11:12:41
515100,红利低波100ETF,1.532,1.5316,-0.03,2025-09-05 11:12:24+08:00,2025-09-05 11:12:19,2025-09-05 11:12:41
512000,券商ETF,0.595,0.5951,0.02,2025-09-05 11:12:31+08:00,2025-09-05 11:12:19,2025-09-05 11:12:41
159928,消费ETF,0.855,0.8538,-0.14,2025-09-05 11:12:27+08:00,2025-09-05 11:12:19,2025-09-05 11:12:41
560090,证券ETF龙头,1.335,1.3356,0.04,2025-09-05 11:12:20+08:00,2025-09-05 11:12:19,2025-09-05 11:12:41
159930,能源ETF,1.319,1.32,0.08,2025-09-05 11:12:27+08:00,2025-09-05 11:12:19,2025-09-05 11:12:41
562320,沪深300价值ETF,1.315,1.3159,0.07,2025-09-05 11:12:18+08:00,2025-09-05 11:12:19,2025-09-05 11:12:41
512530,沪深300红利ETF,1.57,1.569,-0.06,2025-09-05 11:12:30+08:00,2025-09-05 11:12:19,2025-09-05 11:12:41
159940,金融地产ETF,1.277,1.2785,0.12,2025-09-05 11:12:27+08:00,2025-09-05 11:12:19,2025-09-05 11:12:41
159736,食品饮料ETF天弘,0.739,0.7386,-0.05,2025-09-05 11:12:30+08:00,2025-09-05 11:12:19,2025-09-05 11:12:41
513290,纳指生物科技ETF,1.24,1.2348,-0.42,2025-09-05 11:12:28+08:00,2025-09-05 11:12:19,2025-09-05 11:12:41
510630,消费30ETF,0.967,0.9667,-0.03,2025-09-05 11:12:30+08:00,2025-09-05 11:12:19,2025-09-05 11:12:41
159766,旅游ETF,0.717,0.7163,-0.1,2025-09-05 11:12:33+08:00,2025-09-05 11:12:19,2025-09-05 11:12:41
515630,保险证券ETF,1.419,1.4184,-0.04,2025-09-05 11:12:25+08:00,2025-09-05 11:12:19,2025-09-05 11:12:41
515450,红利低波50ETF,1.409,1.4083,-0.05,2025-09-05 11:12:24+08:00,2025-09-05 11:12:19,2025-09-05 11:12:41
515300,300红利低波ETF,1.364,1.3628,-0.09,2025-09-05 11:12:25+08:00,2025-09-05 11:12:19,2025-09-05 11:12:41
159843,食品饮料ETF,0.678,0.6778,-0.03,2025-09-05 11:12:33+08:00,2025-09-05 11:12:19,2025-09-05 11:12:41
515710,食品ETF,0.633,0.6328,-0.03,2025-09-05 11:12:26+08:00,2025-09-05 11:12:19,2025-09-05 11:12:41
159355,800红利低波ETF,1.049,1.0493,0.03,2025-09-05 11:12:30+08:00,2025-09-05 11:12:19,2025-09-05 11:12:41
512690,酒ETF,0.609,0.608,-0.16,2025-09-05 11:12:27+08:00,2025-09-05 11:12:19,2025-09-05 11:12:41
510200,上证券商ETF,1.308,1.3076,-0.03,2025-09-05 11:12:29+08:00,2025-09-05 11:12:19,2025-09-05 11:12:41
159525,红利低波ETF,1.105,1.1046,-0.04,2025-09-05 11:12:33+08:00,2025-09-05 11:12:19,2025-09-05 11:12:41
512070,证券保险ETF,0.876,0.8755,-0.06,2025-09-05 11:12:30+08:00,2025-09-05 11:12:19,2025-09-05 11:12:41
563020,红利低波动ETF,1.226,1.225,-0.08,2025-09-05 11:12:18+08:00,2025-09-05 11:12:19,2025-09-05 11:12:41
560150,红利低波ETF泰康,1.175,1.1749,-0.01,2025-09-05 11:12:20+08:00,2025-09-05 11:12:19,2025-09-05 11:12:41
517900,银行AH优选ETF,1.512,1.5143,0.15,2025-09-05 11:12:22+08:00,2025-09-05 11:12:19,2025-09-05 11:12:41
515290,银行ETF天弘,1.487,1.4856,-0.09,2025-09-05 11:12:24+08:00,2025-09-05 11:12:19,2025-09-05 11:12:41
517180,中国国企ETF,1.483,1.4832,0.01,2025-09-05 11:12:23+08:00,2025-09-05 11:12:19,2025-09-05 11:12:41
159502,标普生物科技ETF,0.988,0.9849,-0.31,2025-09-05 11:12:18+08:00,2025-09-05 11:12:19,2025-09-05 11:12:41
516900,食品饮料ETF基金,0.624,0.6232,-0.13,2025-09-05 11:12:22+08:00,2025-09-05 11:12:19,2025-09-05 11:12:41
159547,红利低波ETF基金,1.222,1.2219,-0.01,2025-09-05 11:12:33+08:00,2025-09-05 11:12:19,2025-09-05 11:12:41
510030,价值ETF,1.075,1.0763,0.12,2025-09-05 11:12:27+08:00,2025-09-05 11:12:19,2025-09-05 11:12:41
512890,红利低波ETF,1.182,1.1812,-0.07,2025-09-05 11:12:29+08:00,2025-09-05 11:12:19,2025-09-05 11:12:41
515170,食品饮料ETF,0.594,0.5948,0.13,2025-09-05 11:12:27+08:00,2025-09-05 11:12:19,2025-09-05 11:12:41
510060,央企ETF,2.628,2.6308,0.11,2025-09-05 11:12:27+08:00,2025-09-05 11:12:19,2025-09-05 11:12:41
562510,旅游ETF,0.723,0.7229,-0.01,2025-09-05 11:12:18+08:00,2025-09-05 11:12:19,2025-09-05 11:12:41
517090,央企共赢ETF,1.53,1.5329,0.19,2025-09-05 11:12:23+08:00,2025-09-05 11:12:19,2025-09-05 11:12:41
510720,红利国企ETF,0.961,0.9598,-0.13,2025-09-05 11:12:30+08:00,2025-09-05 11:12:19,2025-09-05 11:12:41
510880,红利ETF,3.149,3.1471,-0.06,2025-09-05 11:12:28+08:00,2025-09-05 11:12:19,2025-09-05 11:12:41
563700,红利价值ETF,1.048,1.0485,0.05,2025-09-05 11:12:19+08:00,2025-09-05 11:12:19,2025-09-05 11:12:41
510230,金融ETF,1.373,1.3734,0.03,2025-09-05 11:12:29+08:00,2025-09-05 11:12:19,2025-09-05 11:12:41
516210,银行ETF指数基金,1.41,1.4099,-0.01,2025-09-05 11:12:25+08:00,2025-09-05 11:12:19,2025-09-05 11:12:41
512730,银行ETF指数,1.698,1.6976,-0.02,2025-09-05 11:12:28+08:00,2025-09-05 11:12:19,2025-09-05 11:12:41
516310,银行ETF易方达,1.367,1.3661,-0.07,2025-09-05 11:12:24+08:00,2025-09-05 11:12:19,2025-09-05 11:12:41
512800,银行ETF,0.83,0.8293,-0.08,2025-09-05 11:12:29+08:00,2025-09-05 11:12:19,2025-09-05 11:12:41
512700,银行ETF南方,1.677,1.6768,-0.01,2025-09-05 11:12:26+08:00,2025-09-05 11:12:19,2025-09-05 11:12:41
515020,银行ETF基金,1.756,1.7576,0.09,2025-09-05 11:12:26+08:00,2025-09-05 11:12:19,2025-09-05 11:12:41
512820,银行ETF龙头,1.454,1.455,0.07,2025-09-05 11:12:26+08:00,2025-09-05 11:12:19,2025-09-05 11:12:41
159887,银行ETF,1.349,1.3493,0.02,2025-09-05 11:12:27+08:00,2025-09-05 11:12:19,2025-09-05 11:12:41
